Number,NumberMurA,NumberGlcN,AuthorID,Gram,Kingdom,Phylum,Class,Order,Genus,Species,GlcN,MurA,Reference
1,1,0,416,GP,Bacteria,Actinomycetota,Actinomycetia,Micrococcales,Arthrobacter,Arthrobacter globiformis,0,10.98,Salas et al. 2024
2,2,0,417,GP,Bacteria,Actinomycetota,Actinomycetia,Micrococcales,Arthrobacter,Arthrobacter tecti,0,19.78,Salas et al. 2024
3,3,0,25,GP,Bacteria,Actinomycetota,Actinomycetia,Actinomycetales,Actinomyces,Actinomyces humiferus,0,10.4,Appuhn and Joergensen 2006
4,4,0,26,GP,Bacteria,Actinomycetota,Actinomycetia,Actinomycetales,Actinomyces,Actinomyces odontolyticus,0,33.4,Appuhn and Joergensen 2006
5,5,0,50,GP,Bacteria,Actinomycetota,Actinomycetia,Actinomycetales,Actinomyces,Actinomyces humiferus,0,10.4,Hu et al. 2024
6,6,0,51,GP,Bacteria,Actinomycetota,Actinomycetia,Actinomycetales,Actinomyces,Actinomyces odontolyticus,0,33.4,Hu et al. 2024
7,7,0,52,GP,Bacteria,Actinomycetota,Actinomycetia,Actinomycetales,Actinomyces,Actinomyces odontolyticus,0,33.4,Hu et al. 2024
8,8,0,53,GP,Bacteria,Actinomycetota,Actinomycetia,Actinomycetales,Actinomyces,Actinomyces viscosus,0,44,Hu et al. 2024
9,9,0,437,GP,Bacteria,Firmicutes,Bacilli,Bacillales,Bacillus,Bacillus subtilis,0,11.39,Salas et al. 2024
10,10,0,54,GP,Bacteria,Actinomycetota,Actinomycetia,Actinopolysporales,Actinopolyspora,Actinopolyspora halophila,0,29.79,Hu et al. 2024
11,11,0,55,GP,Bacteria,Actinomycetota,Actinomycetia,Actinopolysporales,Actinopolyspora,Actinopolyspora halophila,0,28.62,Hu et al. 2024
12,12,0,2,GN,Bacteria,Pseudomonadota,Gammaproteobacteria,Aeromonadales,Aeromonas,Aeromonas salmonicida,0,3.9,Appuhn and Joergensen 2006
13,13,0,61,GN,Bacteria,Pseudomonadota,Gammaproteobacteria,Aeromonadales,Aeromonas,Aeromonas salmonicida,0,3.9,Hu et al. 2024
14,14,0,62,GN,Bacteria,Pseudomonadota,Gammaproteobacteria,Aeromonadales,Aeromonas,Aeromonas salmonicida,0,3.9,Hu et al. 2024
15,15,0,30,GP,Bacteria,Firmicutes,Bacilli,Bacillales,Bacillus,Bacillus alvei,0,30.7,Appuhn and Joergensen 2006
16,16,0,31,GP,Bacteria,Firmicutes,Bacilli,Bacillales,Bacillus,Bacillus cereus,0,32,Appuhn and Joergensen 2006
17,17,0,32,GP,Bacteria,Firmicutes,Bacilli,Bacillales,Bacillus,Bacillus cereus,0,42.2,Appuhn and Joergensen 2006
18,18,0,33,GP,Bacteria,Firmicutes,Bacilli,Bacillales,Bacillus,Bacillus megaterium,0,19.1,Appuhn and Joergensen 2006
19,19,0,34,GP,Bacteria,Firmicutes,Bacilli,Bacillales,Bacillus,Bacillus polymyxa,0,1.7,Appuhn and Joergensen 2006
20,20,0,35,GP,Bacteria,Firmicutes,Bacilli,Bacillales,Bacillus,Bacillus sp.,0,19.8,Appuhn and Joergensen 2006
21,21,0,36,GP,Bacteria,Firmicutes,Bacilli,Bacillales,Bacillus,Bacillus subtilis,0,19.4,Appuhn and Joergensen 2006
22,22,0,37,GP,Bacteria,Firmicutes,Bacilli,Bacillales,Bacillus,Bacillus subtilis,0,39.8,Appuhn and Joergensen 2006
23,23,0,79,GP,Bacteria,Firmicutes,Bacilli,Bacillales,Bacillus,Bacillus subtilis,0,39.8,Hu et al. 2024
24,24,0,80,GP,Bacteria,Firmicutes,Bacilli,Bacillales,Bacillus,Bacillus alvei,0,30.7,Hu et al. 2024
25,25,0,81,GP,Bacteria,Firmicutes,Bacilli,Bacillales,Bacillus,Bacillus cereus,0,48.48,Hu et al. 2024
26,26,0,82,GP,Bacteria,Firmicutes,Bacilli,Bacillales,Bacillus,Bacillus cereus,0,0.93,Hu et al. 2024
27,27,0,83,GP,Bacteria,Firmicutes,Bacilli,Bacillales,Bacillus,Bacillus cereus,0,3.2,Hu et al. 2024
28,28,0,84,GP,Bacteria,Firmicutes,Bacilli,Bacillales,Bacillus,Bacillus cereus,0,24.53,Hu et al. 2024
29,29,0,85,GP,Bacteria,Firmicutes,Bacilli,Bacillales,Bacillus,Bacillus cereus,0,11.68,Hu et al. 2024
30,30,0,86,GP,Bacteria,Firmicutes,Bacilli,Bacillales,Bacillus,Bacillus cereus,0,3.2,Hu et al. 2024
31,31,0,87,GP,Bacteria,Firmicutes,Bacilli,Bacillales,Bacillus,Bacillus cereus,0,42.2,Hu et al. 2024
32,32,0,88,GP,Bacteria,Firmicutes,Bacilli,Bacillales,Bacillus,Bacillus globigii,0,5.6,Hu et al. 2024
33,33,0,89,GP,Bacteria,Firmicutes,Bacilli,Bacillales,Bacillus,Bacillus megaterium,0,29.21,Hu et al. 2024
34,34,0,90,GP,Bacteria,Firmicutes,Bacilli,Bacillales,Bacillus,Bacillus megaterium,0,2.34,Hu et al. 2024
35,35,0,91,GP,Bacteria,Firmicutes,Bacilli,Bacillales,Bacillus,Bacillus megaterium,0,19.1,Hu et al. 2024
36,36,0,92,GP,Bacteria,Firmicutes,Bacilli,Bacillales,Bacillus,Bacillus pasteurii,0,96.38,Hu et al. 2024
37,37,0,93,GP,Bacteria,Firmicutes,Bacilli,Bacillales,Bacillus,Bacillus polymyxa,0,2.84,Hu et al. 2024
38,38,0,94,GP,Bacteria,Firmicutes,Bacilli,Bacillales,Bacillus,Bacillus polymyxa,0,2.79,Hu et al. 2024
39,39,0,95,GP,Bacteria,Firmicutes,Bacilli,Bacillales,Bacillus,Bacillus polymyxa,0,2.6,Hu et al. 2024
40,40,0,96,GP,Bacteria,Firmicutes,Bacilli,Bacillales,Bacillus,Bacillus psychrophilus,0,70.09,Hu et al. 2024
41,41,0,97,GP,Bacteria,Firmicutes,Bacilli,Bacillales,Bacillus,Bacillus stearothermophilus,0,90.54,Hu et al. 2024
42,42,0,98,GP,Bacteria,Firmicutes,Bacilli,Bacillales,Bacillus,Bacillus stearothermophilus,0,45.56,Hu et al. 2024
43,43,0,99,GP,Bacteria,Firmicutes,Bacilli,Bacillales,Bacillus,Bacillus stearothermophilus,0,32.71,Hu et al. 2024
44,44,0,100,GP,Bacteria,Firmicutes,Bacilli,Bacillales,Bacillus,Bacillus stearothermophilus,0,28.04,Hu et al. 2024
45,45,0,101,GP,Bacteria,Firmicutes,Bacilli,Bacillales,Bacillus,Bacillus stearothermophilus,0,75.93,Hu et al. 2024
46,46,0,102,GP,Bacteria,Firmicutes,Bacilli,Bacillales,Bacillus,Bacillus stearothermophilus,0,32.71,Hu et al. 2024
47,47,0,103,GP,Bacteria,Firmicutes,Bacilli,Bacillales,Bacillus,Bacillus subtilis,0,75.02,Hu et al. 2024
48,48,0,104,GP,Bacteria,Firmicutes,Bacilli,Bacillales,Bacillus,Bacillus subtilis,0,25.7,Hu et al. 2024
49,49,0,105,GP,Bacteria,Firmicutes,Bacilli,Bacillales,Bacillus,Bacillus subtilis,0,10.7,Hu et al. 2024
50,50,0,106,GP,Bacteria,Firmicutes,Bacilli,Bacillales,Bacillus,Bacillus subtilis,0,12.9,Hu et al. 2024
51,51,0,107,GP,Bacteria,Firmicutes,Bacilli,Bacillales,Bacillus,Bacillus subtilis,0,4.8,Hu et al. 2024
52,52,0,108,GP,Bacteria,Firmicutes,Bacilli,Bacillales,Bacillus,Bacillus subtilis,0,47.7,Hu et al. 2024
53,53,0,109,GP,Bacteria,Firmicutes,Bacilli,Bacillales,Bacillus,Bacillus subtilis,0,18,Hu et al. 2024
54,54,0,110,GP,Bacteria,Firmicutes,Bacilli,Bacillales,Bacillus,Bacillus subtilis,0,37,Hu et al. 2024
55,55,0,111,GP,Bacteria,Firmicutes,Bacilli,Bacillales,Bacillus,Bacillus subtilis,0,31.26,Hu et al. 2024
56,56,0,112,GP,Bacteria,Firmicutes,Bacilli,Bacillales,Bacillus,Bacillus subtilis,0,27.93,Hu et al. 2024
57,57,0,113,GP,Bacteria,Firmicutes,Bacilli,Bacillales,Bacillus,Bacillus subtilis,0,27.54,Hu et al. 2024
58,58,0,114,GP,Bacteria,Firmicutes,Bacilli,Bacillales,Bacillus,Bacillus subtilis,0,22.67,Hu et al. 2024
59,59,0,115,GP,Bacteria,Firmicutes,Bacilli,Bacillales,Bacillus,Bacillus subtilis,0,20.27,Hu et al. 2024
60,60,0,116,GP,Bacteria,Firmicutes,Bacilli,Bacillales,Bacillus,Bacillus subtilis,0,12.9,Hu et al. 2024
61,61,0,439,GP,Bacteria,Firmicutes,Bacilli,Bacillales,Bacillus,Bacillus subtilis,0,31.96,Salas et al. 2024
62,62,0,438,GP,Bacteria,Firmicutes,Bacilli,Bacillales,Bacillus,Bacillus subtilis,0,38.26,Salas et al. 2024
63,63,0,436,GP,Bacteria,Firmicutes,Bacilli,Bacillales,Bacillus,Bacillus subtilis,0,63.28,Salas et al. 2024
64,64,0,406,GN,Bacteria,Pseudomonadota,Alphaproteobacteria,Rhizobiales,Chelativorans,Chelativorans multitrophicus,0,16.68,Salas et al. 2024
65,65,0,194,GP,Bacteria,Bacilliota,Bacilli,Bacillales,Gaffkya,Gaffkya homari,0,54.32,Hu et al. 2024
66,66,0,45,GP,Bacteria,Firmicutes,Bacilli,Bacillales,Staphylococcus,Staphylococcus aureus,0,25.6,Appuhn and Joergensen 2006
67,67,0,325,GP,Bacteria,Firmicutes,Bacilli,Bacillales,Staphylococcus,Staphylococcus aureus,0,30.96,Hu et al. 2024
68,68,0,326,GP,Bacteria,Firmicutes,Bacilli,Bacillales,Staphylococcus,Staphylococcus aureus,0,2.25,Hu et al. 2024
69,69,0,327,GP,Bacteria,Firmicutes,Bacilli,Bacillales,Staphylococcus,Staphylococcus aureus,0,25.6,Hu et al. 2024
70,70,0,328,GP,Bacteria,Firmicutes,Bacilli,Bacillales,Staphylococcus,Staphylococcus aureus,0,29,Hu et al. 2024
71,71,0,329,GP,Bacteria,Firmicutes,Bacilli,Bacillales,Staphylococcus,Staphylococcus aureus,0,42.32,Hu et al. 2024
72,72,0,330,GP,Bacteria,Firmicutes,Bacilli,Bacillales,Staphylococcus,Staphylococcus aureus,0,25.6,Hu et al. 2024
73,73,0,331,GP,Bacteria,Firmicutes,Bacilli,Bacillales,Staphylococcus,Staphylococcus cocci,0,33.3,Hu et al. 2024
74,74,0,332,GP,Bacteria,Firmicutes,Bacilli,Bacillales,Staphylococcus,Staphylococcus cocci,0,32.5,Hu et al. 2024
75,75,0,333,GP,Bacteria,Firmicutes,Bacilli,Bacillales,Staphylococcus,Staphylococcus cocci,0,32,Hu et al. 2024
76,76,0,334,GP,Bacteria,Firmicutes,Bacilli,Bacillales,Staphylococcus,Staphylococcus cocci,0,30.2,Hu et al. 2024
77,77,0,335,GP,Bacteria,Firmicutes,Bacilli,Bacillales,Staphylococcus,Staphylococcus cocci,0,29.2,Hu et al. 2024
78,78,0,336,GP,Bacteria,Firmicutes,Bacilli,Bacillales,Staphylococcus,Staphylococcus cocci,0,28.9,Hu et al. 2024
79,79,0,337,GP,Bacteria,Firmicutes,Bacilli,Bacillales,Staphylococcus,Staphylococcus cocci,0,27.8,Hu et al. 2024
80,80,0,338,GP,Bacteria,Firmicutes,Bacilli,Bacillales,Staphylococcus,Staphylococcus cocci,0,27.5,Hu et al. 2024
81,81,0,339,GP,Bacteria,Firmicutes,Bacilli,Bacillales,Staphylococcus,Staphylococcus cocci,0,26.8,Hu et al. 2024
82,82,0,340,GP,Bacteria,Firmicutes,Bacilli,Bacillales,Staphylococcus,Staphylococcus cocci,0,25,Hu et al. 2024
83,83,0,341,GP,Bacteria,Firmicutes,Bacilli,Bacillales,Staphylococcus,Staphylococcus epidermidis,0,19,Hu et al. 2024
84,84,0,415,GN,Bacteria,Verrucomicrobiota,Verrucomicrobiae,Chthoniobacterales,Chthoniobacter,Chthoniobacter flavus,0,3.81,Salas et al. 2024
85,85,0,407,GN,Bacteria,Pseudomonadota,Gammaproteobacteria,Enterobacterales,Enterobacter,Enterobacter aerogenes,0,0,Salas et al. 2024
86,86,0,412,GN,Bacteria,Pseudomonadota,Gammaproteobacteria,Enterobacterales,Escherichia,Escherichia coli,0,0,Salas et al. 2024
87,87,0,409,GN,Bacteria,Pseudomonadota,Gammaproteobacteria,Enterobacterales,Escherichia,Escherichia coli,0,0.24,Salas et al. 2024
88,88,0,324,GP,Bacteria,Firmicutes,Bacilli,Bacillales,Sporosarcina,Sporosarcina ureae,0,106.89,Hu et al. 2024
89,89,0,117,GN,Bacteria,Bacteroidota,Bacteroidia,Bacteroidales,Bacteroides,Bacteroides gingivalis,0,0.37,Hu et al. 2024
90,90,0,118,GP,Bacteria,Actinomycetota,Actinomycetia,Bifidobacteriales,Bifidobacterium,Bifidobacterium infantis,0,12.56,Hu et al. 2024
91,91,0,123,GN,Bacteria,Pseudomonadota,Epsilonproteobacteria,Campylobacterales,Campylobacter,Campylobacter coli,0,0.62,Hu et al. 2024
92,92,0,124,GN,Bacteria,Pseudomonadota,Epsilonproteobacteria,Campylobacterales,Campylobacter,Campylobacter fetus,0,0.7,Hu et al. 2024
93,93,0,125,GN,Bacteria,Pseudomonadota,Epsilonproteobacteria,Campylobacterales,Campylobacter,Campylobacter jejuni,0,0.73,Hu et al. 2024
94,94,0,268,GP,Bacteria,Firmicutes,Bacilli,Caryophanales,Planococcus,Planococcus sp.,0,46.14,Hu et al. 2024
95,95,0,126,GN,Bacteria,Chlamydiota,Chlamydiia,Chlamydiales,Chlamydia,Chlamydia trachomatis,0,0.2,Hu et al. 2024
96,96,0,127,GN,Bacteria,Chlamydiota,Chlamydiia,Chlamydiales,Chlamydia,Chlamydia trachomatis,0,0.2,Hu et al. 2024
97,97,0,410,GN,Bacteria,Pseudomonadota,Gammaproteobacteria,Enterobacterales,Escherichia,Escherichia coli,0,0.29,Salas et al. 2024
98,98,0,38,GP,Bacteria,Firmicutes,Clostridia,Clostridiales,Clostridium,Clostridum perfringens,0,3.4,Appuhn and Joergensen 2006
99,99,0,128,GP,Bacteria,Firmicutes,Clostridia,Clostridiales,Clostridium,Clostridium bifermentans,0,18.61,Hu et al. 2024
100,100,0,129,GP,Bacteria,Firmicutes,Clostridia,Clostridiales,Clostridium,Clostridium botulinum,0,33.9,Hu et al. 2024
101,101,0,130,GP,Bacteria,Firmicutes,Clostridia,Clostridiales,Clostridium,Clostridium histolyticum,0,7.01,Hu et al. 2024
102,102,0,131,GP,Bacteria,Firmicutes,Clostridia,Clostridiales,Clostridium,Clostridium histolyticum,0,15.67,Hu et al. 2024
103,103,0,132,GP,Bacteria,Firmicutes,Clostridia,Clostridiales,Clostridium,Clostridium perfringens,0,6.43,Hu et al. 2024
104,104,0,133,GP,Bacteria,Firmicutes,Clostridia,Clostridiales,Clostridium,Clostridium perfringens,0,16.65,Hu et al. 2024
105,105,0,134,GP,Bacteria,Firmicutes,Clostridia,Clostridiales,Clostridium,Clostridium perfringens,0,3.4,Hu et al. 2024
106,106,0,135,GP,Bacteria,Firmicutes,Clostridia,Clostridiales,Clostridium,Clostridium perfringens,0,2.9,Hu et al. 2024
107,107,0,136,GP,Bacteria,Firmicutes,Clostridia,Clostridiales,Clostridium,Clostridium perfringens,0,3.4,Hu et al. 2024
108,108,0,137,GP,Bacteria,Firmicutes,Clostridia,Clostridiales,Clostridium,Clostridium septicum,0,15.67,Hu et al. 2024
109,109,0,138,GP,Bacteria,Firmicutes,Clostridia,Clostridiales,Clostridium,Clostridium sporogenes,0,10.28,Hu et al. 2024
110,110,0,139,GP,Bacteria,Firmicutes,Clostridia,Clostridiales,Clostridium,Clostridium welchii,0,29.91,Hu et al. 2024
111,111,0,316,GP,Bacteria,Bacilliota,Clostridia,Clostridiales,Sarcina,Sarcina lutea,0,11.68,Hu et al. 2024
112,112,0,317,GP,Bacteria,Bacilliota,Clostridia,Clostridiales,Sarcina,Sarcina lutea,0,14.02,Hu et al. 2024
113,113,0,140,GP,Bacteria,Actinomycetota,Actinomycetia,Corynebacteriales,Corynebacterium,Corynebacterium anaerobicum,0,4.09,Hu et al. 2024
114,114,0,141,GP,Bacteria,Actinomycetota,Actinomycetia,Corynebacteriales,Corynebacterium,Corynebacterium anaerobicum,0,1.17,Hu et al. 2024
115,115,0,142,GP,Bacteria,Actinomycetota,Actinomycetia,Corynebacteriales,Corynebacterium,Corynebacterium betae,0,39.72,Hu et al. 2024
116,116,0,143,GP,Bacteria,Actinomycetota,Actinomycetia,Corynebacteriales,Corynebacterium,Corynebacterium betae,0,37.38,Hu et al. 2024
117,117,0,144,GP,Bacteria,Actinomycetota,Actinomycetia,Corynebacteriales,Corynebacterium,Corynebacterium fermentans,0,5.26,Hu et al. 2024
118,118,0,145,GP,Bacteria,Actinomycetota,Actinomycetia,Corynebacteriales,Corynebacterium,Corynebacterium ilicis,0,30.37,Hu et al. 2024
119,119,0,146,GP,Bacteria,Actinomycetota,Actinomycetia,Corynebacteriales,Corynebacterium,Corynebacterium insidiosum,0,74.77,Hu et al. 2024
120,120,0,147,GP,Bacteria,Actinomycetota,Actinomycetia,Corynebacteriales,Corynebacterium,Corynebacterium poinsettiae,0,5.84,Hu et al. 2024
121,121,0,148,GP,Bacteria,Actinomycetota,Actinomycetia,Corynebacteriales,Corynebacterium,Corynebacterium poinsettiae,0,45.56,Hu et al. 2024
122,122,0,149,GP,Bacteria,Actinomycetota,Actinomycetia,Corynebacteriales,Corynebacterium,Corynebacterium poinsettiae,0,44.39,Hu et al. 2024
123,123,0,150,GP,Bacteria,Actinomycetota,Actinomycetia,Corynebacteriales,Corynebacterium,Corynebacterium rathayi,0,59.58,Hu et al. 2024
124,124,0,151,GP,Bacteria,Actinomycetota,Actinomycetia,Corynebacteriales,Corynebacterium,Corynebacterium rathayi,0,42.06,Hu et al. 2024
125,125,0,152,GP,Bacteria,Actinomycetota,Actinomycetia,Corynebacteriales,Corynebacterium,Corynebacterium rathayi,0,21.03,Hu et al. 2024
126,126,0,153,GP,Bacteria,Actinomycetota,Actinomycetia,Corynebacteriales,Corynebacterium,Corynebacterium sp. ATCC21188,0,60.75,Hu et al. 2024
127,127,0,154,GP,Bacteria,Actinomycetota,Actinomycetia,Corynebacteriales,Corynebacterium,Corynebacterium sp. ATCC21188,0,33.88,Hu et al. 2024
128,128,0,155,GP,Bacteria,Actinomycetota,Actinomycetia,Corynebacteriales,Corynebacterium,Corynebacterium sp. ATCC21188,0,22.2,Hu et al. 2024
129,129,0,156,GP,Bacteria,Actinomycetota,Actinomycetia,Corynebacteriales,Corynebacterium,Corynebacterium tritici,0,5.84,Hu et al. 2024
130,130,0,411,GN,Bacteria,Pseudomonadota,Gammaproteobacteria,Enterobacterales,Escherichia,Escherichia coli,0,0.41,Salas et al. 2024
131,131,0,1,GN,Bacteria,Pseudomonadota,Gammaproteobacteria,Enterobacterales,Aerobacter,Aerobacter aerogenes,0,4.3,Appuhn and Joergensen 2006
132,132,0,56,GN,Bacteria,Pseudomonadota,Gammaproteobacteria,Enterobacterales,Aerobacter,Aerobacter aerogenes,0,4.3,Hu et al. 2024
133,133,0,57,GN,Bacteria,Pseudomonadota,Gammaproteobacteria,Enterobacterales,Aerobacter,Aerobacter cloacae,0,5.84,Hu et al. 2024
134,134,0,58,GN,Bacteria,Pseudomonadota,Gammaproteobacteria,Enterobacterales,Aerobacter,Aerobacter aerogenes,0,2.9,Hu et al. 2024
135,135,0,5,GN,Bacteria,Pseudomonadota,Gammaproteobacteria,Enterobacterales,Enterobacter,Enterobacter cloacae,0,7,Appuhn and Joergensen 2006
136,136,0,6,GN,Bacteria,Pseudomonadota,Gammaproteobacteria,Enterobacterales,Enterobacter,Enterobacter aerogenes,0,4.5,Appuhn and Joergensen 2006
137,137,0,7,GN,Bacteria,Pseudomonadota,Gammaproteobacteria,Enterobacterales,Enterobacter,Enterobacter agglomerans,0,2.9,Appuhn and Joergensen 2006
138,138,0,158,GN,Bacteria,Pseudomonadota,Gammaproteobacteria,Enterobacterales,Enterobacter,Enterobacter aerogenes,0,9,Hu et al. 2024
139,139,0,159,GN,Bacteria,Pseudomonadota,Gammaproteobacteria,Enterobacterales,Enterobacter,Enterobacter aerogenes,0,4.5,Hu et al. 2024
140,140,0,160,GN,Bacteria,Pseudomonadota,Gammaproteobacteria,Enterobacterales,Enterobacter,Enterobacter agglomerans,0,3.02,Hu et al. 2024
141,141,0,161,GN,Bacteria,Pseudomonadota,Gammaproteobacteria,Enterobacterales,Enterobacter,Enterobacter agglomerans,0,2.93,Hu et al. 2024
142,142,0,162,GN,Bacteria,Pseudomonadota,Gammaproteobacteria,Enterobacterales,Enterobacter,Enterobacter agglomerans,0,2.79,Hu et al. 2024
143,143,0,163,GN,Bacteria,Pseudomonadota,Gammaproteobacteria,Enterobacterales,Enterobacter,Enterobacter cloacae,0,7,Hu et al. 2024
144,144,0,164,GN,Bacteria,Pseudomonadota,Gammaproteobacteria,Enterobacterales,Enterobacter,Enterobacter cloacae,0,2.9,Hu et al. 2024
145,145,0,165,GN,Bacteria,Pseudomonadota,Gammaproteobacteria,Enterobacterales,Enterobacter,Enterobacter cloacae,0,7,Hu et al. 2024
146,146,0,408,GN,Bacteria,Pseudomonadota,Gammaproteobacteria,Enterobacterales,Escherichia,Escherichia coli,0,0.45,Salas et al. 2024
147,147,0,8,GN,Bacteria,Pseudomonadota,Gammaproteobacteria,Enterobacterales,Escherichia,Escherichia coli,0,3.2,Appuhn and Joergensen 2006
148,148,0,166,GN,Bacteria,Pseudomonadota,Gammaproteobacteria,Enterobacterales,Escherichia,Escherichia coli,0,4.7,Hu et al. 2024
149,149,0,167,GN,Bacteria,Pseudomonadota,Gammaproteobacteria,Enterobacterales,Escherichia,Escherichia coli,0,2.05,Hu et al. 2024
150,150,0,168,GN,Bacteria,Pseudomonadota,Gammaproteobacteria,Enterobacterales,Escherichia,Escherichia coli,0,1.52,Hu et al. 2024
151,151,0,169,GN,Bacteria,Pseudomonadota,Gammaproteobacteria,Enterobacterales,Escherichia,Escherichia coli,0,2.4,Hu et al. 2024
152,152,0,170,GN,Bacteria,Pseudomonadota,Gammaproteobacteria,Enterobacterales,Escherichia,Escherichia coli,0,1.7,Hu et al. 2024
153,153,0,171,GN,Bacteria,Pseudomonadota,Gammaproteobacteria,Enterobacterales,Escherichia,Escherichia coli,0,9,Hu et al. 2024
154,154,0,172,GN,Bacteria,Pseudomonadota,Gammaproteobacteria,Enterobacterales,Escherichia,Escherichia coli,0,3.3,Hu et al. 2024
155,155,0,173,GN,Bacteria,Pseudomonadota,Gammaproteobacteria,Enterobacterales,Escherichia,Escherichia coli,0,2.63,Hu et al. 2024
156,156,0,174,GN,Bacteria,Pseudomonadota,Gammaproteobacteria,Enterobacterales,Escherichia,Escherichia coli,0,4.5,Hu et al. 2024
157,157,0,175,GN,Bacteria,Pseudomonadota,Gammaproteobacteria,Enterobacterales,Escherichia,Escherichia coli,0,2.4,Hu et al. 2024
158,158,0,398,GN,Bacteria,Acidobacteriota,Acidobacteriia,Acidobacteriales,Koribacter,Koribacter versatilis,0,0,Salas et al. 2024
159,159,0,413,GN,Bacteria,Myxococcota,Polyangia,Polyangiales,Labilithrix,Labilithrix luteola,0,9.11,Salas et al. 2024
160,160,0,425,GP,Bacteria,Actinomycetota,Actinomycetia,Micrococcales,Micrococcus,Micrococcus luteus,0,15.21,Salas et al. 2024
161,161,0,424,GP,Bacteria,Actinomycetota,Actinomycetia,Micrococcales,Micrococcus,Micrococcus luteus,0,15.75,Salas et al. 2024
162,162,0,423,GP,Bacteria,Actinomycetota,Actinomycetia,Micrococcales,Micrococcus,Micrococcus luteus,0,16.04,Salas et al. 2024
163,163,0,11,GN,Bacteria,Pseudomonadota,Gammaproteobacteria,Enterobacterales,Klebsiella,Klebsiella pneumoniae,0,2.7,Appuhn and Joergensen 2006
164,164,0,197,GN,Bacteria,Pseudomonadota,Gammaproteobacteria,Enterobacterales,Klebsiella,Klebsiella pneumoniae,0,2.6,Hu et al. 2024
165,165,0,198,GN,Bacteria,Pseudomonadota,Gammaproteobacteria,Enterobacterales,Klebsiella,Klebsiella pneumoniae,0,2.79,Hu et al. 2024
166,166,0,199,GN,Bacteria,Pseudomonadota,Gammaproteobacteria,Enterobacterales,Klebsiella,Klebsiella pneumoniae,0,2.74,Hu et al. 2024
167,167,0,200,GN,Bacteria,Pseudomonadota,Gammaproteobacteria,Enterobacterales,Klebsiella,Klebsiella pneumoniae,0,2.6,Hu et al. 2024
168,168,0,14,GN,Bacteria,Pseudomonadota,Gammaproteobacteria,Enterobacterales,Proteus,Proteus vulgaris,0,3.9,Appuhn and Joergensen 2006
169,169,0,275,GN,Bacteria,Pseudomonadota,Gammaproteobacteria,Enterobacterales,Proteus,Proteus vulgaris,0,1.69,Hu et al. 2024
170,170,0,276,GN,Bacteria,Pseudomonadota,Gammaproteobacteria,Enterobacterales,Proteus,Proteus vulgaris,0,1.4,Hu et al. 2024
171,171,0,277,GN,Bacteria,Pseudomonadota,Gammaproteobacteria,Enterobacterales,Proteus,Proteus vulgaris,0,9,Hu et al. 2024
172,172,0,278,GN,Bacteria,Pseudomonadota,Gammaproteobacteria,Enterobacterales,Proteus,Proteus vulgaris,0,3.3,Hu et al. 2024
173,173,0,279,GN,Bacteria,Pseudomonadota,Gammaproteobacteria,Enterobacterales,Proteus,Proteus vulgaris,0,4.5,Hu et al. 2024
174,174,0,20,GN,Bacteria,Pseudomonadota,Gammaproteobacteria,Enterobacterales,Salmonella,Salmonella choleraesuis,0,3.2,Appuhn and Joergensen 2006
175,175,0,313,GN,Bacteria,Pseudomonadota,Gammaproteobacteria,Enterobacterales,Salmonella,Salmonella bethesda,0,4.65,Hu et al. 2024
176,176,0,314,GN,Bacteria,Pseudomonadota,Gammaproteobacteria,Enterobacterales,Salmonella,Salmonella choleraesuis,0,3.2,Hu et al. 2024
177,177,0,315,GN,Bacteria,Pseudomonadota,Gammaproteobacteria,Enterobacterales,Salmonella,Salmonella gallinarum,0,0.93,Hu et al. 2024
178,178,0,21,GN,Bacteria,Pseudomonadota,Gammaproteobacteria,Enterobacterales,Serratia,Serratia marcescens,0,4,Appuhn and Joergensen 2006
179,179,0,318,GN,Bacteria,Pseudomonadota,Gammaproteobacteria,Enterobacterales,Serratia,Serratia marcescens,0,9.9,Hu et al. 2024
180,180,0,319,GN,Bacteria,Pseudomonadota,Gammaproteobacteria,Enterobacterales,Serratia,Serratia marcescens,0,3.4,Hu et al. 2024
181,181,0,320,GN,Bacteria,Pseudomonadota,Gammaproteobacteria,Enterobacterales,Serratia,Serratia marcescens,0,4.5,Hu et al. 2024
182,182,0,22,GN,Bacteria,Pseudomonadota,Gammaproteobacteria,Enterobacterales,Shigella,Shigella flexneri,0,4,Appuhn and Joergensen 2006
183,183,0,23,GN,Bacteria,Pseudomonadota,Gammaproteobacteria,Enterobacterales,Shigella,Shigella sonnei,0,7.2,Appuhn and Joergensen 2006
184,184,0,321,GN,Bacteria,Pseudomonadota,Gammaproteobacteria,Enterobacterales,Shigella,Shigella flexneri,0,4,Hu et al. 2024
185,185,0,322,GN,Bacteria,Pseudomonadota,Gammaproteobacteria,Enterobacterales,Shigella,Shigella sonnei,0,7.2,Hu et al. 2024
186,186,0,323,GN,Bacteria,Pseudomonadota,Gammaproteobacteria,Enterobacterales,Shigella,Shigella sonnei,0,7.2,Hu et al. 2024
187,187,0,24,GN,Bacteria,Pseudomonadota,Gammaproteobacteria,Enterobacterales,Yersinia,Yersinia ruckeri,0,6.4,Appuhn and Joergensen 2006
188,188,0,396,GN,Bacteria,Pseudomonadota,Gammaproteobacteria,Enterobacterales,Yersinia,Yersinia ruckeri,0,6.4,Hu et al. 2024
189,189,0,397,GN,Bacteria,Pseudomonadota,Gammaproteobacteria,Enterobacterales,Yersinia,Yersinia ruckeri,0,6.4,Hu et al. 2024
190,190,0,9,GN,Bacteria,Bacteroidota,Flavobacteriia,Flavobacteriales,Flavobacterium,Flavobacterium miningosepticum,0,7.1,Appuhn and Joergensen 2006
191,191,0,176,GN,Bacteria,Bacteroidota,Flavobacteriia,Flavobacteriales,Flavobacterium,Flavobacterium meningosepticum,0,7.1,Hu et al. 2024
192,192,0,177,GN,Bacteria,Bacteroidota,Flavobacteriia,Flavobacteriales,Flavobacterium,Flavobacterium meningosepticum,0,7.1,Hu et al. 2024
193,193,0,39,GP,Bacteria,Actinomycetota,Actinomycetia,Frankiales,Frankia,Frankia sp.,0,11.8,Appuhn and Joergensen 2006
194,194,0,183,GP,Bacteria,Actinomycetota,Actinomycetia,Frankiales,Frankia,Frankia sp.,0,20.46,Hu et al. 2024
195,195,0,184,GP,Bacteria,Actinomycetota,Actinomycetia,Frankiales,Frankia,Frankia sp.,0,19.53,Hu et al. 2024
196,196,0,185,GP,Bacteria,Actinomycetota,Actinomycetia,Frankiales,Frankia,Frankia sp.,0,17.21,Hu et al. 2024
197,197,0,186,GP,Bacteria,Actinomycetota,Actinomycetia,Frankiales,Frankia,Frankia sp.,0,13.95,Hu et al. 2024
198,198,0,187,GP,Bacteria,Actinomycetota,Actinomycetia,Frankiales,Frankia,Frankia sp.,0,12.09,Hu et al. 2024
199,199,0,188,GP,Bacteria,Actinomycetota,Actinomycetia,Frankiales,Frankia,Frankia sp.,0,12.09,Hu et al. 2024
200,200,0,189,GP,Bacteria,Actinomycetota,Actinomycetia,Frankiales,Frankia,Frankia sp.,0,9.3,Hu et al. 2024
201,201,0,190,GP,Bacteria,Actinomycetota,Actinomycetia,Frankiales,Frankia,Frankia sp.,0,9.3,Hu et al. 2024
202,202,0,191,GP,Bacteria,Actinomycetota,Actinomycetia,Frankiales,Frankia,Frankia sp.,0,6.51,Hu et al. 2024
203,203,0,192,GP,Bacteria,Actinomycetota,Actinomycetia,Frankiales,Frankia,Frankia sp.,0,6.05,Hu et al. 2024
204,204,0,193,GP,Bacteria,Actinomycetota,Actinomycetia,Frankiales,Frankia,Frankia sp.,0,3.07,Hu et al. 2024
205,205,0,195,GN,Bacteria,Pseudomonadota,Alphaproteobacteria,Hyphomicrobiales,Hyphomicrobium,Hyphomicrobium neptunium,0,15.19,Hu et al. 2024
206,206,0,196,GN,Bacteria,Pseudomonadota,Alphaproteobacteria,Hyphomicrobiales,Hyphomicrobium,Hyphomicrobium sp.,0,14.02,Hu et al. 2024
207,207,0,122,GP,Bacteria,Firmicutes,Clostridia,Lachnospirales,Butyribacterium,Butyribacterium rettgeri,0,13.43,Hu et al. 2024
208,208,0,40,GP,Bacteria,Firmicutes,Bacilli,Lactobacillales,Lactobacillus,Lactobacillus brevis,0,6.4,Appuhn and Joergensen 2006
209,209,0,201,GP,Bacteria,Firmicutes,Bacilli,Lactobacillales,Lactobacillus,Lactobacillus (Bifidobacterium) bifidus,0,9.35,Hu et al. 2024
210,210,0,202,GP,Bacteria,Firmicutes,Bacilli,Lactobacillales,Lactobacillus,Lactobacillus acidophilus,0,19.86,Hu et al. 2024
211,211,0,203,GP,Bacteria,Firmicutes,Bacilli,Lactobacillales,Lactobacillus,Lactobacillus bifidus var pennsylvanicus,0,11.1,Hu et al. 2024
212,212,0,204,GP,Bacteria,Firmicutes,Bacilli,Lactobacillales,Lactobacillus,Lactobacillus brevis,0,6.4,Hu et al. 2024
213,213,0,222,GP,Bacteria,Firmicutes,Bacilli,Lactobacillales,Leuconostoc,Leuconostoc citrovorum,0,24.18,Hu et al. 2024
214,214,0,223,GP,Bacteria,Firmicutes,Bacilli,Lactobacillales,Leuconostoc,Leuconostoc citrovorum,0,18.14,Hu et al. 2024
215,215,0,224,GP,Bacteria,Firmicutes,Bacilli,Lactobacillales,Leuconostoc,Leuconostoc mesenteroides,0,32.55,Hu et al. 2024
216,216,0,46,GP,Bacteria,Firmicutes,Bacilli,Lactobacillales,Streptococcus,Streptococcus faecalis,0,9.6,Appuhn and Joergensen 2006
217,217,0,47,GP,Bacteria,Firmicutes,Bacilli,Lactobacillales,Streptococcus,Streptococcus sp.,0,10.1,Appuhn and Joergensen 2006
218,218,0,342,GP,Bacteria,Firmicutes,Bacilli,Lactobacillales,Streptococcus,Streptococcus cremoris,0,26.28,Hu et al. 2024
219,219,0,343,GP,Bacteria,Firmicutes,Bacilli,Lactobacillales,Streptococcus,Streptococcus cremoris,0,24.53,Hu et al. 2024
220,220,0,344,GP,Bacteria,Firmicutes,Bacilli,Lactobacillales,Streptococcus,Streptococcus faecalis var. liquefaciens,0,9.6,Hu et al. 2024
221,221,0,345,GP,Bacteria,Firmicutes,Bacilli,Lactobacillales,Streptococcus,Streptococcus faecium var. durans (thr),0,16.36,Hu et al. 2024
222,222,0,346,GP,Bacteria,Firmicutes,Bacilli,Lactobacillales,Streptococcus,Streptococcus faecium var. durans (val),0,17.52,Hu et al. 2024
223,223,0,347,GP,Bacteria,Firmicutes,Bacilli,Lactobacillales,Streptococcus,Streptococcus mutans,0,36.21,Hu et al. 2024
224,224,0,348,GP,Bacteria,Firmicutes,Bacilli,Lactobacillales,Streptococcus,Streptococcus mutans,0,33.88,Hu et al. 2024
225,225,0,349,GP,Bacteria,Firmicutes,Bacilli,Lactobacillales,Streptococcus,Streptococcus mutans,0,32.71,Hu et al. 2024
226,226,0,350,GP,Bacteria,Firmicutes,Bacilli,Lactobacillales,Streptococcus,Streptococcus mutans,0,31.54,Hu et al. 2024
227,227,0,351,GP,Bacteria,Firmicutes,Bacilli,Lactobacillales,Streptococcus,Streptococcus mutans,0,30.37,Hu et al. 2024
228,228,0,352,GP,Bacteria,Firmicutes,Bacilli,Lactobacillales,Streptococcus,Streptococcus mutans,0,30.37,Hu et al. 2024
229,229,0,353,GP,Bacteria,Firmicutes,Bacilli,Lactobacillales,Streptococcus,Streptococcus mutans,0,30.37,Hu et al. 2024
230,230,0,354,GP,Bacteria,Firmicutes,Bacilli,Lactobacillales,Streptococcus,Streptococcus mutans,0,29.21,Hu et al. 2024
231,231,0,355,GP,Bacteria,Firmicutes,Bacilli,Lactobacillales,Streptococcus,Streptococcus mutans,0,29.21,Hu et al. 2024
232,232,0,356,GP,Bacteria,Firmicutes,Bacilli,Lactobacillales,Streptococcus,Streptococcus mutans,0,28.04,Hu et al. 2024
233,233,0,357,GP,Bacteria,Firmicutes,Bacilli,Lactobacillales,Streptococcus,Streptococcus mutans,0,28.04,Hu et al. 2024
234,234,0,358,GP,Bacteria,Firmicutes,Bacilli,Lactobacillales,Streptococcus,Streptococcus mutans,0,28.04,Hu et al. 2024
235,235,0,359,GP,Bacteria,Firmicutes,Bacilli,Lactobacillales,Streptococcus,Streptococcus pyogenes,0,33.88,Hu et al. 2024
236,236,0,360,GP,Bacteria,Firmicutes,Bacilli,Lactobacillales,Streptococcus,Streptococcus pyogenes,0,1.65,Hu et al. 2024
237,237,0,361,GP,Bacteria,Firmicutes,Bacilli,Lactobacillales,Streptococcus,Streptococcus pyogenes,0,5.3,Hu et al. 2024
238,238,0,362,GP,Bacteria,Firmicutes,Bacilli,Lactobacillales,Streptococcus,Streptococcus sp.,0,10.1,Hu et al. 2024
239,239,0,59,GP,Bacteria,Firmicutes,Bacilli,Lactobacillales,Aerococcus,Aerococcus viridans,0,58.41,Hu et al. 2024
240,240,0,60,GP,Bacteria,Firmicutes,Bacilli,Lactobacillales,Aerococcus,Aerococcus viridans,0,43.22,Hu et al. 2024
241,241,0,10,GN,Bacteria,Pseudomonadota,Gammaproteobacteria,Legionellales,Fluoribacter,Fluoribacter sp.,0,5.2,Appuhn and Joergensen 2006
242,242,0,178,GN,Bacteria,Pseudomonadota,Gammaproteobacteria,Legionellales,Fluoribacter,Fluoribacter sp.,0,7.8,Hu et al. 2024
243,243,0,179,GN,Bacteria,Pseudomonadota,Gammaproteobacteria,Legionellales,Fluoribacter,Fluoribacter sp.,0,5.6,Hu et al. 2024
244,244,0,180,GN,Bacteria,Pseudomonadota,Gammaproteobacteria,Legionellales,Fluoribacter,Fluoribacter sp.,0,4.9,Hu et al. 2024
245,245,0,181,GN,Bacteria,Pseudomonadota,Gammaproteobacteria,Legionellales,Fluoribacter,Fluoribacter sp.,0,4.6,Hu et al. 2024
246,246,0,182,GN,Bacteria,Pseudomonadota,Gammaproteobacteria,Legionellales,Fluoribacter,Fluoribacter sp.,0,3,Hu et al. 2024
247,247,0,12,GN,Bacteria,Pseudomonadota,Gammaproteobacteria,Legionellales,Legionella,Legionella micdadei,0,3.2,Appuhn and Joergensen 2006
248,248,0,13,GN,Bacteria,Pseudomonadota,Gammaproteobacteria,Legionellales,Legionella,Legionella pneumophila,0,3,Appuhn and Joergensen 2006
249,249,0,205,GN,Bacteria,Pseudomonadota,Gammaproteobacteria,Legionellales,Legionella,Legionella micdadei,0,4.3,Hu et al. 2024
250,250,0,206,GN,Bacteria,Pseudomonadota,Gammaproteobacteria,Legionellales,Legionella,Legionella micdadei,0,3.9,Hu et al. 2024
251,251,0,207,GN,Bacteria,Pseudomonadota,Gammaproteobacteria,Legionellales,Legionella,Legionella micdadei,0,3.7,Hu et al. 2024
252,252,0,208,GN,Bacteria,Pseudomonadota,Gammaproteobacteria,Legionellales,Legionella,Legionella micdadei,0,3.6,Hu et al. 2024
253,253,0,209,GN,Bacteria,Pseudomonadota,Gammaproteobacteria,Legionellales,Legionella,Legionella micdadei,0,3.4,Hu et al. 2024
254,254,0,210,GN,Bacteria,Pseudomonadota,Gammaproteobacteria,Legionellales,Legionella,Legionella micdadei,0,2.2,Hu et al. 2024
255,255,0,211,GN,Bacteria,Pseudomonadota,Gammaproteobacteria,Legionellales,Legionella,Legionella micdadei,0,1.6,Hu et al. 2024
256,256,0,212,GN,Bacteria,Pseudomonadota,Gammaproteobacteria,Legionellales,Legionella,Legionella pneumophila,0,10.75,Hu et al. 2024
257,257,0,213,GN,Bacteria,Pseudomonadota,Gammaproteobacteria,Legionellales,Legionella,Legionella pneumophila,0,4.6,Hu et al. 2024
258,258,0,214,GN,Bacteria,Pseudomonadota,Gammaproteobacteria,Legionellales,Legionella,Legionella pneumophila,0,4.3,Hu et al. 2024
259,259,0,215,GN,Bacteria,Pseudomonadota,Gammaproteobacteria,Legionellales,Legionella,Legionella pneumophila,0,4.1,Hu et al. 2024
260,260,0,216,GN,Bacteria,Pseudomonadota,Gammaproteobacteria,Legionellales,Legionella,Legionella pneumophila,0,3,Hu et al. 2024
261,261,0,217,GN,Bacteria,Pseudomonadota,Gammaproteobacteria,Legionellales,Legionella,Legionella pneumophila,0,2.7,Hu et al. 2024
262,262,0,218,GN,Bacteria,Pseudomonadota,Gammaproteobacteria,Legionellales,Legionella,Legionella pneumophila,0,2.2,Hu et al. 2024
263,263,0,219,GN,Bacteria,Pseudomonadota,Gammaproteobacteria,Legionellales,Legionella,Legionella pneumophila,0,1.9,Hu et al. 2024
264,264,0,220,GN,Bacteria,Pseudomonadota,Gammaproteobacteria,Legionellales,Legionella,Legionella pneumophila,0,1.7,Hu et al. 2024
265,265,0,221,GN,Bacteria,Pseudomonadota,Gammaproteobacteria,Legionellales,Legionella,Legionella pneumophila,0,1.4,Hu et al. 2024
266,266,0,157,GN,Bacteria,Pseudomonadota,Gammaproteobacteria,Legionellales,Coxiella,Coxiella burnetii,0,33.53,Hu et al. 2024
267,267,0,27,GP,Bacteria,Actinomycetota,Actinomycetia,Micrococcales,Agromyces,Agromyces ramosus,0,6.4,Appuhn and Joergensen 2006
268,268,0,63,GP,Bacteria,Actinomycetota,Actinomycetia,Micrococcales,Agromyces,Agromyces ramosus,0,6.4,Hu et al. 2024
269,269,0,28,GP,Bacteria,Actinomycetota,Actinomycetia,Micrococcales,Arthrobacter,Arthrobacter aurescens,0,11.6,Appuhn and Joergensen 2006
270,270,0,29,GP,Bacteria,Actinomycetota,Actinomycetia,Micrococcales,Arthrobacter,Arthrobacter globiformis,0,12.2,Appuhn and Joergensen 2006
271,271,0,64,GP,Bacteria,Actinomycetota,Actinomycetia,Micrococcales,Arthrobacter,Arthrobacter sp.,0,14.42,Hu et al. 2024
272,272,0,65,GP,Bacteria,Actinomycetota,Actinomycetia,Micrococcales,Arthrobacter,Arthrobacter aurescens,0,60.75,Hu et al. 2024
273,273,0,66,GP,Bacteria,Actinomycetota,Actinomycetia,Micrococcales,Arthrobacter,Arthrobacter aurescens,0,38.55,Hu et al. 2024
274,274,0,67,GP,Bacteria,Actinomycetota,Actinomycetia,Micrococcales,Arthrobacter,Arthrobacter aurescens,0,32.71,Hu et al. 2024
275,275,0,68,GP,Bacteria,Actinomycetota,Actinomycetia,Micrococcales,Arthrobacter,Arthrobacter aurescens,0,11.6,Hu et al. 2024
276,276,0,69,GP,Bacteria,Actinomycetota,Actinomycetia,Micrococcales,Arthrobacter,Arthrobacter citreus,0,64.25,Hu et al. 2024
277,277,0,70,GP,Bacteria,Actinomycetota,Actinomycetia,Micrococcales,Arthrobacter,Arthrobacter citreus,0,61.92,Hu et al. 2024
278,278,0,71,GP,Bacteria,Actinomycetota,Actinomycetia,Micrococcales,Arthrobacter,Arthrobacter citreus,0,30.37,Hu et al. 2024
279,279,0,72,GP,Bacteria,Actinomycetota,Actinomycetia,Micrococcales,Arthrobacter,Arthrobacter globiformis,0,12.15,Hu et al. 2024
280,280,0,73,GP,Bacteria,Actinomycetota,Actinomycetia,Micrococcales,Arthrobacter,Arthrobacter histidinolovorans,0,32.71,Hu et al. 2024
281,281,0,74,GP,Bacteria,Actinomycetota,Actinomycetia,Micrococcales,Arthrobacter,Arthrobacter sp. ATCC 19141,0,32.71,Hu et al. 2024
282,282,0,75,GP,Bacteria,Actinomycetota,Actinomycetia,Micrococcales,Arthrobacter,Arthrobacter sp. AT25,0,25.7,Hu et al. 2024
283,283,0,76,GP,Bacteria,Actinomycetota,Actinomycetia,Micrococcales,Arthrobacter,Arthrobacter sp. NCIB 9423,0,51.4,Hu et al. 2024
284,284,0,77,GP,Bacteria,Actinomycetota,Actinomycetia,Micrococcales,Arthrobacter,Arthrobacter ureafaciens,0,33.88,Hu et al. 2024
285,285,0,426,GP,Bacteria,Actinomycetota,Actinomycetia,Micrococcales,Micrococcus,Micrococcus luteus,0,18.28,Salas et al. 2024
286,286,0,418,GP,Bacteria,Actinomycetota,Actinomycetia,Micrococcales,Micrococcus,Micrococcus luteus,0,22.6,Salas et al. 2024
287,287,0,4,GN,Bacteria,Actinomycetota,Actinomycetia,Micrococcales,Brevibacterium,Brevibacterium linens,0,6.6,Appuhn and Joergensen 2006
288,288,0,120,GP,Bacteria,Actinomycetota,Actinomycetia,Micrococcales,Brevibacterium,Brevibacterium helvolum,0,26.87,Hu et al. 2024
289,289,0,121,GN,Bacteria,Actinomycetota,Actinomycetia,Micrococcales,Brevibacterium,Brevibacterium linens,0,6.6,Hu et al. 2024
290,290,0,41,GP,Bacteria,Actinomycetota,Actinomycetia,Micrococcales,Micrococcus,Micrococcus aurantiacus,0,25.7,Appuhn and Joergensen 2006
291,291,0,42,GP,Bacteria,Actinomycetota,Actinomycetia,Micrococcales,Micrococcus,Micrococcus freudenreichii,0,11.5,Appuhn and Joergensen 2006
292,292,0,43,GP,Bacteria,Actinomycetota,Actinomycetia,Micrococcales,Micrococcus,Micrococcus luteus,0,38,Appuhn and Joergensen 2006
293,293,0,44,GP,Bacteria,Actinomycetota,Actinomycetia,Micrococcales,Micrococcus,Micrococcus varians,0,21.4,Appuhn and Joergensen 2006
294,294,0,226,GP,Bacteria,Actinomycetota,Actinomycetia,Micrococcales,Micrococcus,Micrococcus aurantiacus,0,51.75,Hu et al. 2024
295,295,0,227,GP,Bacteria,Actinomycetota,Actinomycetia,Micrococcales,Micrococcus,Micrococcus aurantiacus,0,25.65,Hu et al. 2024
296,296,0,228,GP,Bacteria,Actinomycetota,Actinomycetia,Micrococcales,Micrococcus,Micrococcus citreus,0,15.19,Hu et al. 2024
297,297,0,229,GP,Bacteria,Actinomycetota,Actinomycetia,Micrococcales,Micrococcus,Micrococcus citreus,0,10.75,Hu et al. 2024
298,298,0,230,GP,Bacteria,Actinomycetota,Actinomycetia,Micrococcales,Micrococcus,Micrococcus falvus,0,12.27,Hu et al. 2024
299,299,0,231,GP,Bacteria,Actinomycetota,Actinomycetia,Micrococcales,Micrococcus,Micrococcus freudenreichii,0,11.5,Hu et al. 2024
300,300,0,232,GP,Bacteria,Actinomycetota,Actinomycetia,Micrococcales,Micrococcus,Micrococcus freudreichii,0,61.92,Hu et al. 2024
301,301,0,233,GP,Bacteria,Actinomycetota,Actinomycetia,Micrococcales,Micrococcus,Micrococcus luteus,0,53.15,Hu et al. 2024
302,302,0,234,GP,Bacteria,Actinomycetota,Actinomycetia,Micrococcales,Micrococcus,Micrococcus luteus,0,8.18,Hu et al. 2024
303,303,0,235,GP,Bacteria,Actinomycetota,Actinomycetia,Micrococcales,Micrococcus,Micrococcus luteus,0,38,Hu et al. 2024
304,304,0,236,GP,Bacteria,Actinomycetota,Actinomycetia,Micrococcales,Micrococcus,Micrococcus luteus,0,38,Hu et al. 2024
305,305,0,237,GP,Bacteria,Actinomycetota,Actinomycetia,Micrococcales,Micrococcus,Micrococcus lysodeikticus,0,21.61,Hu et al. 2024
306,306,0,238,GP,Bacteria,Actinomycetota,Actinomycetia,Micrococcales,Micrococcus,Micrococcus lysodeikticus,0,1.86,Hu et al. 2024
307,307,0,239,GP,Bacteria,Actinomycetota,Actinomycetia,Micrococcales,Micrococcus,Micrococcus lysodeikticus,0,39,Hu et al. 2024
308,308,0,240,GP,Bacteria,Actinomycetota,Actinomycetia,Micrococcales,Micrococcus,Micrococcus lysodeikticus,0,97.2,Hu et al. 2024
309,309,0,241,GP,Bacteria,Actinomycetota,Actinomycetia,Micrococcales,Micrococcus,Micrococcus radiodurans,0,103.39,Hu et al. 2024
310,310,0,242,GP,Bacteria,Actinomycetota,Actinomycetia,Micrococcales,Micrococcus,Micrococcus radiodurans,0,102.92,Hu et al. 2024
311,311,0,243,GP,Bacteria,Actinomycetota,Actinomycetia,Micrococcales,Micrococcus,Micrococcus radiodurans,0,90.89,Hu et al. 2024
312,312,0,244,GP,Bacteria,Actinomycetota,Actinomycetia,Micrococcales,Micrococcus,Micrococcus radiodurans,0,64.49,Hu et al. 2024
313,313,0,245,GP,Bacteria,Actinomycetota,Actinomycetia,Micrococcales,Micrococcus,Micrococcus radiodurans,0,21.03,Hu et al. 2024
314,314,0,246,GP,Bacteria,Actinomycetota,Actinomycetia,Micrococcales,Micrococcus,Micrococcus roseus,0,20.44,Hu et al. 2024
315,315,0,247,GP,Bacteria,Actinomycetota,Actinomycetia,Micrococcales,Micrococcus,Micrococcus varians,0,11.68,Hu et al. 2024
316,316,0,248,GP,Bacteria,Actinomycetota,Actinomycetia,Micrococcales,Micrococcus,Micrococcus varians,0,1.75,Hu et al. 2024
317,317,0,249,GP,Bacteria,Actinomycetota,Actinomycetia,Micrococcales,Micrococcus,Micrococcus varians,0,21.4,Hu et al. 2024
318,318,0,250,GP,Bacteria,Actinomycetota,Actinomycetia,Micrococcales,Micrococcus,Micrococcus varians,0,21.4,Hu et al. 2024
319,319,0,419,GP,Bacteria,Actinomycetota,Actinomycetia,Micrococcales,Micrococcus,Micrococcus luteus,0,26.71,Salas et al. 2024
320,320,0,421,GP,Bacteria,Actinomycetota,Actinomycetia,Micrococcales,Micrococcus,Micrococcus luteus,0,30.03,Salas et al. 2024
321,321,0,422,GP,Bacteria,Actinomycetota,Actinomycetia,Micrococcales,Micrococcus,Micrococcus luteus,0,35.89,Salas et al. 2024
322,322,0,420,GP,Bacteria,Actinomycetota,Actinomycetia,Micrococcales,Micrococcus,Micrococcus luteus,0,39.19,Salas et al. 2024
323,323,0,414,GN,Bacteria,Pseudomonadota,Alphaproteobacteria,Rhizobiales,Neorhizobium,Neorhizobium sp.,0,13.3,Salas et al. 2024
324,324,0,440,GP,Bacteria,Firmicutes,Bacilli,Paenibacillales,Paenibacillus,Paenibacillus alginolyticus,0,83.27,Salas et al. 2024
325,325,0,427,GP,Bacteria,Actinomycetota,Actinomycetia,Micrococcales,Pseudarthrobacter,Pseudarthrobacter oxydans,0,13.84,Salas et al. 2024
326,326,0,428,GP,Bacteria,Actinomycetota,Actinomycetia,Mycobacteriales,Rhodococcus,Rhodococcus sp.,0,10.98,Salas et al. 2024
327,327,0,399,GN,Bacteria,Acidobacteriota,Solibacteres,Solibacterales,Solibacter,Solibacter usitatus,0,3.26,Salas et al. 2024
328,328,0,429,GP,Bacteria,Actinomycetota,Thermoleophilia,Solirubrobacterales,Solirubrobacter,Solirubrobacter soli,0,1.77,Salas et al. 2024
329,329,0,225,GP,Bacteria,Actinomycetota,Actinomycetia,Mycobacteriales,Mycobacterium,Microbacterium lacticum,0,27.45,Hu et al. 2024
330,330,0,251,GP,Bacteria,Actinomycetota,Actinomycetia,Mycobacteriales,Mycobacterium,Mycobacterium sp.,0,21.38,Hu et al. 2024
331,331,0,252,GP,Bacteria,Actinomycetota,Actinomycetia,Mycobacteriales,Mycobacterium,Mycobacterium avium,0,4.67,Hu et al. 2024
332,332,0,253,GP,Bacteria,Actinomycetota,Actinomycetia,Mycobacteriales,Mycobacterium,Mycobacterium kansasii,0,5.26,Hu et al. 2024
333,333,0,254,GP,Bacteria,Actinomycetota,Actinomycetia,Mycobacteriales,Mycobacterium,Mycobacterium phlei,0,1.57,Hu et al. 2024
334,334,0,255,GP,Bacteria,Actinomycetota,Actinomycetia,Mycobacteriales,Mycobacterium,Mycobacterium segmatis,0,18.69,Hu et al. 2024
335,335,0,256,GP,Bacteria,Actinomycetota,Actinomycetia,Mycobacteriales,Mycobacterium,Mycobacterium smegmatis,0,10.51,Hu et al. 2024
336,336,0,257,GP,Bacteria,Actinomycetota,Actinomycetia,Mycobacteriales,Mycobacterium,Mycobacterium smegmatis,0,21.26,Hu et al. 2024
337,337,0,258,GP,Bacteria,Actinomycetota,Actinomycetia,Mycobacteriales,Mycobacterium,Mycobacterium sp.,0,28.04,Hu et al. 2024
338,338,0,259,GP,Bacteria,Actinomycetota,Actinomycetia,Mycobacteriales,Mycobacterium,Mycobacterium sp.,0,10.51,Hu et al. 2024
339,339,0,260,GP,Bacteria,Actinomycetota,Actinomycetia,Mycobacteriales,Mycobacterium,Mycobacterium sp.,0,8.18,Hu et al. 2024
340,340,0,261,GP,Bacteria,Actinomycetota,Actinomycetia,Mycobacteriales,Mycobacterium,Mycobacterium sp. NRRL MB,0,41.85,Hu et al. 2024
341,341,0,262,GP,Bacteria,Actinomycetota,Actinomycetia,Mycobacteriales,Mycobacterium,Mycobacterium sp. NRRL MB,0,32.55,Hu et al. 2024
342,342,0,263,GP,Bacteria,Actinomycetota,Actinomycetia,Mycobacteriales,Mycobacterium,Mycobacterium sp. strain 521,0,21.73,Hu et al. 2024
343,343,0,264,GP,Bacteria,Actinomycetota,Actinomycetia,Mycobacteriales,Mycobacterium,Mycobacterium sp. strain rabinowitch,0,21.03,Hu et al. 2024
344,344,0,265,GP,Bacteria,Actinomycetota,Actinomycetia,Mycobacteriales,Mycobacterium,Mycobacterium tuberculosis,0,21.14,Hu et al. 2024
345,345,0,267,GP,Bacteria,Actinomycetota,Actinomycetia,Mycobacteriales,Nocardia,Nocardia kirovani,0,16.36,Hu et al. 2024
346,346,0,401,GN,Bacteria,Bacteroidota,Cytophagia,Cytophagales,Spirosoma,Spirosoma spitsbergense,0,11.04,Salas et al. 2024
347,347,0,266,GN,Bacteria,Pseudomonadota,Betaproteobacteria,Neisseriales,Neisseria,Neisseria gonorrhoeae,0,4.9,Hu et al. 2024
348,348,0,371,GN,Bacteria,CyanobacteriotaÂ,Cyanophyceae,Oscillatoriales,Trichodesmium,Trichodesmium sp.,0,4.95,Hu et al. 2024
349,349,0,444,GP,Bacteria,Firmicutes,Bacilli,Bacillales,Staphylococcus,Staphylococcus aureus,0,11.19,Salas et al. 2024
350,350,0,443,GP,Bacteria,Firmicutes,Bacilli,Bacillales,Staphylococcus,Staphylococcus aureus,0,12.2,Salas et al. 2024
351,351,0,269,GP,Bacteria,Actinomycetota,Actinomycetia,Propionibacteriales,Propionibacterium,Propionibacterium acnes,0,1.6,Hu et al. 2024
352,352,0,270,GP,Bacteria,Actinomycetota,Actinomycetia,Propionibacteriales,Propionibacterium,Propionibacterium peterssonii,0,19.2,Hu et al. 2024
353,353,0,271,GP,Bacteria,Actinomycetota,Actinomycetia,Propionibacteriales,Propionibacterium,Propionibacterium peterssonii,0,27.45,Hu et al. 2024
354,354,0,272,GP,Bacteria,Actinomycetota,Actinomycetia,Propionibacteriales,Propionibacterium,Propionibacterium rubrum,0,17.67,Hu et al. 2024
355,355,0,273,GP,Bacteria,Actinomycetota,Actinomycetia,Propionibacteriales,Propionibacterium,Propionibacterium rubrum,0,20.44,Hu et al. 2024
356,356,0,274,GP,Bacteria,Actinomycetota,Actinomycetia,Propionibacteriales,Propionibacterium,Propionibacterium technicum,0,22.78,Hu et al. 2024
357,357,0,15,GN,Bacteria,Pseudomonadota,Gammaproteobacteria,Pseudomonadales,Pseudomonas,Pseudomonas aeruginosa,0,2.6,Appuhn and Joergensen 2006
358,358,0,16,GN,Bacteria,Pseudomonadota,Gammaproteobacteria,Pseudomonadales,Pseudomonas,Pseudomonas cepacia,0,6.8,Appuhn and Joergensen 2006
359,359,0,17,GN,Bacteria,Pseudomonadota,Gammaproteobacteria,Pseudomonadales,Pseudomonas,Pseudomonas fluorescence,0,3.7,Appuhn and Joergensen 2006
360,360,0,18,GN,Bacteria,Pseudomonadota,Gammaproteobacteria,Pseudomonadales,Pseudomonas,Pseudomonas sp.,0,2.7,Appuhn and Joergensen 2006
361,361,0,19,GN,Bacteria,Pseudomonadota,Gammaproteobacteria,Pseudomonadales,Pseudomonas,Pseudomonas sp.,0,2,Appuhn and Joergensen 2006
362,362,0,280,GN,Bacteria,Pseudomonadota,Gammaproteobacteria,Pseudomonadales,Pseudomonas,Pseudomonas aeruginosa,0,1.68,Hu et al. 2024
363,363,0,281,GN,Bacteria,Pseudomonadota,Gammaproteobacteria,Pseudomonadales,Pseudomonas,Pseudomonas aeruginosa,0,3.72,Hu et al. 2024
364,364,0,282,GN,Bacteria,Pseudomonadota,Gammaproteobacteria,Pseudomonadales,Pseudomonas,Pseudomonas aeruginosa,0,1.4,Hu et al. 2024
365,365,0,283,GN,Bacteria,Pseudomonadota,Gammaproteobacteria,Pseudomonadales,Pseudomonas,Pseudomonas aeruginosa,0,0.51,Hu et al. 2024
366,366,0,284,GN,Bacteria,Pseudomonadota,Gammaproteobacteria,Pseudomonadales,Pseudomonas,Pseudomonas aeruginosa,0,10.35,Hu et al. 2024
367,367,0,285,GN,Bacteria,Pseudomonadota,Gammaproteobacteria,Pseudomonadales,Pseudomonas,Pseudomonas aeruginosa,0,2.6,Hu et al. 2024
368,368,0,286,GN,Bacteria,Pseudomonadota,Gammaproteobacteria,Pseudomonadales,Pseudomonas,Pseudomonas aeruginosa (mutant),0,3.72,Hu et al. 2024
369,369,0,287,GN,Bacteria,Pseudomonadota,Gammaproteobacteria,Pseudomonadales,Pseudomonas,Pseudomonas aureofaciens,0,5.77,Hu et al. 2024
370,370,0,288,GN,Bacteria,Pseudomonadota,Gammaproteobacteria,Pseudomonadales,Pseudomonas,Pseudomonas cepacia,0,6.8,Hu et al. 2024
371,371,0,289,GN,Bacteria,Pseudomonadota,Gammaproteobacteria,Pseudomonadales,Pseudomonas,Pseudomonas cepacia,0,6.8,Hu et al. 2024
372,372,0,290,GN,Bacteria,Pseudomonadota,Gammaproteobacteria,Pseudomonadales,Pseudomonas,Pseudomonas chlororaphis,0,7.02,Hu et al. 2024
373,373,0,291,GN,Bacteria,Pseudomonadota,Gammaproteobacteria,Pseudomonadales,Pseudomonas,Pseudomonas denitrificans,0,5.91,Hu et al. 2024
374,374,0,292,GN,Bacteria,Pseudomonadota,Gammaproteobacteria,Pseudomonadales,Pseudomonas,Pseudomonas fluorescens,0,19.8,Hu et al. 2024
375,375,0,293,GN,Bacteria,Pseudomonadota,Gammaproteobacteria,Pseudomonadales,Pseudomonas,Pseudomonas fluorescens,0,3.3,Hu et al. 2024
376,376,0,294,GN,Bacteria,Pseudomonadota,Gammaproteobacteria,Pseudomonadales,Pseudomonas,Pseudomonas fluorescens,0,1.8,Hu et al. 2024
377,377,0,295,GN,Bacteria,Pseudomonadota,Gammaproteobacteria,Pseudomonadales,Pseudomonas,Pseudomonas fluorescens,0,3.38,Hu et al. 2024
378,378,0,296,GN,Bacteria,Pseudomonadota,Gammaproteobacteria,Pseudomonadales,Pseudomonas,Pseudomonas fluorescens,0,4,Hu et al. 2024
379,379,0,297,GN,Bacteria,Pseudomonadota,Gammaproteobacteria,Pseudomonadales,Pseudomonas,Pseudomonas fragi,0,3.86,Hu et al. 2024
380,380,0,298,GN,Bacteria,Pseudomonadota,Gammaproteobacteria,Pseudomonadales,Pseudomonas,Pseudomonas mucidolens,0,5.44,Hu et al. 2024
381,381,0,299,GN,Bacteria,Pseudomonadota,Gammaproteobacteria,Pseudomonadales,Pseudomonas,Pseudomonas ovalis,0,6.42,Hu et al. 2024
382,382,0,300,GN,Bacteria,Pseudomonadota,Gammaproteobacteria,Pseudomonadales,Pseudomonas,Pseudomonas putida,0,6.84,Hu et al. 2024
383,383,0,301,GN,Bacteria,Pseudomonadota,Gammaproteobacteria,Pseudomonadales,Pseudomonas,Pseudomonas sp.,0,1.29,Hu et al. 2024
384,384,0,302,GN,Bacteria,Pseudomonadota,Gammaproteobacteria,Pseudomonadales,Pseudomonas,Pseudomonas sp.,0,2.84,Hu et al. 2024
385,385,0,303,GN,Bacteria,Pseudomonadota,Gammaproteobacteria,Pseudomonadales,Pseudomonas,Pseudomonas sp.,0,2.7,Hu et al. 2024
386,386,0,304,GN,Bacteria,Pseudomonadota,Gammaproteobacteria,Pseudomonadales,Pseudomonas,Pseudomonas sp.,0,2.61,Hu et al. 2024
387,387,0,305,GN,Bacteria,Pseudomonadota,Gammaproteobacteria,Pseudomonadales,Pseudomonas,Pseudomonas sp.,0,2.05,Hu et al. 2024
388,388,0,306,GN,Bacteria,Pseudomonadota,Gammaproteobacteria,Pseudomonadales,Pseudomonas,Pseudomonas sp.,0,1.95,Hu et al. 2024
389,389,0,307,GN,Bacteria,Pseudomonadota,Gammaproteobacteria,Pseudomonadales,Pseudomonas,Pseudomonas sp.,0,1.91,Hu et al. 2024
390,390,0,308,GN,Bacteria,Pseudomonadota,Gammaproteobacteria,Pseudomonadales,Pseudomonas,Pseudomonas stutzeri,0,3.35,Hu et al. 2024
391,391,0,309,GN,Bacteria,Pseudomonadota,Gammaproteobacteria,Pseudomonadales,Pseudomonas,Pseudomonas syncyanea,0,1.16,Hu et al. 2024
392,392,0,310,GN,Bacteria,Pseudomonadota,Gammaproteobacteria,Pseudomonadales,Pseudomonas,Pseudomonas synxantha,0,5.44,Hu et al. 2024
393,393,0,311,GN,Bacteria,Pseudomonadota,Gammaproteobacteria,Pseudomonadales,Pseudomonas,Pseudomonas taetrolens,0,4.37,Hu et al. 2024
394,394,0,78,GN,Bacteria,Pseudomonadota,Gammaproteobacteria,Pseudomonadales,Azobacter,Azobacter vinelandii,0,3.8,Hu et al. 2024
395,395,0,442,GP,Bacteria,Firmicutes,Bacilli,Bacillales,Staphylococcus,Staphylococcus aureus,0,17.79,Salas et al. 2024
396,396,0,3,GN,Bacteria,Pseudomonadota,Alphaproteobacteria,Rhizobiales,Bradyrhizobium,Bradyrhizobium japonicum,0,3.7,Appuhn and Joergensen 2006
397,397,0,119,GN,Bacteria,Pseudomonadota,Alphaproteobacteria,Rhizobiales,Bradyrhizobium,Bradyrhizobium japonicum,0,3.7,Hu et al. 2024
398,398,0,441,GP,Bacteria,Firmicutes,Bacilli,Bacillales,Staphylococcus,Staphylococcus aureus,0,46.82,Salas et al. 2024
399,399,0,312,GN,Bacteria,Pseudomonadota,Alphaproteobacteria,Rickettsiales,Rickettsia,Rickettsia mooseri,0,5.4,Hu et al. 2024
400,400,0,433,GP,Bacteria,Actinomycetota,Actinomycetia,Streptomycetales,Streptomyces,Streptomyces,0,18.31,Salas et al. 2024
401,401,0,432,GP,Bacteria,Actinomycetota,Actinomycetia,Streptomycetales,Streptomyces,Streptomyces,0,21.24,Salas et al. 2024
402,402,0,48,GP,Bacteria,Actinomycetota,Actinomycetia,Streptomycetales,Streptomyces,Streptomyces griseoviridis,0,6.5,Appuhn and Joergensen 2006
403,403,0,49,GP,Bacteria,Actinomycetota,Actinomycetia,Streptomycetales,Streptomyces,Streptomyces sp.,0,9.1,Appuhn and Joergensen 2006
404,404,0,363,GP,Bacteria,Actinomycetota,Actinomycetia,Streptomycetales,Streptomyces,Streptomyces albus G,0,22.2,Hu et al. 2024
405,405,0,364,GP,Bacteria,Actinomycetota,Actinomycetia,Streptomycetales,Streptomyces,Streptomyces coelicolor Aa,0,86.45,Hu et al. 2024
406,406,0,365,GP,Bacteria,Actinomycetota,Actinomycetia,Streptomycetales,Streptomyces,Streptomyces griseoviridis,0,6.51,Hu et al. 2024
407,407,0,366,GP,Bacteria,Actinomycetota,Actinomycetia,Streptomycetales,Streptomyces,Streptomyces sp.,0,9.1,Hu et al. 2024
408,408,0,367,GP,Bacteria,Actinomycetota,Actinomycetia,Streptomycetales,Streptomyces,Streptomyces sp. K27,0,28.62,Hu et al. 2024
409,409,0,368,GP,Bacteria,Actinomycetota,Actinomycetia,Streptomycetales,Streptomyces,Streptomyces sp. R61,0,34.46,Hu et al. 2024
410,410,0,431,GP,Bacteria,Actinomycetota,Actinomycetia,Streptomycetales,Streptomyces,Streptomyces,0,22.12,Salas et al. 2024
411,411,0,430,GP,Bacteria,Actinomycetota,Actinomycetia,Streptomycetales,Streptomyces,Streptomyces,0,29.45,Salas et al. 2024
412,412,0,434,GP,Bacteria,Actinomycetota,Actinomycetia,Streptomycetales,Streptomyces,Streptomyces sp.,0,10.93,Salas et al. 2024
413,413,0,435,GP,Bacteria,Actinomycetota,Actinomycetia,Actinomycetales,Streptosporangium,Streptosporangium roseum,0,20.22,Salas et al. 2024
414,414,0,405,GN,Bacteria,CyanobacteriotaÂ,Cyanophyceae,Synechococcales,Synechococcus,Synechococcus sp.,0,1.68,Salas et al. 2024
415,415,0,369,GN,Bacteria,CyanobacteriotaÂ,Cyanophyceae,Synechococcales,Synechococcus,Synechococcus bacillaris,0,6.8,Hu et al. 2024
416,416,0,370,GN,Bacteria,CyanobacteriotaÂ,Cyanophyceae,Synechococcales,Synechococcus,Synechococcus sp.,0,15.26,Hu et al. 2024
417,417,0,403,GN,Bacteria,CyanobacteriotaÂ,Cyanophyceae,Synechococcales,Synechococcus,Synechococcus sp.,0,1.88,Salas et al. 2024
418,418,0,402,GN,Bacteria,CyanobacteriotaÂ,Cyanophyceae,Synechococcales,Synechococcus,Synechococcus sp.,0,1.98,Salas et al. 2024
419,419,0,404,GN,Bacteria,CyanobacteriotaÂ,Cyanophyceae,Synechococcales,Synechococcus,Synechococcus sp.,0,3.18,Salas et al. 2024
420,420,0,400,GN,Bacteria,Acidobacteriota,Acidobacteriia,Acidobacteriales,Terriglobus,Terriglobus roseus KBS63,0,2.52,Salas et al. 2024
421,421,0,372,GN,Bacteria,Pseudomonadota,Gammaproteobacteria,Vibrionales,Vibrio,Vibrio fetus intestinalis,0,0.97,Hu et al. 2024
422,422,0,373,GN,Bacteria,Pseudomonadota,Gammaproteobacteria,Vibrionales,Vibrio,Vibrio fetus intestinalis,0,0.95,Hu et al. 2024
423,423,0,374,GN,Bacteria,Pseudomonadota,Gammaproteobacteria,Vibrionales,Vibrio,Vibrio fetus intestinalis,0,0.91,Hu et al. 2024
424,424,0,375,GN,Bacteria,Pseudomonadota,Gammaproteobacteria,Vibrionales,Vibrio,Vibrio fetus intestinalis,0,0.85,Hu et al. 2024
425,425,0,376,GN,Bacteria,Pseudomonadota,Gammaproteobacteria,Vibrionales,Vibrio,Vibrio fetus intestinalis,0,0.85,Hu et al. 2024
426,426,0,377,GN,Bacteria,Pseudomonadota,Gammaproteobacteria,Vibrionales,Vibrio,Vibrio fetus intestinalis,0,0.83,Hu et al. 2024
427,427,0,378,GN,Bacteria,Pseudomonadota,Gammaproteobacteria,Vibrionales,Vibrio,Vibrio fetus intestinalis,0,0.83,Hu et al. 2024
428,428,0,379,GN,Bacteria,Pseudomonadota,Gammaproteobacteria,Vibrionales,Vibrio,Vibrio fetus intestinalis,0,0.79,Hu et al. 2024
429,429,0,380,GN,Bacteria,Pseudomonadota,Gammaproteobacteria,Vibrionales,Vibrio,Vibrio fetus intestinalis,0,0.79,Hu et al. 2024
430,430,0,381,GN,Bacteria,Pseudomonadota,Gammaproteobacteria,Vibrionales,Vibrio,Vibrio fetus intestinalis,0,0.78,Hu et al. 2024
431,431,0,382,GN,Bacteria,Pseudomonadota,Gammaproteobacteria,Vibrionales,Vibrio,Vibrio fetus intestinalis,0,0.75,Hu et al. 2024
432,432,0,383,GN,Bacteria,Pseudomonadota,Gammaproteobacteria,Vibrionales,Vibrio,Vibrio fetus intestinalis,0,0.71,Hu et al. 2024
433,433,0,384,GN,Bacteria,Pseudomonadota,Gammaproteobacteria,Vibrionales,Vibrio,Vibrio fetus veneralis,0,0.98,Hu et al. 2024
434,434,0,385,GN,Bacteria,Pseudomonadota,Gammaproteobacteria,Vibrionales,Vibrio,Vibrio fetus veneralis,0,0.91,Hu et al. 2024
435,435,0,386,GN,Bacteria,Pseudomonadota,Gammaproteobacteria,Vibrionales,Vibrio,Vibrio fetus veneralis,0,0.83,Hu et al. 2024
436,436,0,387,GN,Bacteria,Pseudomonadota,Gammaproteobacteria,Vibrionales,Vibrio,Vibrio fetus veneralis,0,0.79,Hu et al. 2024
437,437,0,388,GN,Bacteria,Pseudomonadota,Gammaproteobacteria,Vibrionales,Vibrio,Vibrio fetus veneralis,0,0.79,Hu et al. 2024
438,438,0,389,GN,Bacteria,Pseudomonadota,Gammaproteobacteria,Vibrionales,Vibrio,Vibrio fetus veneralis,0,0.79,Hu et al. 2024
439,439,0,390,GN,Bacteria,Pseudomonadota,Gammaproteobacteria,Vibrionales,Vibrio,Vibrio fetus veneralis,0,0.78,Hu et al. 2024
440,440,0,391,GN,Bacteria,Pseudomonadota,Gammaproteobacteria,Vibrionales,Vibrio,Vibrio fetus veneralis,0,0.77,Hu et al. 2024
441,441,0,392,GN,Bacteria,Pseudomonadota,Gammaproteobacteria,Vibrionales,Vibrio,Vibrio fetus veneralis,0,0.76,Hu et al. 2024
442,442,0,393,GN,Bacteria,Pseudomonadota,Gammaproteobacteria,Vibrionales,Vibrio,Vibrio fetus veneralis,0,0.75,Hu et al. 2024
443,443,0,394,GN,Bacteria,Pseudomonadota,Gammaproteobacteria,Vibrionales,Vibrio,Vibrio fetus veneralis,0,0.75,Hu et al. 2024
444,444,0,395,GN,Bacteria,Pseudomonadota,Gammaproteobacteria,Vibrionales,Vibrio,Vibrio fetus veneralis,0,0.72,Hu et al. 2024
445,0,1,67,NA,Fungi,Glomeromycota,Glomeromycetes,Diversisporales,Acaulospora,Acaulospora laevis,26,0,Appuhn and Joergensen 2006
446,0,2,68,NA,Fungi,Basidiomycota,Agaricomycetes,Agaricales,Aegerita,Aegerita sp.,12,0,Appuhn and Joergensen 2006
447,0,3,113,NA,Fungi,Basidiomycota,Agaricomycetes,Agaricales,Aegerita,Aegerita sp.,9.02,0,Hu et al. 2024
448,0,4,114,NA,Fungi,Basidiomycota,Agaricomycetes,Agaricales,Aegerita,Aegerita sp.,9.71,0,Hu et al. 2024
449,0,5,115,NA,Fungi,Basidiomycota,Agaricomycetes,Agaricales,Aegerita,Aegerita sp.,13.06,0,Hu et al. 2024
450,0,6,116,NA,Fungi,Basidiomycota,Agaricomycetes,Agaricales,Aegerita,Aegerita sp.,14.39,0,Hu et al. 2024
451,0,7,117,NA,Fungi,Basidiomycota,Agaricomycetes,Agaricales,Aegerita,Aegerita sp.,13.08,0,Hu et al. 2024
452,0,8,118,NA,Fungi,Basidiomycota,Agaricomycetes,Agaricales,Aegerita,Aegerita sp.,9.95,0,Hu et al. 2024
453,0,9,71,NA,Fungi,Basidiomycota,Agaricomycetes,Agaricales,Agaricus,Agaricus bisporus,43,0,Appuhn and Joergensen 2006
454,0,10,119,NA,Fungi,Basidiomycota,Agaricomycetes,Agaricales,Agaricus,Agaricus bisporus,46.9,0,Hu et al. 2024
455,0,11,120,NA,Fungi,Basidiomycota,Agaricomycetes,Agaricales,Agaricus,Agaricus bisporus,301,0,Hu et al. 2024
456,0,12,121,NA,Fungi,Basidiomycota,Agaricomycetes,Agaricales,Agaricus,Agaricus bisporus,39.55,0,Hu et al. 2024
457,0,13,122,NA,Fungi,Basidiomycota,Agaricomycetes,Agaricales,Agaricus,Agaricus bisporus,77.35,0,Hu et al. 2024
458,0,14,123,NA,Fungi,Basidiomycota,Agaricomycetes,Agaricales,Agaricus,Agaricus bisporus,117.95,0,Hu et al. 2024
459,0,15,124,NA,Fungi,Basidiomycota,Agaricomycetes,Agaricales,Agaricus,Agaricus bisporus,124.6,0,Hu et al. 2024
460,0,16,125,NA,Fungi,Basidiomycota,Agaricomycetes,Agaricales,Agaricus,Agaricus bisporus,96,0,Hu et al. 2024
461,0,17,126,NA,Fungi,Basidiomycota,Agaricomycetes,Agaricales,Agaricus,Agaricus campestris,81.2,0,Hu et al. 2024
462,0,18,127,NA,Fungi,Basidiomycota,Agaricomycetes,Agaricales,Agaricus,Agaricus campestris,35.7,0,Hu et al. 2024
463,0,19,43,NA,Fungi,Basidiomycota,Agaricomycetes,Agaricales,Agaricus,Agaricus sp.,11.69,0,Salas et al. 2024
464,0,20,69,NA,Fungi,Basidiomycota,Agaricomycetes,Boletales,Alpova,Alpova diplophloeus,76,0,Appuhn and Joergensen 2006
465,0,21,128,NA,Fungi,Basidiomycota,Agaricomycetes,Boletales,Alpova,Alpova diplophloeus,76.3,0,Hu et al. 2024
466,0,22,129,NA,Fungi,Basidiomycota,Agaricomycetes,Boletales,Alpova,Alpova diplophloeus,76.3,0,Hu et al. 2024
467,0,23,1,NA,Fungi,Ascomycota,Dothideomycetes,Pleosporales,Alternaria,Alternaria alternata,58.88,0,Salas et al. 2024
468,0,24,130,NA,Fungi,Ascomycota,Dothideomycetes,Pleosporales,Alternaria,Alternaria solani,42.4,0,Hu et al. 2024
469,0,25,131,NA,Fungi,Ascomycota,Dothideomycetes,Pleosporales,Alternaria,Alternaria solani,8.6,0,Hu et al. 2024
470,0,26,132,NA,Fungi,Ascomycota,Dothideomycetes,Pleosporales,Alternaria,Alternaria solani,37.2,0,Hu et al. 2024
471,0,27,133,NA,Fungi,Ascomycota,Dothideomycetes,Pleosporales,Alternaria,Alternaria solani,59.6,0,Hu et al. 2024
472,0,28,134,NA,Fungi,Ascomycota,Dothideomycetes,Pleosporales,Alternaria,Alternaria solani,8.3,0,Hu et al. 2024
473,0,29,135,NA,Fungi,Ascomycota,Dothideomycetes,Pleosporales,Alternaria,Alternaria solani,47.3,0,Hu et al. 2024
474,0,30,136,NA,Fungi,Ascomycota,Dothideomycetes,Pleosporales,Alternaria,Alternaria solani,138.1,0,Hu et al. 2024
475,0,31,137,NA,Fungi,Ascomycota,Dothideomycetes,Pleosporales,Alternaria,Alternaria solani,156.3,0,Hu et al. 2024
476,0,40,70,NA,Fungi,Ascomycota,Dothideomycetes,Pleosporales,Alternaria,Alternaria sp.,29,0,Appuhn and Joergensen 2006
477,0,32,138,NA,Fungi,Ascomycota,Dothideomycetes,Pleosporales,Alternaria,Alternaria tenuis,23,0,Hu et al. 2024
478,0,33,139,NA,Fungi,Ascomycota,Dothideomycetes,Pleosporales,Alternaria,Alternaria tenuis,22.7,0,Hu et al. 2024
479,0,34,140,NA,Fungi,Ascomycota,Dothideomycetes,Pleosporales,Alternaria,Alternaria tenuis,5.7,0,Hu et al. 2024
480,0,35,141,NA,Fungi,Ascomycota,Dothideomycetes,Pleosporales,Alternaria,Alternaria tenuis,20.5,0,Hu et al. 2024
481,0,36,142,NA,Fungi,Ascomycota,Dothideomycetes,Pleosporales,Alternaria,Alternaria tenuis,21.7,0,Hu et al. 2024
482,0,37,143,NA,Fungi,Ascomycota,Dothideomycetes,Pleosporales,Alternaria,Alternaria tenuis,23,0,Hu et al. 2024
483,0,38,144,NA,Fungi,Ascomycota,Dothideomycetes,Pleosporales,Alternaria,Alternaria tenuis,25,0,Hu et al. 2024
484,0,39,145,NA,Fungi,Ascomycota,Dothideomycetes,Pleosporales,Alternaria,Alternaria tenuis,29.5,0,Hu et al. 2024
485,0,41,44,NA,Fungi,Basidiomycota,Agaricomycetes,Agaricales,Amanita,Amanita muscaria,16.07,0,Salas et al. 2024
486,0,42,146,NA,Fungi,Basidiomycota,Agaricomycetes,Agaricales,Amanita,Amanita sp.,7.1,0,Hu et al. 2024
487,0,43,147,NA,Fungi,Basidiomycota,Agaricomycetes,Agaricales,Amanita,Amanita sp.,6.7,0,Hu et al. 2024
488,0,44,148,NA,Fungi,Basidiomycota,Agaricomycetes,Agaricales,Amanita,Amanita sp.,7,0,Hu et al. 2024
489,0,45,149,NA,Fungi,Basidiomycota,Agaricomycetes,Agaricales,Amanita,Amanita sp.,6.8,0,Hu et al. 2024
490,0,46,150,NA,Fungi,Basidiomycota,Agaricomycetes,Agaricales,Amanita,Amanita sp.,7.4,0,Hu et al. 2024
491,0,47,72,NA,Fungi,Oomycota,Oomycetes,Saprolegniales,Aphanomyces,Aphanomyces cladogenes,35,0,Appuhn and Joergensen 2006
492,0,48,151,NA,Fungi,Oomycota,Oomycetes,Saprolegniales,Aphanomyces,Aphanomyces cladogenes,35,0,Hu et al. 2024
493,0,49,152,NA,Fungi,Oomycota,Oomycetes,Saprolegniales,Aphanomyces,Aphanomyces cladogenes,35,0,Hu et al. 2024
494,0,50,153,NA,Fungi,Oomycota,Oomycetes,Saprolegniales,Aphanomyces,Aphanomyces euteiches,37.45,0,Hu et al. 2024
495,0,51,45,NA,Fungi,Basidiomycota,Agaricomycetes,Agaricales,Armillaria,Armillaria bulbosa,21.87,0,Salas et al. 2024
496,0,52,156,NA,Fungi,Basidiomycota,Agaricomycetes,Agaricales,Armillaria,Armillaria mellea,23.45,0,Hu et al. 2024
497,0,53,73,NA,Fungi,Ascomycota,Dothideomycetes,Pleosporales,Ascochyta,Ascochyta pisi,49,0,Appuhn and Joergensen 2006
498,0,54,157,NA,Fungi,Ascomycota,Dothideomycetes,Pleosporales,Ascochyta,Ascochyta pisi,47,0,Hu et al. 2024
499,0,55,2,NA,Fungi,Ascomycota,Eurotiomycetes,Eurotiales,Aspergillus,Aspergillus brasiliensis,81.79,0,Salas et al. 2024
500,0,56,158,NA,Fungi,Ascomycota,Eurotiomycetes,Eurotiales,Aspergillus,Aspergillus flavus,6.4,0,Hu et al. 2024
501,0,57,159,NA,Fungi,Ascomycota,Eurotiomycetes,Eurotiales,Aspergillus,Aspergillus fumigatus,57,0,Hu et al. 2024
502,0,58,160,NA,Fungi,Ascomycota,Eurotiomycetes,Eurotiales,Aspergillus,Aspergillus fumigatus,45.14,0,Hu et al. 2024
503,0,59,161,NA,Fungi,Ascomycota,Eurotiomycetes,Eurotiales,Aspergillus,Aspergillus glaucus,3.1,0,Hu et al. 2024
504,0,60,162,NA,Fungi,Ascomycota,Eurotiomycetes,Eurotiales,Aspergillus,Aspergillus glaucus,18.9,0,Hu et al. 2024
505,0,61,3,NA,Fungi,Ascomycota,Eurotiomycetes,Eurotiales,Aspergillus,Aspergillus nidulans,40.01,0,Salas et al. 2024
506,0,62,163,NA,Fungi,Ascomycota,Eurotiomycetes,Eurotiales,Aspergillus,Aspergillus nidulans,57.75,0,Hu et al. 2024
507,0,63,164,NA,Fungi,Ascomycota,Eurotiomycetes,Eurotiales,Aspergillus,Aspergillus nidulans,58.8,0,Hu et al. 2024
508,0,64,165,NA,Fungi,Ascomycota,Eurotiomycetes,Eurotiales,Aspergillus,Aspergillus nidulans,60.55,0,Hu et al. 2024
509,0,65,166,NA,Fungi,Ascomycota,Eurotiomycetes,Eurotiales,Aspergillus,Aspergillus nidulans,59.15,0,Hu et al. 2024
510,0,66,167,NA,Fungi,Ascomycota,Eurotiomycetes,Eurotiales,Aspergillus,Aspergillus nidulans,58.45,0,Hu et al. 2024
511,0,67,168,NA,Fungi,Ascomycota,Eurotiomycetes,Eurotiales,Aspergillus,Aspergillus nidulans,76.65,0,Hu et al. 2024
512,0,68,169,NA,Fungi,Ascomycota,Eurotiomycetes,Eurotiales,Aspergillus,Aspergillus nidulans,6.65,0,Hu et al. 2024
513,0,69,170,NA,Fungi,Ascomycota,Eurotiomycetes,Eurotiales,Aspergillus,Aspergillus niger,31.85,0,Hu et al. 2024
514,0,70,171,NA,Fungi,Ascomycota,Eurotiomycetes,Eurotiales,Aspergillus,Aspergillus niger,146,0,Hu et al. 2024
515,0,71,172,NA,Fungi,Ascomycota,Eurotiomycetes,Eurotiales,Aspergillus,Aspergillus niger,31.19,0,Hu et al. 2024
516,0,72,173,NA,Fungi,Ascomycota,Eurotiomycetes,Eurotiales,Aspergillus,Aspergillus niger,44.8,0,Hu et al. 2024
517,0,73,174,NA,Fungi,Ascomycota,Eurotiomycetes,Eurotiales,Aspergillus,Aspergillus niger,48,0,Hu et al. 2024
518,0,74,175,NA,Fungi,Ascomycota,Eurotiomycetes,Eurotiales,Aspergillus,Aspergillus niger,42,0,Hu et al. 2024
519,0,75,176,NA,Fungi,Ascomycota,Eurotiomycetes,Eurotiales,Aspergillus,Aspergillus niger,42.7,0,Hu et al. 2024
520,0,76,177,NA,Fungi,Ascomycota,Eurotiomycetes,Eurotiales,Aspergillus,Aspergillus niger,48,0,Hu et al. 2024
521,0,77,178,NA,Fungi,Ascomycota,Eurotiomycetes,Eurotiales,Aspergillus,Aspergillus niger,34.65,0,Hu et al. 2024
522,0,78,179,NA,Fungi,Ascomycota,Eurotiomycetes,Eurotiales,Aspergillus,Aspergillus niger,40.8,0,Hu et al. 2024
523,0,79,180,NA,Fungi,Ascomycota,Eurotiomycetes,Eurotiales,Aspergillus,Aspergillus niger,12.87,0,Hu et al. 2024
524,0,80,181,NA,Fungi,Ascomycota,Eurotiomycetes,Eurotiales,Aspergillus,Aspergillus niger,33.25,0,Hu et al. 2024
525,0,81,182,NA,Fungi,Ascomycota,Eurotiomycetes,Eurotiales,Aspergillus,Aspergillus niger,19,0,Hu et al. 2024
526,0,82,183,NA,Fungi,Ascomycota,Eurotiomycetes,Eurotiales,Aspergillus,Aspergillus niger,22.05,0,Hu et al. 2024
527,0,83,184,NA,Fungi,Ascomycota,Eurotiomycetes,Eurotiales,Aspergillus,Aspergillus niger,31.15,0,Hu et al. 2024
528,0,84,185,NA,Fungi,Ascomycota,Eurotiomycetes,Eurotiales,Aspergillus,Aspergillus niger,33.95,0,Hu et al. 2024
529,0,85,186,NA,Fungi,Ascomycota,Eurotiomycetes,Eurotiales,Aspergillus,Aspergillus niger,41.65,0,Hu et al. 2024
530,0,86,187,NA,Fungi,Ascomycota,Eurotiomycetes,Eurotiales,Aspergillus,Aspergillus niger,45.85,0,Hu et al. 2024
531,0,87,188,NA,Fungi,Ascomycota,Eurotiomycetes,Eurotiales,Aspergillus,Aspergillus niger,40.6,0,Hu et al. 2024
532,0,88,189,NA,Fungi,Ascomycota,Eurotiomycetes,Eurotiales,Aspergillus,Aspergillus ochraceus,100,0,Hu et al. 2024
533,0,89,190,NA,Fungi,Ascomycota,Eurotiomycetes,Eurotiales,Aspergillus,Aspergillus ochraceus,88.5,0,Hu et al. 2024
534,0,90,191,NA,Fungi,Ascomycota,Eurotiomycetes,Eurotiales,Aspergillus,Aspergillus ochraceus,100,0,Hu et al. 2024
535,0,91,192,NA,Fungi,Ascomycota,Eurotiomycetes,Eurotiales,Aspergillus,Aspergillus ochraceus,76.9,0,Hu et al. 2024
536,0,92,193,NA,Fungi,Ascomycota,Eurotiomycetes,Eurotiales,Aspergillus,Aspergillus ochraceus,76.9,0,Hu et al. 2024
537,0,93,194,NA,Fungi,Ascomycota,Eurotiomycetes,Eurotiales,Aspergillus,Aspergillus oryzae,78,0,Hu et al. 2024
538,0,94,195,NA,Fungi,Ascomycota,Eurotiomycetes,Eurotiales,Aspergillus,Aspergillus oryzae,15.82,0,Hu et al. 2024
539,0,95,196,NA,Fungi,Ascomycota,Eurotiomycetes,Eurotiales,Aspergillus,Aspergillus oryzae,83,0,Hu et al. 2024
540,0,96,197,NA,Fungi,Ascomycota,Eurotiomycetes,Eurotiales,Aspergillus,Aspergillus oryzae,86,0,Hu et al. 2024
541,0,97,198,NA,Fungi,Ascomycota,Eurotiomycetes,Eurotiales,Aspergillus,Aspergillus oryzae,86,0,Hu et al. 2024
542,0,98,199,NA,Fungi,Ascomycota,Eurotiomycetes,Eurotiales,Aspergillus,Aspergillus oryzae,90,0,Hu et al. 2024
543,0,99,200,NA,Fungi,Ascomycota,Eurotiomycetes,Eurotiales,Aspergillus,Aspergillus oryzae,92,0,Hu et al. 2024
544,0,100,201,NA,Fungi,Ascomycota,Eurotiomycetes,Eurotiales,Aspergillus,Aspergillus oryzae,92,0,Hu et al. 2024
545,0,101,202,NA,Fungi,Ascomycota,Eurotiomycetes,Eurotiales,Aspergillus,Aspergillus oryzae,86,0,Hu et al. 2024
546,0,102,203,NA,Fungi,Ascomycota,Eurotiomycetes,Eurotiales,Aspergillus,Aspergillus oryzae,81,0,Hu et al. 2024
547,0,103,204,NA,Fungi,Ascomycota,Eurotiomycetes,Eurotiales,Aspergillus,Aspergillus oryzae,9.8,0,Hu et al. 2024
548,0,104,205,NA,Fungi,Ascomycota,Eurotiomycetes,Eurotiales,Aspergillus,Aspergillus oryzae,93,0,Hu et al. 2024
549,0,105,206,NA,Fungi,Ascomycota,Eurotiomycetes,Eurotiales,Aspergillus,Aspergillus oryzae,95,0,Hu et al. 2024
550,0,106,207,NA,Fungi,Ascomycota,Eurotiomycetes,Eurotiales,Aspergillus,Aspergillus oryzae,70,0,Hu et al. 2024
551,0,107,208,NA,Fungi,Ascomycota,Eurotiomycetes,Eurotiales,Aspergillus,Aspergillus oryzae,99,0,Hu et al. 2024
552,0,108,209,NA,Fungi,Ascomycota,Eurotiomycetes,Eurotiales,Aspergillus,Aspergillus oryzae,8.16,0,Hu et al. 2024
553,0,109,210,NA,Fungi,Ascomycota,Eurotiomycetes,Eurotiales,Aspergillus,Aspergillus oryzae,26.01,0,Hu et al. 2024
554,0,110,211,NA,Fungi,Ascomycota,Eurotiomycetes,Eurotiales,Aspergillus,Aspergillus oryzae,67,0,Hu et al. 2024
555,0,111,212,NA,Fungi,Ascomycota,Eurotiomycetes,Eurotiales,Aspergillus,Aspergillus oryzae,69,0,Hu et al. 2024
556,0,112,213,NA,Fungi,Ascomycota,Eurotiomycetes,Eurotiales,Aspergillus,Aspergillus oryzae,74,0,Hu et al. 2024
557,0,113,214,NA,Fungi,Ascomycota,Eurotiomycetes,Eurotiales,Aspergillus,Aspergillus oryzae,83,0,Hu et al. 2024
558,0,114,215,NA,Fungi,Ascomycota,Eurotiomycetes,Eurotiales,Aspergillus,Aspergillus oryzae,79,0,Hu et al. 2024
559,0,115,216,NA,Fungi,Ascomycota,Eurotiomycetes,Eurotiales,Aspergillus,Aspergillus parasiticus,41,0,Hu et al. 2024
560,0,116,217,NA,Fungi,Ascomycota,Eurotiomycetes,Eurotiales,Aspergillus,Aspergillus parasiticus,41,0,Hu et al. 2024
561,0,123,74,NA,Fungi,Ascomycota,Eurotiomycetes,Eurotiales,Aspergillus,Aspergillus sp.,75,0,Appuhn and Joergensen 2006
562,0,117,218,NA,Fungi,Ascomycota,Eurotiomycetes,Eurotiales,Aspergillus,Aspergillus versicolor,72.2,0,Hu et al. 2024
563,0,118,219,NA,Fungi,Ascomycota,Eurotiomycetes,Eurotiales,Aspergillus,Aspergillus versicolor,90.2,0,Hu et al. 2024
564,0,119,220,NA,Fungi,Ascomycota,Eurotiomycetes,Eurotiales,Aspergillus,Aspergillus versicolor,81.2,0,Hu et al. 2024
565,0,120,221,NA,Fungi,Ascomycota,Eurotiomycetes,Eurotiales,Aspergillus,Aspergillus versicolor,72.2,0,Hu et al. 2024
566,0,121,222,NA,Fungi,Ascomycota,Eurotiomycetes,Eurotiales,Aspergillus,Aspergillus versicolor,90.2,0,Hu et al. 2024
567,0,122,223,NA,Fungi,Ascomycota,Eurotiomycetes,Eurotiales,Aspergillus,Aspergillus wentii,54.65,0,Hu et al. 2024
568,0,124,224,NA,Fungi,Basidiomycota,Agaricomycetes,Boletales,Astraeus,Astraeus hygrometricus,7.29,0,Hu et al. 2024
569,0,125,225,NA,Fungi,Oomycota,Oomycetes,Saprolegniales,Atkinsiella,Atkinsiella sp.,7.63,0,Hu et al. 2024
570,0,126,226,NA,Fungi,Ascomycota,Euascomycetes,Dothideales,Aureobasidium,Aureobasidium pullulans (de Bary),167,0,Hu et al. 2024
571,0,127,227,NA,Fungi,Basidiomycota,Agaricomycetes,Auriculariales,Auricularia,Auricularia auricula,26,0,Hu et al. 2024
572,0,790,807,NA,Fungi,Basidiomycota,Agaricomycetes,Auriculariales,Auricularia,Auricularia auricula-judae,12.96,0,Hu et al. 2024
573,0,128,46,NA,Fungi,Basidiomycota,Agaricomycetes,Auriculariales,Auricularia,Auricularia polytricha,7.52,0,Salas et al. 2024
574,0,129,228,NA,Fungi,Basidiomycota,Agaricomycetes,Auriculariales,Auricularia,Auricularia polytricha,25,0,Hu et al. 2024
575,0,130,75,NA,Fungi,Basidiomycota,Agaricomycetes,Auriculariales,Auricularia,Auricularia sp.,14,0,Appuhn and Joergensen 2006
576,0,131,229,NA,Fungi,Ascomycota,Sordariomycetes,Hypocreales,Beauveria,Beauveria bassina,71.4,0,Hu et al. 2024
577,0,132,230,NA,Fungi,Ascomycota,Sordariomycetes,Hypocreales,Beauveria,Beauveria bassina,77.9,0,Hu et al. 2024
578,0,133,231,NA,Fungi,Ascomycota,Sordariomycetes,Hypocreales,Beauveria,Beauveria bassina,77.7,0,Hu et al. 2024
579,0,134,232,NA,Fungi,Ascomycota,Sordariomycetes,Hypocreales,Beauveria,Beauveria bassina,83.4,0,Hu et al. 2024
580,0,135,233,NA,Fungi,Ascomycota,Sordariomycetes,Hypocreales,Beauveria,Beauveria bassina,87.4,0,Hu et al. 2024
581,0,136,234,NA,Fungi,Ascomycota,Sordariomycetes,Hypocreales,Beauveria,Beauveria bassina,86.8,0,Hu et al. 2024
582,0,137,235,NA,Fungi,Ascomycota,Sordariomycetes,Hypocreales,Beauveria,Beauveria bassina,67.8,0,Hu et al. 2024
583,0,138,236,NA,Fungi,Ascomycota,Sordariomycetes,Hypocreales,Beauveria,Beauveria senella,73.7,0,Hu et al. 2024
584,0,139,76,NA,Fungi,Ascomycota,Sordariomycetes,Hypocreales,Beauveria,Beauveria sp.,77,0,Appuhn and Joergensen 2006
585,0,140,5,NA,Fungi,Ascomycota,Sordariomycetes,Hypocreales,Bionectria,Bionectria ochroleuca,76.58,0,Salas et al. 2024
586,0,141,6,NA,Fungi,Ascomycota,Sordariomycetes,Hypocreales,Bionectria,Bionectria ochroleuca,76.94,0,Salas et al. 2024
587,0,142,7,NA,Fungi,Ascomycota,Sordariomycetes,Hypocreales,Bionectria,Bionectria ochroleuca,68.11,0,Salas et al. 2024
588,0,143,8,NA,Fungi,Ascomycota,Sordariomycetes,Hypocreales,Bionectria,Bionectria ochroleuca,85.45,0,Salas et al. 2024
589,0,144,9,NA,Fungi,Ascomycota,Sordariomycetes,Hypocreales,Bionectria,Bionectria ochroleuca,75.82,0,Salas et al. 2024
590,0,145,237,NA,Fungi,Basidiomycota,Agaricomycetes,Polyporales,Bjerkandera,Bjerkandera adusta,31.1,0,Hu et al. 2024
591,0,146,10,NA,Fungi,Ascomycota,Sordariomycetes,Saccharomycetales,Blastobotrys,Blastobotrys sp.,50.2,0,Salas et al. 2024
592,0,147,238,NA,Fungi,Ascomycota,Eurotiomycetes,Onygenales,Blastomyces,Blastomyces dermatitidis,64.75,0,Hu et al. 2024
593,0,148,239,NA,Fungi,Ascomycota,Eurotiomycetes,Onygenales,Blastomyces,Blastomyces dermatitidis,32.2,0,Hu et al. 2024
594,0,149,240,NA,Fungi,Ascomycota,Eurotiomycetes,Onygenales,Blastomyces,Blastomyces dermatitidis,193.55,0,Hu et al. 2024
595,0,150,241,NA,Fungi,Ascomycota,Eurotiomycetes,Onygenales,Blastomyces,Blastomyces dermatitidis,112.35,0,Hu et al. 2024
596,0,151,242,NA,Fungi,Ascomycota,Eurotiomycetes,Onygenales,Blastomyces,Blastomyces dermatitidis,112.35,0,Hu et al. 2024
597,0,152,243,NA,Fungi,Ascomycota,Eurotiomycetes,Onygenales,Blastomyces,Blastomyces dermatitidis,168,0,Hu et al. 2024
598,0,153,244,NA,Fungi,Ascomycota,Eurotiomycetes,Onygenales,Blastomyces,Blastomyces dermatitidis,106.4,0,Hu et al. 2024
599,0,154,245,NA,Fungi,Ascomycota,Eurotiomycetes,Onygenales,Blastomyces,Blastomyces dermatitidis,118.3,0,Hu et al. 2024
600,0,155,246,NA,Fungi,Ascomycota,Eurotiomycetes,Onygenales,Blastomyces,Blastomyces dermatitidis,93.8,0,Hu et al. 2024
601,0,156,247,NA,Fungi,Ascomycota,Eurotiomycetes,Onygenales,Blastomyces,Blastomyces dermatitidis,70.95,0,Hu et al. 2024
602,0,157,248,NA,Fungi,Ascomycota,Eurotiomycetes,Onygenales,Blastomyces,Blastomyces dermatitidis,78.21,0,Hu et al. 2024
603,0,158,249,NA,Fungi,Ascomycota,Eurotiomycetes,Onygenales,Blastomyces,Blastomyces dermatitidis,87.15,0,Hu et al. 2024
604,0,159,250,NA,Fungi,Ascomycota,Eurotiomycetes,Onygenales,Blastomyces,Blastomyces dermatitidis,96.25,0,Hu et al. 2024
605,0,160,251,NA,Fungi,Ascomycota,Eurotiomycetes,Onygenales,Blastomyces,Blastomyces dermatitidis,107.1,0,Hu et al. 2024
606,0,161,252,NA,Fungi,Basidiomycota,Agaricomycetes,Boletales,Boletus,Boletus barrowsii,13.5,0,Hu et al. 2024
607,0,162,11,NA,Fungi,Ascomycota,Sordariomycetes,Boliniales,Boliniaceae,Boliniaceae sp.,30.34,0,Salas et al. 2024
608,0,163,253,NA,Fungi,Ascomycota,Leotiomycetes,Heliotales,Botrytis,Botrytis cinerea,50,0,Hu et al. 2024
609,0,164,77,NA,Fungi,Ascomycota,Sordariomycetes,Magnaporthales,Buergenerula,Buergenerula spartinae,18,0,Appuhn and Joergensen 2006
610,0,165,254,NA,Fungi,Ascomycota,Sordariomycetes,Magnaporthales,Buergenerula,Buergenerula spartinae,8.5,0,Hu et al. 2024
611,0,166,255,NA,Fungi,Ascomycota,Sordariomycetes,Magnaporthales,Buergenerula,Buergenerula spartinae,17.85,0,Hu et al. 2024
612,0,167,256,NA,Fungi,Ascomycota,Sordariomycetes,Magnaporthales,Buergenerula,Buergenerula spartinae,17.9,0,Hu et al. 2024
613,0,168,257,NA,Fungi,Ascomycota,Sordariomycetes,Magnaporthales,Buergenerula,Buergenerula spartinae,27.2,0,Hu et al. 2024
614,0,169,12,NA,Fungi,Ascomycota,Leotiomycetes,Heliotales,Cadophora,Cadophora finlandica,33.71,0,Salas et al. 2024
615,0,170,258,NA,Fungi,Ascomycota,Pichiomycetes,Serinales,Candida,Candida albicans,11.3,0,Hu et al. 2024
616,0,171,259,NA,Fungi,Ascomycota,Pichiomycetes,Serinales,Candida,Candida albicans,12.5,0,Hu et al. 2024
617,0,172,260,NA,Fungi,Ascomycota,Pichiomycetes,Serinales,Candida,Candida albicans,10.4,0,Hu et al. 2024
618,0,173,261,NA,Fungi,Ascomycota,Pichiomycetes,Serinales,Candida,Candida albicans,10.7,0,Hu et al. 2024
619,0,174,262,NA,Fungi,Ascomycota,Pichiomycetes,Serinales,Candida,Candida albicans,14.8,0,Hu et al. 2024
620,0,175,263,NA,Fungi,Ascomycota,Pichiomycetes,Serinales,Candida,Candida albicans,9.45,0,Hu et al. 2024
621,0,176,264,NA,Fungi,Ascomycota,Pichiomycetes,Serinales,Candida,Candida albicans,10.15,0,Hu et al. 2024
622,0,177,265,NA,Fungi,Ascomycota,Pichiomycetes,Serinales,Candida,Candida albicans,37.1,0,Hu et al. 2024
623,0,178,266,NA,Fungi,Ascomycota,Pichiomycetes,Serinales,Candida,Candida albicans,34.65,0,Hu et al. 2024
624,0,179,267,NA,Fungi,Ascomycota,Pichiomycetes,Serinales,Candida,Candida albicans LAT1,75.6,0,Hu et al. 2024
625,0,180,268,NA,Fungi,Ascomycota,Pichiomycetes,Serinales,Candida,Candida albicans LAT1,36.75,0,Hu et al. 2024
626,0,181,269,NA,Fungi,Ascomycota,Pichiomycetes,Serinales,Candida,Candida albicans LEV1,38.15,0,Hu et al. 2024
627,0,182,270,NA,Fungi,Ascomycota,Pichiomycetes,Serinales,Candida,Candida albicans LEV1,38.15,0,Hu et al. 2024
628,0,183,271,NA,Fungi,Ascomycota,Pichiomycetes,Serinales,Candida,Candida utilis,6.3,0,Hu et al. 2024
629,0,184,272,NA,Fungi,Ascomycota,Pichiomycetes,Serinales,Candida,Candida utilis,4.9,0,Hu et al. 2024
630,0,185,273,NA,Fungi,Ascomycota,Sordariomycetes,Hypocreales,Cephalosporium,Cephalosporium acremonium,52,0,Hu et al. 2024
631,0,186,13,NA,Fungi,Basidiomycota,Agaricomycetes,Microascales,Cephalotrichum,Cephalotrichum microsporum,79.73,0,Salas et al. 2024
632,0,187,14,NA,Fungi,Ascomycota,Sordariomycetes,Chaetosphaeriales,Chaetosphaeriaceae,Chaetosphaeriaceae sp.,26.74,0,Salas et al. 2024
633,0,188,274,NA,Fungi,Mucoromycota,Mucoromycetes,Mucorales,Choanephora,Choanephora cucurbitarum,19.43,0,Hu et al. 2024
634,0,189,78,NA,Fungi,Ascomycota,Dothideomycetes,Capnodiales,Cladosporium,Cladosporium cladospororoides,78,0,Appuhn and Joergensen 2006
635,0,190,275,NA,Fungi,Ascomycota,Dothideomycetes,Capnodiales,Cladosporium,Cladosporium cladospororoides,77.8,0,Hu et al. 2024
636,0,191,276,NA,Fungi,Ascomycota,Eurotiomycetes,Onygenales,Coccidioides,Coccidioides immitis,43.75,0,Hu et al. 2024
637,0,192,277,NA,Fungi,Ascomycota,Eurotiomycetes,Onygenales,Coccidioides,Coccidioides immitis,73.5,0,Hu et al. 2024
638,0,193,278,NA,Fungi,Ascomycota,Eurotiomycetes,Onygenales,Coccidioides,Coccidioides immitis,15.4,0,Hu et al. 2024
639,0,194,279,NA,Fungi,Ascomycota,Sordariomycetes,Glomerellales,Colletotrichum,Colletotrichum coccodes,71.8,0,Hu et al. 2024
640,0,195,280,NA,Fungi,Ascomycota,Sordariomycetes,Glomerellales,Colletotrichum,Colletotrichum coccodes,11.3,0,Hu et al. 2024
641,0,196,281,NA,Fungi,Ascomycota,Sordariomycetes,Glomerellales,Colletotrichum,Colletotrichum coccodes,33.7,0,Hu et al. 2024
642,0,197,282,NA,Fungi,Ascomycota,Sordariomycetes,Glomerellales,Colletotrichum,Colletotrichum coccodes,54.3,0,Hu et al. 2024
643,0,198,283,NA,Fungi,Ascomycota,Sordariomycetes,Glomerellales,Colletotrichum,Colletotrichum coccodes,18.1,0,Hu et al. 2024
644,0,199,284,NA,Fungi,Ascomycota,Sordariomycetes,Glomerellales,Colletotrichum,Colletotrichum coccodes,4.4,0,Hu et al. 2024
645,0,200,285,NA,Fungi,Ascomycota,Sordariomycetes,Glomerellales,Colletotrichum,Colletotrichum coccodes,11.7,0,Hu et al. 2024
646,0,201,286,NA,Fungi,Ascomycota,Sordariomycetes,Glomerellales,Colletotrichum,Colletotrichum coccodes,31.2,0,Hu et al. 2024
647,0,202,287,NA,Fungi,Ascomycota,Sordariomycetes,Glomerellales,Colletotrichum,Colletotrichum phomoides,28,0,Hu et al. 2024
648,0,203,288,NA,Fungi,Ascomycota,Sordariomycetes,Glomerellales,Colletotrichum,Colletotrichum phomoides,9.2,0,Hu et al. 2024
649,0,204,289,NA,Fungi,Ascomycota,Sordariomycetes,Glomerellales,Colletotrichum,Colletotrichum phomoides,30.3,0,Hu et al. 2024
650,0,205,290,NA,Fungi,Ascomycota,Sordariomycetes,Glomerellales,Colletotrichum,Colletotrichum phomoides,36,0,Hu et al. 2024
651,0,206,291,NA,Fungi,Ascomycota,Sordariomycetes,Glomerellales,Colletotrichum,Colletotrichum phomoides,40,0,Hu et al. 2024
652,0,207,292,NA,Fungi,Ascomycota,Sordariomycetes,Glomerellales,Colletotrichum,Colletotrichum phomoides,27.7,0,Hu et al. 2024
653,0,208,293,NA,Fungi,Ascomycota,Sordariomycetes,Glomerellales,Colletotrichum,Colletotrichum phomoides,30.7,0,Hu et al. 2024
654,0,209,79,NA,Fungi,Ascomycota,Sordariomycetes,Glomerellales,Colletotrichum,Colletotrichum sp.,30,0,Appuhn and Joergensen 2006
655,0,210,15,NA,Fungi,Ascomycota,Sordariomycetes,Coniochaetales,Coniochaeta,Coniochaeta hoffmannii,30.12,0,Salas et al. 2024
656,0,211,80,NA,Fungi,Basidiomycota,Agaricomycetes,Polyporales,Coriolus,Coriolus versicolor,12,0,Appuhn and Joergensen 2006
657,0,212,294,NA,Fungi,Basidiomycota,Agaricomycetes,Polyporales,Coriolus,Coriolus versicolor,10.02,0,Hu et al. 2024
658,0,213,295,NA,Fungi,Basidiomycota,Agaricomycetes,Polyporales,Coriolus,Coriolus versicolor,10.02,0,Hu et al. 2024
659,0,214,296,NA,Fungi,Basidiomycota,Agaricomycetes,Polyporales,Coriolus,Coriolus versicolor,10.02,0,Hu et al. 2024
660,0,215,47,NA,Fungi,Basidiomycota,Agaricomycetes,Cantharellales,Craterellus,Craterellus cornucopioides,18.99,0,Salas et al. 2024
661,0,216,81,NA,Fungi,Basidiomycota,Agaricomycetes,Agaricales,Crinipellis,Crinipellis perniciosa,18,0,Appuhn and Joergensen 2006
662,0,217,297,NA,Fungi,Basidiomycota,Agaricomycetes,Agaricales,Crinipellis,Crinipellis perniciosa,36.08,0,Hu et al. 2024
663,0,218,298,NA,Fungi,Basidiomycota,Agaricomycetes,Agaricales,Crinipellis,Crinipellis perniciosa,215.65,0,Hu et al. 2024
664,0,219,299,NA,Fungi,Basidiomycota,Agaricomycetes,Agaricales,Crinipellis,Crinipellis perniciosa,9.62,0,Hu et al. 2024
665,0,220,300,NA,Fungi,Basidiomycota,Agaricomycetes,Agaricales,Crinipellis,Crinipellis perniciosa,68.05,0,Hu et al. 2024
666,0,221,301,NA,Fungi,Basidiomycota,Agaricomycetes,Agaricales,Crinipellis,Crinipellis perniciosa,9.14,0,Hu et al. 2024
667,0,222,302,NA,Fungi,Basidiomycota,Agaricomycetes,Agaricales,Crinipellis,Crinipellis perniciosa,11.4,0,Hu et al. 2024
668,0,223,303,NA,Fungi,Basidiomycota,Agaricomycetes,Agaricales,Crinipellis,Crinipellis perniciosa,20.22,0,Hu et al. 2024
669,0,224,82,NA,Fungi,Ascomycota,Orbiliomycetes,Orbiliales,Dactylium,Dactylium dendroides,79,0,Appuhn and Joergensen 2006
670,0,225,305,NA,Fungi,Ascomycota,Orbiliomycetes,Orbiliales,Dactylium,Dactylium dendroides,79,0,Hu et al. 2024
671,0,226,306,NA,Fungi,Ascomycota,Orbiliomycetes,Orbiliales,Dactylium,Dactylium dendroides,79,0,Hu et al. 2024
672,0,227,307,NA,Fungi,Ascomycota,Dothideomycetes,Pleosporales,Didymella,Didymella bryoniae,121.45,0,Hu et al. 2024
673,0,228,308,NA,Fungi,Ascomycota,Sordariomycetes,Microascales,Doratomyces,Doratomyces microsporus,184,0,Hu et al. 2024
674,0,230,16,NA,Fungi,Ascomycota,Dothideomycetes,Pleosporales,Epicoccum,Epicoccum nigrum,36.89,0,Salas et al. 2024
675,0,231,310,NA,Fungi,Ascomycota,Eurotiomycetes,Onygenales,Epidermophyton,Epidermophyton floccosum,34,0,Hu et al. 2024
676,0,232,311,NA,Fungi,Ascomycota,Eurotiomycetes,Onygenales,Epidermophyton,Epidermophyton floccosum,103.95,0,Hu et al. 2024
677,0,233,312,NA,Fungi,Ascomycota,Leotiomycetes,Erysiphales,Erysiphe,Erysiphe graminis,11.59,0,Hu et al. 2024
678,0,234,313,NA,Fungi,Ascomycota,Leotiomycetes,Erysiphales,Erysiphe,Erysiphe graminis,28.56,0,Hu et al. 2024
679,0,235,314,NA,Fungi,Ascomycota,Eurotiomycetes,Eurotiales,Eurotium,Eurotium echinulatum,2.44,0,Hu et al. 2024
680,0,236,315,NA,Fungi,Ascomycota,Eurotiomycetes,Eurotiales,Eurotium,Eurotium echinulatum,14.9,0,Hu et al. 2024
681,0,237,17,NA,Fungi,Ascomycota,Eurotiomycetes,Chaetothyriales,Exophiala,Exophiala sp.,13.24,0,Salas et al. 2024
682,0,229,309,NA,Fungi,Basidiomycota,Agaricomycetes,Agaricales,Flammulina,Flammulina filiformis,26.43,0,Hu et al. 2024
683,0,238,316,NA,Fungi,Basidiomycota,Agaricomycetes,Agaricales,Flammulina,Flammulina velutipes,98.3,0,Hu et al. 2024
684,0,239,317,NA,Fungi,Basidiomycota,Agaricomycetes,Agaricales,Flammulina,Flammulina velutipes,12.1,0,Hu et al. 2024
685,0,240,318,NA,Fungi,Ascomycota,Sordariomycetes,Hypocreales,Fusarium,Fusarium decemcellulare,76,0,Hu et al. 2024
686,0,241,18,NA,Fungi,Ascomycota,Sordariomycetes,Hypocreales,Fusarium,Fusarium fujikurio,65.1,0,Salas et al. 2024
687,0,242,19,NA,Fungi,Ascomycota,Sordariomycetes,Hypocreales,Fusarium,Fusarium fujikurio,61.99,0,Salas et al. 2024
688,0,243,20,NA,Fungi,Ascomycota,Sordariomycetes,Hypocreales,Fusarium,Fusarium fujikurio,53.76,0,Salas et al. 2024
689,0,244,21,NA,Fungi,Ascomycota,Sordariomycetes,Hypocreales,Fusarium,Fusarium fujikuroi,37.87,0,Salas et al. 2024
690,0,245,319,NA,Fungi,Ascomycota,Sordariomycetes,Hypocreales,Fusarium,Fusarium graminearum,31,0,Hu et al. 2024
691,0,246,320,NA,Fungi,Ascomycota,Sordariomycetes,Hypocreales,Fusarium,Fusarium moniliforme,113.5,0,Hu et al. 2024
692,0,247,321,NA,Fungi,Ascomycota,Sordariomycetes,Hypocreales,Fusarium,Fusarium oxysporum,84.6,0,Hu et al. 2024
693,0,248,322,NA,Fungi,Ascomycota,Sordariomycetes,Hypocreales,Fusarium,Fusarium oxysporum,67.9,0,Hu et al. 2024
694,0,249,323,NA,Fungi,Ascomycota,Sordariomycetes,Hypocreales,Fusarium,Fusarium oxysporum,76,0,Hu et al. 2024
695,0,250,324,NA,Fungi,Ascomycota,Sordariomycetes,Hypocreales,Fusarium,Fusarium oxysporum,83.1,0,Hu et al. 2024
696,0,251,325,NA,Fungi,Ascomycota,Sordariomycetes,Hypocreales,Fusarium,Fusarium oxysporum,82,0,Hu et al. 2024
697,0,252,326,NA,Fungi,Ascomycota,Sordariomycetes,Hypocreales,Fusarium,Fusarium oxysporum,62,0,Hu et al. 2024
698,0,253,327,NA,Fungi,Ascomycota,Sordariomycetes,Hypocreales,Fusarium,Fusarium oxysporum,23,0,Hu et al. 2024
699,0,254,328,NA,Fungi,Ascomycota,Sordariomycetes,Hypocreales,Fusarium,Fusarium oxysporum,9.8,0,Hu et al. 2024
700,0,255,329,NA,Fungi,Ascomycota,Sordariomycetes,Hypocreales,Fusarium,Fusarium oxysporum,18.9,0,Hu et al. 2024
701,0,256,330,NA,Fungi,Ascomycota,Sordariomycetes,Hypocreales,Fusarium,Fusarium oxysporum,38,0,Hu et al. 2024
702,0,257,331,NA,Fungi,Ascomycota,Sordariomycetes,Hypocreales,Fusarium,Fusarium oxysporum,38,0,Hu et al. 2024
703,0,258,332,NA,Fungi,Ascomycota,Sordariomycetes,Hypocreales,Fusarium,Fusarium oxysporum,196.8,0,Hu et al. 2024
704,0,259,333,NA,Fungi,Ascomycota,Sordariomycetes,Hypocreales,Fusarium,Fusarium oxysporum,63,0,Hu et al. 2024
705,0,260,334,NA,Fungi,Ascomycota,Sordariomycetes,Hypocreales,Fusarium,Fusarium oxysporum,40,0,Hu et al. 2024
706,0,261,335,NA,Fungi,Ascomycota,Sordariomycetes,Hypocreales,Fusarium,Fusarium oxysporum,20,0,Hu et al. 2024
707,0,262,336,NA,Fungi,Ascomycota,Sordariomycetes,Hypocreales,Fusarium,Fusarium oxysporum,61.3,0,Hu et al. 2024
708,0,263,337,NA,Fungi,Ascomycota,Sordariomycetes,Hypocreales,Fusarium,Fusarium oxysporum,144.8,0,Hu et al. 2024
709,0,264,338,NA,Fungi,Ascomycota,Sordariomycetes,Hypocreales,Fusarium,Fusarium oxysporum,33,0,Hu et al. 2024
710,0,265,339,NA,Fungi,Ascomycota,Sordariomycetes,Hypocreales,Fusarium,Fusarium oxysporum,43,0,Hu et al. 2024
711,0,266,340,NA,Fungi,Ascomycota,Sordariomycetes,Hypocreales,Fusarium,Fusarium oxysporum,25,0,Hu et al. 2024
712,0,267,341,NA,Fungi,Ascomycota,Sordariomycetes,Hypocreales,Fusarium,Fusarium oxysporum,44,0,Hu et al. 2024
713,0,268,342,NA,Fungi,Ascomycota,Sordariomycetes,Hypocreales,Fusarium,Fusarium oxysporum,50.9,0,Hu et al. 2024
714,0,269,343,NA,Fungi,Ascomycota,Sordariomycetes,Hypocreales,Fusarium,Fusarium oxysporum,70.5,0,Hu et al. 2024
715,0,270,344,NA,Fungi,Ascomycota,Sordariomycetes,Hypocreales,Fusarium,Fusarium oxysporum,23,0,Hu et al. 2024
716,0,271,345,NA,Fungi,Ascomycota,Sordariomycetes,Hypocreales,Fusarium,Fusarium oxysporum,71,0,Hu et al. 2024
717,0,272,346,NA,Fungi,Ascomycota,Sordariomycetes,Hypocreales,Fusarium,Fusarium oxysporum,35,0,Hu et al. 2024
718,0,273,347,NA,Fungi,Ascomycota,Sordariomycetes,Hypocreales,Fusarium,Fusarium oxysporum,19,0,Hu et al. 2024
719,0,274,348,NA,Fungi,Ascomycota,Sordariomycetes,Hypocreales,Fusarium,Fusarium oxysporum,54,0,Hu et al. 2024
720,0,275,349,NA,Fungi,Ascomycota,Sordariomycetes,Hypocreales,Fusarium,Fusarium oxysporum,34,0,Hu et al. 2024
721,0,276,350,NA,Fungi,Ascomycota,Sordariomycetes,Hypocreales,Fusarium,Fusarium oxysporum,30.8,0,Hu et al. 2024
722,0,277,351,NA,Fungi,Ascomycota,Sordariomycetes,Hypocreales,Fusarium,Fusarium oxysporum,38,0,Hu et al. 2024
723,0,278,352,NA,Fungi,Ascomycota,Sordariomycetes,Hypocreales,Fusarium,Fusarium oxysporum,88.35,0,Hu et al. 2024
724,0,279,353,NA,Fungi,Ascomycota,Sordariomycetes,Hypocreales,Fusarium,Fusarium sp.,22.1,0,Hu et al. 2024
725,0,280,354,NA,Fungi,Ascomycota,Sordariomycetes,Hypocreales,Fusarium,Fusarium sp.,92.8,0,Hu et al. 2024
726,0,281,355,NA,Fungi,Ascomycota,Sordariomycetes,Hypocreales,Fusarium,Fusarium sp.,57.45,0,Hu et al. 2024
727,0,282,356,NA,Fungi,Ascomycota,Sordariomycetes,Hypocreales,Fusarium,Fusarium sp.,57.5,0,Hu et al. 2024
728,0,286,83,NA,Fungi,Ascomycota,Sordariomycetes,Hypocreales,Fusarium,Fusarium sp.,69,0,Appuhn and Joergensen 2006
729,0,283,357,NA,Fungi,Ascomycota,Sordariomycetes,Hypocreales,Fusarium,Fusarium sulphureum,43.75,0,Hu et al. 2024
730,0,284,358,NA,Fungi,Ascomycota,Sordariomycetes,Hypocreales,Fusarium,Fusarium sulphureum,66.5,0,Hu et al. 2024
731,0,285,359,NA,Fungi,Ascomycota,Sordariomycetes,Hypocreales,Fusarium,Fusarium sulphureum,4.92,0,Hu et al. 2024
732,0,287,360,NA,Fungi,Ascomycota,Dothideomycetes,Botryosphaeriales,Fusicoccum,Fusicoccum amygdali,45,0,Hu et al. 2024
733,0,288,84,NA,Fungi,Basidiomycota,Agaricomycetes,Polyporales,Ganoderma,Ganoderma lucidum,69,0,Appuhn and Joergensen 2006
734,0,289,361,NA,Fungi,Basidiomycota,Agaricomycetes,Polyporales,Ganoderma,Ganoderma lucidum,166,0,Hu et al. 2024
735,0,290,362,NA,Fungi,Basidiomycota,Agaricomycetes,Polyporales,Ganoderma,Ganoderma tsugae,15.05,0,Hu et al. 2024
736,0,291,363,NA,Fungi,Basidiomycota,Agaricomycetes,Polyporales,Ganoderma,Ganoderma tsugae,27.65,0,Hu et al. 2024
737,0,292,364,NA,Fungi,Basidiomycota,Agaricomycetes,Polyporales,Ganoderma,Ganoderma tsugae,33.95,0,Hu et al. 2024
738,0,293,365,NA,Fungi,Basidiomycota,Agaricomycetes,Geastrales,Geastrum,Geastrum minimum,6.38,0,Hu et al. 2024
739,0,294,22,NA,Fungi,Ascomycota,Leotiomycetes,Heliotales,Geomyces,Geomyces sp.,35.28,0,Salas et al. 2024
740,0,295,366,NA,Fungi,Ascomycota,Saccharomycetes,Saccharomycetales,Geotrichum,Geotrichum candidum,0.2,0,Hu et al. 2024
741,0,296,367,NA,Fungi,Ascomycota,Saccharomycetes,Saccharomycetales,Geotrichum,Geotrichum candidum,28,0,Hu et al. 2024
742,0,297,368,NA,Fungi,Ascomycota,Saccharomycetes,Saccharomycetales,Geotrichum,Geotrichum candidum,28.7,0,Hu et al. 2024
743,0,298,369,NA,Fungi,Ascomycota,Saccharomycetes,Saccharomycetales,Geotrichum,Geotrichum candidum,63.4,0,Hu et al. 2024
744,0,299,370,NA,Fungi,Ascomycota,Saccharomycetes,Saccharomycetales,Geotrichum,Geotrichum candidum,29.6,0,Hu et al. 2024
745,0,300,371,NA,Fungi,Ascomycota,Saccharomycetes,Saccharomycetales,Geotrichum,Geotrichum candidum,11.2,0,Hu et al. 2024
746,0,301,372,NA,Fungi,Ascomycota,Saccharomycetes,Saccharomycetales,Geotrichum,Geotrichum candidum,13.6,0,Hu et al. 2024
747,0,302,373,NA,Fungi,Ascomycota,Saccharomycetes,Saccharomycetales,Geotrichum,Geotrichum candidum,21,0,Hu et al. 2024
748,0,303,374,NA,Fungi,Ascomycota,Saccharomycetes,Saccharomycetales,Geotrichum,Geotrichum candidum,21.7,0,Hu et al. 2024
749,0,304,375,NA,Fungi,Ascomycota,Saccharomycetes,Saccharomycetales,Geotrichum,Geotrichum candidum,44,0,Hu et al. 2024
750,0,305,376,NA,Fungi,Ascomycota,Saccharomycetes,Saccharomycetales,Geotrichum,Geotrichum candidum,26,0,Hu et al. 2024
751,0,306,377,NA,Fungi,Ascomycota,Saccharomycetes,Saccharomycetales,Geotrichum,Geotrichum candidum,28,0,Hu et al. 2024
752,0,307,378,NA,Fungi,Ascomycota,Saccharomycetes,Saccharomycetales,Geotrichum,Geotrichum candidum,78.4,0,Hu et al. 2024
753,0,308,379,NA,Fungi,Ascomycota,Saccharomycetes,Saccharomycetales,Geotrichum,Geotrichum candidum,8.2,0,Hu et al. 2024
754,0,309,380,NA,Fungi,Ascomycota,Saccharomycetes,Saccharomycetales,Geotrichum,Geotrichum lactis,21.35,0,Hu et al. 2024
755,0,310,381,NA,Fungi,Ascomycota,Saccharomycetes,Saccharomycetales,Geotrichum,Geotrichum lactis,9.8,0,Hu et al. 2024
756,0,311,85,NA,Fungi,Ascomycota,Saccharomycetes,Saccharomycetales,Geotrichum,Geotrichum sp.,26,0,Appuhn and Joergensen 2006
757,0,312,86,NA,Fungi,Ascomycota,Sordariomycetes,Hypocreales,Gibberella,Gibberella fujikurot,84,0,Appuhn and Joergensen 2006
758,0,313,382,NA,Fungi,Ascomycota,Sordariomycetes,Hypocreales,Gibberella,Gibberella fujikurot,86.2,0,Hu et al. 2024
759,0,314,23,NA,Fungi,Ascomycota,Sordariomycetes,Glomerellales,Gibellulopsis,Gibellulopsis nigrescens,23.14,0,Salas et al. 2024
760,0,315,383,NA,Fungi,Basidiomycota,Agaricomycetes,Gloeophyllales,Gloeophyllum,Gloeophyllum trabeum,17.1,0,Hu et al. 2024
761,0,316,87,NA,Fungi,Ascomycota,Sordariomycetes,Glomerellales,Glomerella,Glomerella cingulata,25,0,Appuhn and Joergensen 2006
762,0,317,384,NA,Fungi,Ascomycota,Sordariomycetes,Glomerellales,Glomerella,Glomerella cingulata,25,0,Hu et al. 2024
763,0,318,385,NA,Fungi,Ascomycota,Sordariomycetes,Glomerellales,Glomerella,Glomerella cingulata,25,0,Hu et al. 2024
764,0,319,88,NA,Fungi,Glomeromycota,Glomeromycetes,Glomerales,Glomus,Glomus sp.,31,0,Appuhn and Joergensen 2006
765,0,320,48,NA,Fungi,Basidiomycota,Agaricomycetes,Polyporales,Grifola,Grifola frondosa,13.91,0,Salas et al. 2024
766,0,321,387,NA,Fungi,Basidiomycota,Agaricomycetes,Polyporales,Grifola,Grifola frondosa,16.7,0,Hu et al. 2024
767,0,322,89,NA,Fungi,Basidiomycota,Agaricomycetes,Boletales,Gyrodon,Gyrodon lividus,112,0,Appuhn and Joergensen 2006
768,0,323,393,NA,Fungi,Basidiomycota,Agaricomycetes,Boletales,Gyrodon,Gyrodon lividus,112,0,Hu et al. 2024
769,0,324,394,NA,Fungi,Basidiomycota,Agaricomycetes,Boletales,Gyrodon,Gyrodon lividus,112,0,Hu et al. 2024
770,0,325,395,NA,Fungi,Ascomycota,Saccharomycetes,Saccharomycetales,Hansenula,Hansenula anomala,10,0,Hu et al. 2024
771,0,326,90,NA,Fungi,Basidiomycota,Agaricomycetes,Agaricales,Hebeloma,Hebeloma cylindrosporum,37,0,Appuhn and Joergensen 2006
772,0,327,396,NA,Fungi,Basidiomycota,Agaricomycetes,Agaricales,Hebeloma,Hebeloma cylindrosporum,97.8,0,Hu et al. 2024
773,0,328,397,NA,Fungi,Basidiomycota,Agaricomycetes,Agaricales,Hebeloma,Hebeloma cylindrosporum,26.4,0,Hu et al. 2024
774,0,329,398,NA,Fungi,Basidiomycota,Agaricomycetes,Agaricales,Hebeloma,Hebeloma cylindrosporum,83.2,0,Hu et al. 2024
775,0,330,399,NA,Fungi,Basidiomycota,Agaricomycetes,Agaricales,Hebeloma,Hebeloma cylindrosporum,87.7,0,Hu et al. 2024
776,0,331,400,NA,Fungi,Basidiomycota,Agaricomycetes,Agaricales,Hebeloma,Hebeloma cylindrosporum,88.4,0,Hu et al. 2024
777,0,332,401,NA,Fungi,Basidiomycota,Agaricomycetes,Agaricales,Hebeloma,Hebeloma cylindrosporum,89.2,0,Hu et al. 2024
778,0,333,402,NA,Fungi,Basidiomycota,Agaricomycetes,Agaricales,Hebeloma,Hebeloma cylindrosporum,26.4,0,Hu et al. 2024
779,0,334,403,NA,Fungi,Basidiomycota,Agaricomycetes,Agaricales,Hebeloma,Hebeloma cylindrosporum,29.8,0,Hu et al. 2024
780,0,335,404,NA,Fungi,Basidiomycota,Agaricomycetes,Agaricales,Hebeloma,Hebeloma cylindrosporum,33.3,0,Hu et al. 2024
781,0,336,405,NA,Fungi,Basidiomycota,Agaricomycetes,Agaricales,Hebeloma,Hebeloma cylindrosporum,87.3,0,Hu et al. 2024
782,0,337,406,NA,Fungi,Basidiomycota,Agaricomycetes,Agaricales,Hebeloma,Hebeloma cylindrosporum,85.2,0,Hu et al. 2024
783,0,338,407,NA,Fungi,Basidiomycota,Agaricomycetes,Agaricales,Hebeloma,Hebeloma cylindrosporum,75.2,0,Hu et al. 2024
784,0,339,408,NA,Fungi,Basidiomycota,Agaricomycetes,Agaricales,Hebeloma,Hebeloma cylindrosporum,35.5,0,Hu et al. 2024
785,0,340,409,NA,Fungi,Basidiomycota,Agaricomycetes,Agaricales,Hebeloma,Hebeloma cylindrosporum,107.5,0,Hu et al. 2024
786,0,341,410,NA,Fungi,Basidiomycota,Agaricomycetes,Agaricales,Hebeloma,Hebeloma cylindrosporum,35.5,0,Hu et al. 2024
787,0,342,411,NA,Fungi,Basidiomycota,Agaricomycetes,Agaricales,Hebeloma,Hebeloma cylindrosporum,85.2,0,Hu et al. 2024
788,0,343,412,NA,Fungi,Basidiomycota,Agaricomycetes,Agaricales,Hebeloma,Hebeloma cylindrosporum,76.5,0,Hu et al. 2024
789,0,344,413,NA,Fungi,Basidiomycota,Agaricomycetes,Agaricales,Hebeloma,Hebeloma cylindrosporum,29.1,0,Hu et al. 2024
790,0,345,414,NA,Fungi,Basidiomycota,Agaricomycetes,Agaricales,Hebeloma,Hebeloma cylindrosporum,29.1,0,Hu et al. 2024
791,0,346,415,NA,Fungi,Basidiomycota,Agaricomycetes,Agaricales,Hebeloma,Hebeloma cylindrosporum,78.1,0,Hu et al. 2024
792,0,347,416,NA,Fungi,Basidiomycota,Agaricomycetes,Agaricales,Hebeloma,Hebeloma cylindrosporum,85,0,Hu et al. 2024
793,0,348,417,NA,Fungi,Basidiomycota,Agaricomycetes,Agaricales,Hebeloma,Hebeloma cylindrosporum,107,0,Hu et al. 2024
794,0,349,418,NA,Fungi,Basidiomycota,Agaricomycetes,Agaricales,Hebeloma,Hebeloma cylindrosporum,27.7,0,Hu et al. 2024
795,0,350,419,NA,Fungi,Basidiomycota,Agaricomycetes,Agaricales,Hebeloma,Hebeloma cylindrosporum,29.8,0,Hu et al. 2024
796,0,351,420,NA,Fungi,Basidiomycota,Agaricomycetes,Agaricales,Hebeloma,Hebeloma cylindrosporum,29.6,0,Hu et al. 2024
797,0,352,421,NA,Fungi,Basidiomycota,Agaricomycetes,Agaricales,Hebeloma,Hebeloma cylindrosporum,27.7,0,Hu et al. 2024
798,0,353,422,NA,Fungi,Basidiomycota,Agaricomycetes,Agaricales,Hebeloma,Hebeloma cylindrosporum,29.6,0,Hu et al. 2024
799,0,354,423,NA,Fungi,Basidiomycota,Agaricomycetes,Agaricales,Hebeloma,Hebeloma cylindrosporum,33.3,0,Hu et al. 2024
800,0,355,424,NA,Fungi,Ascomycota,Leotiomycetes,Heliotales,Helicodendron,Helicodendron conglomeratum,8.1,0,Hu et al. 2024
801,0,356,425,NA,Fungi,Ascomycota,Leotiomycetes,Heliotales,Helicodendron,Helicodendron conglomeratum,11.8,0,Hu et al. 2024
802,0,357,426,NA,Fungi,Ascomycota,Leotiomycetes,Heliotales,Helicodendron,Helicodendron conglomeratum,8.95,0,Hu et al. 2024
803,0,358,427,NA,Fungi,Ascomycota,Leotiomycetes,Heliotales,Helicodendron,Helicodendron conglomeratum,12.44,0,Hu et al. 2024
804,0,359,428,NA,Fungi,Ascomycota,Leotiomycetes,Heliotales,Helicodendron,Helicodendron conglomeratum,10.7,0,Hu et al. 2024
805,0,360,429,NA,Fungi,Ascomycota,Leotiomycetes,Heliotales,Helicodendron,Helicodendron conglomeratum,11,0,Hu et al. 2024
806,0,361,430,NA,Fungi,Ascomycota,Leotiomycetes,Heliotales,Helicodendron,Helicodendron conglomeratum,12.37,0,Hu et al. 2024
807,0,362,431,NA,Fungi,Ascomycota,Leotiomycetes,Heliotales,Helicodendron,Helicodendron conglomeratum,13.2,0,Hu et al. 2024
808,0,363,432,NA,Fungi,Ascomycota,Leotiomycetes,Heliotales,Helicodendron,Helicodendron conglomeratum,14.4,0,Hu et al. 2024
809,0,364,433,NA,Fungi,Ascomycota,Leotiomycetes,Heliotales,Helicodendron,Helicodendron conglomeratum,9.61,0,Hu et al. 2024
810,0,365,434,NA,Fungi,Ascomycota,Leotiomycetes,Heliotales,Helicodendron,Helicodendron fuscum,5.6,0,Hu et al. 2024
811,0,366,435,NA,Fungi,Ascomycota,Leotiomycetes,Heliotales,Helicodendron,Helicodendron fuscum,8.5,0,Hu et al. 2024
812,0,367,436,NA,Fungi,Ascomycota,Leotiomycetes,Heliotales,Helicodendron,Helicodendron fuscum,10.6,0,Hu et al. 2024
813,0,368,437,NA,Fungi,Ascomycota,Leotiomycetes,Heliotales,Helicodendron,Helicodendron fuscum,5,0,Hu et al. 2024
814,0,369,438,NA,Fungi,Ascomycota,Leotiomycetes,Heliotales,Helicodendron,Helicodendron giganteum,16.6,0,Hu et al. 2024
815,0,370,439,NA,Fungi,Ascomycota,Leotiomycetes,Heliotales,Helicodendron,Helicodendron giganteum,18.5,0,Hu et al. 2024
816,0,371,440,NA,Fungi,Ascomycota,Leotiomycetes,Heliotales,Helicodendron,Helicodendron giganteum,19.6,0,Hu et al. 2024
817,0,372,441,NA,Fungi,Ascomycota,Leotiomycetes,Heliotales,Helicodendron,Helicodendron giganteum,15.6,0,Hu et al. 2024
818,0,373,442,NA,Fungi,Ascomycota,Leotiomycetes,Heliotales,Helicodendron,Helicodendron hyalinum,7.7,0,Hu et al. 2024
819,0,374,443,NA,Fungi,Ascomycota,Leotiomycetes,Heliotales,Helicodendron,Helicodendron hyalinum,5.5,0,Hu et al. 2024
820,0,375,444,NA,Fungi,Ascomycota,Leotiomycetes,Heliotales,Helicodendron,Helicodendron hyalinum,7.3,0,Hu et al. 2024
821,0,376,445,NA,Fungi,Ascomycota,Leotiomycetes,Heliotales,Helicodendron,Helicodendron hyalinum,9.6,0,Hu et al. 2024
822,0,385,91,NA,Fungi,Ascomycota,Leotiomycetes,Heliotales,Helicodendron,Helicodendron sp.,15,0,Appuhn and Joergensen 2006
823,0,377,446,NA,Fungi,Ascomycota,Leotiomycetes,Heliotales,Helicodendron,Helicodendron triglitziense,35.6,0,Hu et al. 2024
824,0,378,447,NA,Fungi,Ascomycota,Leotiomycetes,Heliotales,Helicodendron,Helicodendron triglitziense,53.5,0,Hu et al. 2024
825,0,379,448,NA,Fungi,Ascomycota,Leotiomycetes,Heliotales,Helicodendron,Helicodendron triglitziense,44,0,Hu et al. 2024
826,0,380,449,NA,Fungi,Ascomycota,Leotiomycetes,Heliotales,Helicodendron,Helicodendron triglitziense,26.5,0,Hu et al. 2024
827,0,381,450,NA,Fungi,Ascomycota,Leotiomycetes,Heliotales,Helicodendron,Helicodendron tubulosum,8.2,0,Hu et al. 2024
828,0,382,451,NA,Fungi,Ascomycota,Leotiomycetes,Heliotales,Helicodendron,Helicodendron tubulosum,10.2,0,Hu et al. 2024
829,0,383,452,NA,Fungi,Ascomycota,Leotiomycetes,Heliotales,Helicodendron,Helicodendron tubulosum,6.2,0,Hu et al. 2024
830,0,384,453,NA,Fungi,Ascomycota,Leotiomycetes,Heliotales,Helicodendron,Helicodendron tubulosum,3.1,0,Hu et al. 2024
831,0,386,454,NA,Fungi,Ascomycota,Orbiliomycetes,Orbiliales,Helicoon,Helicoon ellipticum,7.8,0,Hu et al. 2024
832,0,387,455,NA,Fungi,Ascomycota,Orbiliomycetes,Orbiliales,Helicoon,Helicoon ellipticum,9.6,0,Hu et al. 2024
833,0,388,456,NA,Fungi,Ascomycota,Orbiliomycetes,Orbiliales,Helicoon,Helicoon ellipticum,9.4,0,Hu et al. 2024
834,0,389,457,NA,Fungi,Ascomycota,Orbiliomycetes,Orbiliales,Helicoon,Helicoon ellipticum,7.7,0,Hu et al. 2024
835,0,390,458,NA,Fungi,Ascomycota,Orbiliomycetes,Orbiliales,Helicoon,Helicoon fuscosporum,13.5,0,Hu et al. 2024
836,0,391,459,NA,Fungi,Ascomycota,Orbiliomycetes,Orbiliales,Helicoon,Helicoon fuscosporum,2.3,0,Hu et al. 2024
837,0,392,460,NA,Fungi,Ascomycota,Orbiliomycetes,Orbiliales,Helicoon,Helicoon fuscosporum,4.5,0,Hu et al. 2024
838,0,393,461,NA,Fungi,Ascomycota,Orbiliomycetes,Orbiliales,Helicoon,Helicoon fuscosporum,11.2,0,Hu et al. 2024
839,0,394,92,NA,Fungi,Ascomycota,Orbiliomycetes,Orbiliales,Helicoon,Helicoon sp.,9,0,Appuhn and Joergensen 2006
840,0,395,462,NA,Fungi,Ascomycota,Dothideomycetes,Pleosporales,Helminthosporium,Helminthosporium sativum,30.1,0,Hu et al. 2024
841,0,396,93,NA,Fungi,Ascomycota,Dothideomycetes,Pleosporales,Helmintosporium,Helmintosporium sativum,12,0,Appuhn and Joergensen 2006
842,0,397,463,NA,Fungi,Ascomycota,Dothideomycetes,Pleosporales,Helmintosporium,Helmintosporium sativum,12,0,Hu et al. 2024
843,0,398,464,NA,Fungi,Ascomycota,Dothideomycetes,Pleosporales,Helmintosporium,Helmintosporium sativum,12,0,Hu et al. 2024
844,0,399,465,NA,Fungi,Ascomycota,Dothideomycetes,Botryosphaeriales,Hendersonula,Hendersonula toruloidea,7.97,0,Hu et al. 2024
845,0,400,466,NA,Fungi,Ascomycota,Dothideomycetes,Botryosphaeriales,Hendersonula,Hendersonula toruloidea,48.7,0,Hu et al. 2024
846,0,401,49,NA,Fungi,Basidiomycota,Agaricomycetes,Russulales,Hericium,Hericium sp.,8.57,0,Salas et al. 2024
847,0,402,25,NA,Fungi,Ascomycota,Pezizomycetes,Pezizales,Heydenia,Heydenia sp.,54.98,0,Salas et al. 2024
848,0,403,94,NA,Fungi,Basidiomycota,Agaricomycetes,Hymenochaetales,Hirschioporus,Hirschioporus abietinus,15,0,Appuhn and Joergensen 2006
849,0,404,467,NA,Fungi,Basidiomycota,Agaricomycetes,Hymenochaetales,Hirschioporus,Hirschioporus abietinus,12.49,0,Hu et al. 2024
850,0,405,468,NA,Fungi,Basidiomycota,Agaricomycetes,Hymenochaetales,Hirschioporus,Hirschioporus abietinus,12.49,0,Hu et al. 2024
851,0,406,469,NA,Fungi,Basidiomycota,Agaricomycetes,Hymenochaetales,Hirschioporus,Hirschioporus abietinus,12.49,0,Hu et al. 2024
852,0,407,470,NA,Fungi,Ascomycota,Eurotiomycetes,Onygenales,Histoplasma,Histoplasma capsulatum,58.8,0,Hu et al. 2024
853,0,408,471,NA,Fungi,Ascomycota,Eurotiomycetes,Onygenales,Histoplasma,Histoplasma capsulatum,28.13,0,Hu et al. 2024
854,0,409,472,NA,Fungi,Ascomycota,Eurotiomycetes,Onygenales,Histoplasma,Histoplasma capsulatum,104.3,0,Hu et al. 2024
855,0,410,473,NA,Fungi,Ascomycota,Eurotiomycetes,Onygenales,Histoplasma,Histoplasma capsulatum,131.6,0,Hu et al. 2024
856,0,411,474,NA,Fungi,Ascomycota,Eurotiomycetes,Onygenales,Histoplasma,Histoplasma capsulatum,185.85,0,Hu et al. 2024
857,0,412,475,NA,Fungi,Ascomycota,Eurotiomycetes,Onygenales,Histoplasma,Histoplasma capsulatum,136.85,0,Hu et al. 2024
858,0,413,476,NA,Fungi,Ascomycota,Eurotiomycetes,Onygenales,Histoplasma,Histoplasma capsulatum,41.65,0,Hu et al. 2024
859,0,414,477,NA,Fungi,Ascomycota,Eurotiomycetes,Onygenales,Histoplasma,Histoplasma capsulatum,114.8,0,Hu et al. 2024
860,0,415,478,NA,Fungi,Ascomycota,Eurotiomycetes,Onygenales,Histoplasma,Histoplasma capsulatum,43.05,0,Hu et al. 2024
861,0,416,479,NA,Fungi,Ascomycota,Eurotiomycetes,Onygenales,Histoplasma,Histoplasma capsulatum,78.75,0,Hu et al. 2024
862,0,417,480,NA,Fungi,Ascomycota,Eurotiomycetes,Onygenales,Histoplasma,Histoplasma capsulatum,70.35,0,Hu et al. 2024
863,0,418,481,NA,Fungi,Ascomycota,Eurotiomycetes,Onygenales,Histoplasma,Histoplasma capsulatum,87.15,0,Hu et al. 2024
864,0,419,482,NA,Fungi,Ascomycota,Eurotiomycetes,Onygenales,Histoplasma,Histoplasma capsulatum,86.1,0,Hu et al. 2024
865,0,420,483,NA,Fungi,Ascomycota,Eurotiomycetes,Onygenales,Histoplasma,Histoplasma capsulatum,90.65,0,Hu et al. 2024
866,0,421,484,NA,Fungi,Ascomycota,Eurotiomycetes,Onygenales,Histoplasma,Histoplasma capsulatum,125.3,0,Hu et al. 2024
867,0,422,485,NA,Fungi,Basidiomycota,Agaricomycetes,Agaricales,Hypsizygus,Hypsizygus tessulatus,3.9,0,Hu et al. 2024
868,0,423,486,NA,Fungi,Basidiomycota,Agaricomycetes,Agaricales,Hypsizygus,Hypsizygus tessulatus,15.7,0,Hu et al. 2024
869,0,424,95,NA,Fungi,Basidiomycota,Agaricomycetes,Agaricales,Laccaria,Laccaria laccata,24,0,Appuhn and Joergensen 2006
870,0,425,487,NA,Fungi,Basidiomycota,Agaricomycetes,Agaricales,Laccaria,Laccaria laccata,19,0,Hu et al. 2024
871,0,426,488,NA,Fungi,Basidiomycota,Agaricomycetes,Agaricales,Laccaria,Laccaria laccata,47.4,0,Hu et al. 2024
872,0,427,489,NA,Fungi,Basidiomycota,Agaricomycetes,Agaricales,Laccaria,Laccaria laccata,22.7,0,Hu et al. 2024
873,0,428,490,NA,Fungi,Basidiomycota,Agaricomycetes,Agaricales,Laccaria,Laccaria laccata,18.9,0,Hu et al. 2024
874,0,429,491,NA,Fungi,Basidiomycota,Agaricomycetes,Agaricales,Laccaria,Laccaria laccata,15.9,0,Hu et al. 2024
875,0,430,492,NA,Fungi,Basidiomycota,Agaricomycetes,Agaricales,Laccaria,Laccaria laccata,22.1,0,Hu et al. 2024
876,0,431,493,NA,Fungi,Basidiomycota,Agaricomycetes,Russulales,Lactarius,Lactarius deliciosus,3.9,0,Hu et al. 2024
877,0,432,494,NA,Fungi,Basidiomycota,Agaricomycetes,Russulales,Lactarius,Lactarius deliciosus,40.2,0,Hu et al. 2024
878,0,433,495,NA,Fungi,Oomycota,Oomycetes,Lagenidiales,Lagenidium,Lagenidium callinectes,2.45,0,Hu et al. 2024
879,0,434,496,NA,Fungi,Oomycota,Oomycetes,Lagenidiales,Lagenidium,Lagenidium chthamalophilum,7.35,0,Hu et al. 2024
880,0,435,497,NA,Fungi,Oomycota,Oomycetes,Lagenidiales,Lagenidium,Lagenidium giganteum,3.15,0,Hu et al. 2024
881,0,436,50,NA,Fungi,Basidiomycota,Agaricomycetes,Agaricales,Lentinula,Lentinula edodes,30.06,0,Salas et al. 2024
882,0,437,498,NA,Fungi,Basidiomycota,Agaricomycetes,Agaricales,Lentinula,Lentinula edodes,18.7,0,Hu et al. 2024
883,0,438,499,NA,Fungi,Basidiomycota,Agaricomycetes,Agaricales,Lentinula,Lentinula edodes,19.4,0,Hu et al. 2024
884,0,439,500,NA,Fungi,Basidiomycota,Agaricomycetes,Agaricales,Lentinula,Lentinula edodes,24.9,0,Hu et al. 2024
885,0,726,757,NA,Fungi,Basidiomycota,Agaricomycetes,Agaricales,Lentinula,Lentinula edodes,38.52,0,Hu et al. 2024
886,0,440,501,NA,Fungi,Ascomycota,Dothideomycetes,Pleosporales,Leptosphaeria,Leptosphaeria albopunctata,16.73,0,Hu et al. 2024
887,0,441,502,NA,Fungi,Ascomycota,Dothideomycetes,Pleosporales,Leptosphaeria,Leptosphaeria allorgei,39.73,0,Hu et al. 2024
888,0,442,503,NA,Fungi,Ascomycota,Dothideomycetes,Pleosporales,Leptosphaeria,Leptosphaeria discors,72.17,0,Hu et al. 2024
889,0,443,504,NA,Fungi,Ascomycota,Dothideomycetes,Pleosporales,Leptosphaeria,Leptosphaeria nitschkei,50.86,0,Hu et al. 2024
890,0,444,505,NA,Fungi,Ascomycota,Dothideomycetes,Pleosporales,Leptosphaeria,Leptosphaeria orae-maris,37.63,0,Hu et al. 2024
891,0,445,506,NA,Fungi,Ascomycota,Dothideomycetes,Pleosporales,Leptosphaeria,Leptosphaeria robusta,60.94,0,Hu et al. 2024
892,0,446,27,NA,Fungi,Ascomycota,Dothideomycetes,Melotiales,Melotiales,Melotiales sp.,43.99,0,Salas et al. 2024
893,0,447,507,NA,Fungi,Ascomycota,Sordariomycetes,Hypocreales,Metarhizium,Metarhizium anisopliae,99.5,0,Hu et al. 2024
894,0,448,28,NA,Fungi,Ascomycota,Sordariomycetes,Xylariales,Microdochium,Microdochium bolleyi,54.88,0,Salas et al. 2024
895,0,449,508,NA,Fungi,Ascomycota,Eurotiomycetes,Onygenales,Microsporum,Microsporum canis,93.1,0,Hu et al. 2024
896,0,450,509,NA,Fungi,Ascomycota,Eurotiomycetes,Onygenales,Microsporum,Microsporum gypseum,96.95,0,Hu et al. 2024
897,0,451,510,NA,Fungi,Ascomycota,Eurotiomycetes,Onygenales,Microsporum,Microsporum gypseum,109.2,0,Hu et al. 2024
898,0,452,511,NA,Fungi,Ascomycota,Eurotiomycetes,Eurotiales,Monascus,Monascus purpureus,57.7,0,Hu et al. 2024
899,0,453,512,NA,Fungi,Ascomycota,Eurotiomycetes,Eurotiales,Monascus,Monascus purpureus,62.2,0,Hu et al. 2024
900,0,454,513,NA,Fungi,Ascomycota,Eurotiomycetes,Eurotiales,Monascus,Monascus purpureus,54.2,0,Hu et al. 2024
901,0,455,514,NA,Fungi,Ascomycota,Eurotiomycetes,Eurotiales,Monascus,Monascus purpureus,71.2,0,Hu et al. 2024
902,0,456,515,NA,Fungi,Ascomycota,Pezizomycetes,Pezizales,Morchella,Morchella sp.,37,0,Hu et al. 2024
903,0,457,516,NA,Fungi,Ascomycota,Pezizomycetes,Pezizales,Morchella,Morchella sp.,30,0,Hu et al. 2024
904,0,458,517,NA,Fungi,Ascomycota,Pezizomycetes,Pezizales,Morchella,Morchella sp.,23,0,Hu et al. 2024
905,0,459,518,NA,Fungi,Ascomycota,Pezizomycetes,Pezizales,Morchella,Morchella sp.,25,0,Hu et al. 2024
906,0,460,519,NA,Fungi,Ascomycota,Pezizomycetes,Pezizales,Morchella,Morchella sp.,31,0,Hu et al. 2024
907,0,461,520,NA,Fungi,Ascomycota,Pezizomycetes,Pezizales,Morchella,Morchella sp.,25,0,Hu et al. 2024
908,0,462,521,NA,Fungi,Ascomycota,Pezizomycetes,Pezizales,Morchella,Morchella sp.,23,0,Hu et al. 2024
909,0,463,522,NA,Fungi,Ascomycota,Pezizomycetes,Pezizales,Morchella,Morchella sp.,30,0,Hu et al. 2024
910,0,464,523,NA,Fungi,Ascomycota,Pezizomycetes,Pezizales,Morchella,Morchella sp.,31,0,Hu et al. 2024
911,0,465,524,NA,Fungi,Ascomycota,Pezizomycetes,Pezizales,Morchella,Morchella sp.,24,0,Hu et al. 2024
912,0,466,525,NA,Fungi,Ascomycota,Pezizomycetes,Pezizales,Morchella,Morchella sp.,28,0,Hu et al. 2024
913,0,467,526,NA,Fungi,Ascomycota,Pezizomycetes,Pezizales,Morchella,Morchella sp.,35,0,Hu et al. 2024
914,0,468,29,NA,Fungi,Ascomycota,Pezizomycetes,Pezizales,Morchella,Morchella elata,14.59,0,Salas et al. 2024
915,0,469,527,NA,Fungi,Ascomycota,Pezizomycetes,Pezizales,Morchella,Morchella esculenta,17,0,Hu et al. 2024
916,0,470,55,NA,Fungi,Zygomycota,Mortierellomycotina,Mortierellales,Mortierella,Mortierella alpina,18.7,0,Salas et al. 2024
917,0,471,56,NA,Fungi,Zygomycota,Mortierellomycotina,Mortierellales,Mortierella,Mortierella gamsii,68.9,0,Salas et al. 2024
918,0,472,528,NA,Fungi,Mucoromycota,Mucoromycetes,Mucorales,Mucor,Mucor genevensis,88,0,Hu et al. 2024
919,0,473,57,NA,Fungi,Mucoromycota,Mucoromycetes,Mucorales,Mucor,Mucor hiemalis,62.76,0,Salas et al. 2024
920,0,474,529,NA,Fungi,Mucoromycota,Mucoromycetes,Mucorales,Mucor,Mucor indicus,113,0,Hu et al. 2024
921,0,475,530,NA,Fungi,Mucoromycota,Mucoromycetes,Mucorales,Mucor,Mucor mucedo,40,0,Hu et al. 2024
922,0,476,531,NA,Fungi,Mucoromycota,Mucoromycetes,Mucorales,Mucor,Mucor rouxii,58.83,0,Hu et al. 2024
923,0,477,532,NA,Fungi,Mucoromycota,Mucoromycetes,Mucorales,Mucor,Mucor rouxii,24.69,0,Hu et al. 2024
924,0,478,533,NA,Fungi,Mucoromycota,Mucoromycetes,Mucorales,Mucor,Mucor rouxii,63,0,Hu et al. 2024
925,0,479,534,NA,Fungi,Mucoromycota,Mucoromycetes,Mucorales,Mucor,Mucor rouxii,33.25,0,Hu et al. 2024
926,0,480,535,NA,Fungi,Mucoromycota,Mucoromycetes,Mucorales,Mucor,Mucor rouxii,50.13,0,Hu et al. 2024
927,0,481,536,NA,Fungi,Mucoromycota,Mucoromycetes,Mucorales,Mucor,Mucor rouxii,71.22,0,Hu et al. 2024
928,0,482,96,NA,Fungi,Basidiomycota,Agaricomycetes,Agaricales,Mycena,Mycena galopus,42,0,Appuhn and Joergensen 2006
929,0,483,97,NA,Fungi,Ascomycota,Dothideomycetes,Capnodiales,Mycosphaerella,Mycosphaerella pinodes,49,0,Appuhn and Joergensen 2006
930,0,484,537,NA,Fungi,Ascomycota,Dothideomycetes,Capnodiales,Mycosphaerella,Mycosphaerella pinodes,49,0,Hu et al. 2024
931,0,487,543,NA,Fungi,Ascomycota,Sordariomycetes,Sordariales,Neurospora,Neurospora crassa,11.11,0,Hu et al. 2024
932,0,488,544,NA,Fungi,Ascomycota,Sordariomycetes,Sordariales,Neurospora,Neurospora crassa,19.95,0,Hu et al. 2024
933,0,489,545,NA,Fungi,Ascomycota,Sordariomycetes,Sordariales,Neurospora,Neurospora crassa,49.84,0,Hu et al. 2024
934,0,490,546,NA,Fungi,Ascomycota,Sordariomycetes,Sordariales,Neurospora,Neurospora crassa,26,0,Hu et al. 2024
935,0,491,547,NA,Fungi,Ascomycota,Sordariomycetes,Sordariales,Neurospora,Neurospora crassa,26,0,Hu et al. 2024
936,0,492,548,NA,Fungi,Ascomycota,Sordariomycetes,Sordariales,Neurospora,Neurospora crassa,16.84,0,Hu et al. 2024
937,0,493,549,NA,Fungi,Ascomycota,Sordariomycetes,Sordariales,Neurospora,Neurospora crassa,22.4,0,Hu et al. 2024
938,0,494,550,NA,Fungi,Ascomycota,Sordariomycetes,Sordariales,Neurospora,Neurospora crassa,26.34,0,Hu et al. 2024
939,0,495,551,NA,Fungi,Ascomycota,Sordariomycetes,Sordariales,Neurospora,Neurospora crassa,24.73,0,Hu et al. 2024
940,0,496,552,NA,Fungi,Ascomycota,Sordariomycetes,Sordariales,Neurospora,Neurospora crassa,26.7,0,Hu et al. 2024
941,0,497,553,NA,Fungi,Ascomycota,Sordariomycetes,Sordariales,Neurospora,Neurospora crassa,24.19,0,Hu et al. 2024
942,0,498,554,NA,Fungi,Ascomycota,Sordariomycetes,Sordariales,Neurospora,Neurospora crassa,22.58,0,Hu et al. 2024
943,0,499,555,NA,Fungi,Ascomycota,Sordariomycetes,Sordariales,Neurospora,Neurospora crassa,22.58,0,Hu et al. 2024
944,0,500,556,NA,Fungi,Ascomycota,Sordariomycetes,Sordariales,Neurospora,Neurospora crassa,24.37,0,Hu et al. 2024
945,0,501,557,NA,Fungi,Ascomycota,Sordariomycetes,Sordariales,Neurospora,Neurospora crassa,16.93,0,Hu et al. 2024
946,0,502,558,NA,Fungi,Ascomycota,Sordariomycetes,Sordariales,Neurospora,Neurospora crassa,12,0,Hu et al. 2024
947,0,503,559,NA,Fungi,Ascomycota,Sordariomycetes,Sordariales,Neurospora,Neurospora crassa,10.03,0,Hu et al. 2024
948,0,504,560,NA,Fungi,Ascomycota,Sordariomycetes,Sordariales,Neurospora,Neurospora crassa,12.72,0,Hu et al. 2024
949,0,505,561,NA,Fungi,Ascomycota,Sordariomycetes,Sordariales,Neurospora,Neurospora crassa,11.47,0,Hu et al. 2024
950,0,506,562,NA,Fungi,Ascomycota,Sordariomycetes,Sordariales,Neurospora,Neurospora crassa,13.08,0,Hu et al. 2024
951,0,507,563,NA,Fungi,Ascomycota,Sordariomycetes,Sordariales,Neurospora,Neurospora crassa,14.15,0,Hu et al. 2024
952,0,514,570,NA,Fungi,Ascomycota,Sordariomycetes,Sordariales,Neurospora,Neurospora crassa,16.3,0,Hu et al. 2024
953,0,515,571,NA,Fungi,Ascomycota,Sordariomycetes,Sordariales,Neurospora,Neurospora crassa,32.61,0,Hu et al. 2024
954,0,516,572,NA,Fungi,Ascomycota,Sordariomycetes,Sordariales,Neurospora,Neurospora crassa,22.58,0,Hu et al. 2024
955,0,517,573,NA,Fungi,Ascomycota,Sordariomycetes,Sordariales,Neurospora,Neurospora crassa,14.42,0,Hu et al. 2024
956,0,518,574,NA,Fungi,Ascomycota,Sordariomycetes,Sordariales,Neurospora,Neurospora crassa,13.44,0,Hu et al. 2024
957,0,508,564,NA,Fungi,Ascomycota,Sordariomycetes,Sordariales,Neurospora,Neurospora crassa,33.68,0,Hu et al. 2024
958,0,509,565,NA,Fungi,Ascomycota,Sordariomycetes,Sordariales,Neurospora,Neurospora crassa,10.57,0,Hu et al. 2024
959,0,510,566,NA,Fungi,Ascomycota,Sordariomycetes,Sordariales,Neurospora,Neurospora crassa,12.54,0,Hu et al. 2024
960,0,511,567,NA,Fungi,Ascomycota,Sordariomycetes,Sordariales,Neurospora,Neurospora crassa,14.33,0,Hu et al. 2024
961,0,512,568,NA,Fungi,Ascomycota,Sordariomycetes,Sordariales,Neurospora,Neurospora crassa,6.81,0,Hu et al. 2024
962,0,513,569,NA,Fungi,Ascomycota,Sordariomycetes,Sordariales,Neurospora,Neurospora crassa,15.41,0,Hu et al. 2024
963,0,519,575,NA,Fungi,Ascomycota,Sordariomycetes,Sordariales,Neurospora,Neurospora crassa,15.05,0,Hu et al. 2024
964,0,520,576,NA,Fungi,Ascomycota,Sordariomycetes,Sordariales,Neurospora,Neurospora crassa,64.86,0,Hu et al. 2024
965,0,521,577,NA,Fungi,Ascomycota,Sordariomycetes,Sordariales,Neurospora,Neurospora crassa,58.23,0,Hu et al. 2024
966,0,522,578,NA,Fungi,Ascomycota,Sordariomycetes,Sordariales,Neurospora,Neurospora crassa,56.62,0,Hu et al. 2024
967,0,523,579,NA,Fungi,Ascomycota,Sordariomycetes,Sordariales,Neurospora,Neurospora crassa,61.81,0,Hu et al. 2024
968,0,524,580,NA,Fungi,Ascomycota,Sordariomycetes,Sordariales,Neurospora,Neurospora crassa,61.1,0,Hu et al. 2024
969,0,525,581,NA,Fungi,Ascomycota,Sordariomycetes,Sordariales,Neurospora,Neurospora crassa,70.41,0,Hu et al. 2024
970,0,526,582,NA,Fungi,Ascomycota,Sordariomycetes,Sordariales,Neurospora,Neurospora crassa,68.62,0,Hu et al. 2024
971,0,527,583,NA,Fungi,Ascomycota,Sordariomycetes,Sordariales,Neurospora,Neurospora crassa,40.85,0,Hu et al. 2024
972,0,528,584,NA,Fungi,Ascomycota,Sordariomycetes,Sordariales,Neurospora,Neurospora crassa,43.9,0,Hu et al. 2024
973,0,529,585,NA,Fungi,Ascomycota,Sordariomycetes,Sordariales,Neurospora,Neurospora crassa,54.29,0,Hu et al. 2024
974,0,530,586,NA,Fungi,Ascomycota,Sordariomycetes,Sordariales,Neurospora,Neurospora crassa,65.4,0,Hu et al. 2024
975,0,531,587,NA,Fungi,Ascomycota,Sordariomycetes,Sordariales,Neurospora,Neurospora crassa,65.04,0,Hu et al. 2024
976,0,532,588,NA,Fungi,Ascomycota,Sordariomycetes,Sordariales,Neurospora,Neurospora crassa,51.6,0,Hu et al. 2024
977,0,533,589,NA,Fungi,Ascomycota,Sordariomycetes,Sordariales,Neurospora,Neurospora crassa,45.87,0,Hu et al. 2024
978,0,534,590,NA,Fungi,Ascomycota,Sordariomycetes,Sordariales,Neurospora,Neurospora crassa,10.03,0,Hu et al. 2024
979,0,535,591,NA,Fungi,Ascomycota,Sordariomycetes,Sordariales,Neurospora,Neurospora crassa,19.44,0,Hu et al. 2024
980,0,536,592,NA,Fungi,Ascomycota,Sordariomycetes,Sordariales,Neurospora,Neurospora crassa,10.03,0,Hu et al. 2024
981,0,537,593,NA,Fungi,Ascomycota,Sordariomycetes,Sordariales,Neurospora,Neurospora crassa,13.17,0,Hu et al. 2024
982,0,538,594,NA,Fungi,Ascomycota,Sordariomycetes,Sordariales,Neurospora,Neurospora crassa,19.44,0,Hu et al. 2024
983,0,539,595,NA,Fungi,Ascomycota,Sordariomycetes,Sordariales,Neurospora,Neurospora crassa,12.54,0,Hu et al. 2024
984,0,540,596,NA,Fungi,Ascomycota,Sordariomycetes,Sordariales,Neurospora,Neurospora crassa,12.54,0,Hu et al. 2024
985,0,541,597,NA,Fungi,Ascomycota,Sordariomycetes,Sordariales,Neurospora,Neurospora crassa,31.98,0,Hu et al. 2024
986,0,542,598,NA,Fungi,Ascomycota,Sordariomycetes,Sordariales,Neurospora,Neurospora crassa,24.46,0,Hu et al. 2024
987,0,543,599,NA,Fungi,Ascomycota,Sordariomycetes,Sordariales,Neurospora,Neurospora crassa,13.17,0,Hu et al. 2024
988,0,544,600,NA,Fungi,Ascomycota,Sordariomycetes,Sordariales,Neurospora,Neurospora crassa,15.05,0,Hu et al. 2024
989,0,545,601,NA,Fungi,Ascomycota,Sordariomycetes,Sordariales,Neurospora,Neurospora crassa,16.3,0,Hu et al. 2024
990,0,546,602,NA,Fungi,Ascomycota,Sordariomycetes,Sordariales,Neurospora,Neurospora crassa,20.07,0,Hu et al. 2024
991,0,547,603,NA,Fungi,Ascomycota,Sordariomycetes,Sordariales,Neurospora,Neurospora crassa,9.41,0,Hu et al. 2024
992,0,548,604,NA,Fungi,Ascomycota,Sordariomycetes,Sordariales,Neurospora,Neurospora crassa,5.02,0,Hu et al. 2024
993,0,549,605,NA,Fungi,Ascomycota,Sordariomycetes,Sordariales,Neurospora,Neurospora crassa,8.15,0,Hu et al. 2024
994,0,550,606,NA,Fungi,Ascomycota,Sordariomycetes,Sordariales,Neurospora,Neurospora crassa,18.19,0,Hu et al. 2024
995,0,551,607,NA,Fungi,Ascomycota,Sordariomycetes,Sordariales,Neurospora,Neurospora crassa,14.42,0,Hu et al. 2024
996,0,552,608,NA,Fungi,Ascomycota,Sordariomycetes,Sordariales,Neurospora,Neurospora crassa,11.11,0,Hu et al. 2024
997,0,553,609,NA,Fungi,Ascomycota,Sordariomycetes,Sordariales,Neurospora,Neurospora sitophila,10.22,0,Hu et al. 2024
998,0,485,541,NA,Fungi,Ascomycota,Sordariomycetes,Sordariales,Neurospora,Neurospora sp.,21.86,0,Hu et al. 2024
999,0,486,542,NA,Fungi,Ascomycota,Sordariomycetes,Sordariales,Neurospora,Neurospora sp.,32.79,0,Hu et al. 2024
1000,0,554,610,NA,Fungi,Ascomycota,Sordariomycetes,Sordariales,Neurospora,Neurospora tetrasperma,28,0,Hu et al. 2024
1001,0,555,611,NA,Fungi,Ascomycota,Sordariomycetes,Sordariales,Neurospora,Neurospora tetrasperma,28,0,Hu et al. 2024
1002,0,556,98,NA,Fungi,Ascomycota,Sordariomycetes,Sordariales,Neurospora,Neurospora sp.,27,0,Appuhn and Joergensen 2006
1003,0,557,612,NA,Fungi,Ascomycota,Leotiomycetes,Leotiomycetes incertae sedis,Oidiodendron,Oidiodendron griseun,86,0,Hu et al. 2024
1004,0,558,613,NA,Fungi,Basidiomycota,Agaricomycetes,Polyporales,Oligoporus,Oligoporus placentus,21.6,0,Hu et al. 2024
1005,0,559,614,NA,Fungi,Basidiomycota,Agaricomycetes,Polyporales,Oligoporus,Oligoporus placentus,27.2,0,Hu et al. 2024
1006,0,560,615,NA,Fungi,Ascomycota,Leotiomycetes,Heliotales,Oospora,Oospora suaveolens,7.35,0,Hu et al. 2024
1007,0,561,616,NA,Fungi,Ascomycota,Leotiomycetes,Heliotales,Oospora,Oospora suaveolens,16.1,0,Hu et al. 2024
1008,0,562,617,NA,Fungi,Ascomycota,Leotiomycetes,Heliotales,Oospora,Oospora suaveolens,14.7,0,Hu et al. 2024
1009,0,563,618,NA,Fungi,Ascomycota,Leotiomycetes,Heliotales,Oospora,Oospora suaveolens,7,0,Hu et al. 2024
1010,0,565,620,NA,Fungi,Ascomycota,Eurotiomycetes,Eurotiales,Paecilomyces,Paecilomyces persicinus,96.95,0,Hu et al. 2024
1011,0,566,621,NA,Fungi,Ascomycota,Eurotiomycetes,Eurotiales,Paecilomyces,Paecilomyces varioti,29,0,Hu et al. 2024
1012,0,567,622,NA,Fungi,Ascomycota,Eurotiomycetes,Onygenales,Paracoccidioides,Paracoccidioides brasiliensis,25.9,0,Hu et al. 2024
1013,0,568,623,NA,Fungi,Ascomycota,Eurotiomycetes,Onygenales,Paracoccidioides,Paracoccidioides brasiliensis,52.5,0,Hu et al. 2024
1014,0,569,624,NA,Fungi,Ascomycota,Eurotiomycetes,Onygenales,Paracoccidioides,Paracoccidioides brasiliensis,44.1,0,Hu et al. 2024
1015,0,570,625,NA,Fungi,Ascomycota,Eurotiomycetes,Onygenales,Paracoccidioides,Paracoccidioides brasiliensis,130.2,0,Hu et al. 2024
1016,0,571,626,NA,Fungi,Ascomycota,Eurotiomycetes,Onygenales,Paracoccidioides,Paracoccidioides brasiliensis,151.9,0,Hu et al. 2024
1017,0,572,627,NA,Fungi,Ascomycota,Eurotiomycetes,Onygenales,Paracoccidioides,Paracoccidioides brasiliensis,140,0,Hu et al. 2024
1018,0,573,99,NA,Fungi,Basidiomycota,Agaricomycetes,Boletales,Paxillus,Paxillus involutus,97,0,Appuhn and Joergensen 2006
1019,0,574,628,NA,Fungi,Basidiomycota,Agaricomycetes,Boletales,Paxillus,Paxillus involutus,109,0,Hu et al. 2024
1020,0,575,629,NA,Fungi,Basidiomycota,Agaricomycetes,Boletales,Paxillus,Paxillus involutus,106,0,Hu et al. 2024
1021,0,576,630,NA,Fungi,Basidiomycota,Agaricomycetes,Boletales,Paxillus,Paxillus involutus,76.8,0,Hu et al. 2024
1022,0,577,631,NA,Fungi,Basidiomycota,Agaricomycetes,Boletales,Paxillus,Paxillus involutus,106,0,Hu et al. 2024
1023,0,578,632,NA,Fungi,Basidiomycota,Agaricomycetes,Boletales,Paxillus,Paxillus involutus,109,0,Hu et al. 2024
1024,0,579,633,NA,Fungi,Basidiomycota,Agaricomycetes,Boletales,Paxillus,Paxillus involutus,76.8,0,Hu et al. 2024
1025,0,580,634,NA,Fungi,Ascomycota,Eurotiomycetes,Eurotiales,Penicillium,Penicillium charlesii,42,0,Hu et al. 2024
1026,0,581,30,NA,Fungi,Ascomycota,Eurotiomycetes,Eurotiales,Penicillium,Penicillium chrysogenum,85.8,0,Salas et al. 2024
1027,0,582,635,NA,Fungi,Ascomycota,Eurotiomycetes,Eurotiales,Penicillium,Penicillium citrinum,84.9,0,Hu et al. 2024
1028,0,583,636,NA,Fungi,Ascomycota,Eurotiomycetes,Eurotiales,Penicillium,Penicillium cyclopium,65.4,0,Hu et al. 2024
1029,0,584,637,NA,Fungi,Ascomycota,Eurotiomycetes,Eurotiales,Penicillium,Penicillium cyclopium,66.8,0,Hu et al. 2024
1030,0,585,638,NA,Fungi,Ascomycota,Eurotiomycetes,Eurotiales,Penicillium,Penicillium cyclopium,66.8,0,Hu et al. 2024
1031,0,586,639,NA,Fungi,Ascomycota,Eurotiomycetes,Eurotiales,Penicillium,Penicillium cyclopium,65.4,0,Hu et al. 2024
1032,0,587,640,NA,Fungi,Ascomycota,Eurotiomycetes,Eurotiales,Penicillium,Penicillium digitatum,19.95,0,Hu et al. 2024
1033,0,588,641,NA,Fungi,Ascomycota,Eurotiomycetes,Eurotiales,Penicillium,Penicillium frequentans,52,0,Hu et al. 2024
1034,0,589,642,NA,Fungi,Ascomycota,Eurotiomycetes,Eurotiales,Penicillium,Penicillium griseofulvum,50,0,Hu et al. 2024
1035,0,590,643,NA,Fungi,Ascomycota,Eurotiomycetes,Eurotiales,Penicillium,Penicillium griseofulvum,60,0,Hu et al. 2024
1036,0,591,644,NA,Fungi,Ascomycota,Eurotiomycetes,Eurotiales,Penicillium,Penicillium italicum,31.5,0,Hu et al. 2024
1037,0,592,645,NA,Fungi,Ascomycota,Eurotiomycetes,Eurotiales,Penicillium,Penicillium notatom,64.75,0,Hu et al. 2024
1038,0,593,646,NA,Fungi,Ascomycota,Eurotiomycetes,Eurotiales,Penicillium,Penicillium notatum,55,0,Hu et al. 2024
1039,0,594,647,NA,Fungi,Ascomycota,Eurotiomycetes,Eurotiales,Penicillium,Penicillium roqueforti,66.5,0,Hu et al. 2024
1040,0,595,100,NA,Fungi,Ascomycota,Eurotiomycetes,Eurotiales,Penicillium,Penicillium sp.,67,0,Appuhn and Joergensen 2006
1041,0,596,648,NA,Fungi,Ascomycota,Eurotiomycetes,Eurotiales,Penillium,Penillium cyclopium,66.1,0,Hu et al. 2024
1042,0,597,649,NA,Fungi,Ascomycota,Eurotiomycetes,Eurotiales,Penillium,Penillium notatum,55,0,Hu et al. 2024
1043,0,598,31,NA,Fungi,Ascomycota,Dothideomycetes,Pleosporales,Periconia,Periconia macrospinosa,9.65,0,Salas et al. 2024
1044,0,599,32,NA,Fungi,Ascomycota,Pezizomycetes,Pezizales,Peziza,Peziza ostracoderma,82.78,0,Salas et al. 2024
1045,0,600,101,NA,Fungi,Ascomycota,Dothideomycetes,Pleosporales,Phaeosphaeria,Phaeosphaeria typharum,45,0,Appuhn and Joergensen 2006
1046,0,601,650,NA,Fungi,Ascomycota,Dothideomycetes,Pleosporales,Phaeosphaeria,Phaeosphaeria typharum,59.5,0,Hu et al. 2024
1047,0,602,651,NA,Fungi,Ascomycota,Dothideomycetes,Pleosporales,Phaeosphaeria,Phaeosphaeria typharum,30.4,0,Hu et al. 2024
1048,0,603,652,NA,Fungi,Ascomycota,Dothideomycetes,Pleosporales,Phaeosphaeria,Phaeosphaeria typharum,44.95,0,Hu et al. 2024
1049,0,604,653,NA,Fungi,Ascomycota,Dothideomycetes,Pleosporales,Phaeosphaeria,Phaeosphaeria typharum,45,0,Hu et al. 2024
1050,0,605,102,NA,Fungi,Basidiomycota,Agaricomycetes,Polyporales,Phanerochaete,Phanerochaete chrysosporium,75,0,Appuhn and Joergensen 2006
1051,0,606,654,NA,Fungi,Basidiomycota,Agaricomycetes,Polyporales,Phanerochaete,Phanerochaete chrysosporium,74.6,0,Hu et al. 2024
1052,0,607,655,NA,Fungi,Ascomycota,Leotiomycetes,Heliotales,Phialocephala,Phialocephala dimorphospora,12.9,0,Hu et al. 2024
1053,0,608,33,NA,Fungi,Ascomycota,Leotiomycetes,Heliotales,Phialocephala,Phialocephala helvetica,25.92,0,Salas et al. 2024
1054,0,609,656,NA,Fungi,Ascomycota,Eurotiomycetes,Chaetothyriales,Phialophora,Phialophora mutabilis,43,0,Hu et al. 2024
1055,0,610,657,NA,Fungi,Oomycota,Oomycetes,Peronosporales,Phytophthora,Phytophthora cinnamomi,11,0,Hu et al. 2024
1056,0,611,658,NA,Fungi,Oomycota,Oomycetes,Peronosporales,Phytophthora,Phytophthora cinnamomi,1.05,0,Hu et al. 2024
1057,0,612,659,NA,Fungi,Oomycota,Oomycetes,Peronosporales,Phytophthora,Phytophthora parasitica,1.05,0,Hu et al. 2024
1058,0,613,34,NA,Fungi,Ascomycota,Saccharomycetes,Saccharomycetales,Pichia,Pichia fermentans,5.72,0,Salas et al. 2024
1059,0,614,660,NA,Fungi,Basidiomycota,Agaricomycetes,Polyporales,Picnoporus,Picnoporus cinnabarinus,70,0,Hu et al. 2024
1060,0,615,103,NA,Fungi,Basidiomycota,Agaricomycetes,Boletales,Pisolithus,Pisolithus tinctorius,73,0,Appuhn and Joergensen 2006
1061,0,616,661,NA,Fungi,Basidiomycota,Agaricomycetes,Boletales,Pisolithus,Pisolithus tinctorius,59.7,0,Hu et al. 2024
1062,0,617,662,NA,Fungi,Basidiomycota,Agaricomycetes,Boletales,Pisolithus,Pisolithus tinctorius,95,0,Hu et al. 2024
1063,0,618,663,NA,Fungi,Basidiomycota,Agaricomycetes,Boletales,Pisolithus,Pisolithus tinctorius,60,0,Hu et al. 2024
1064,0,619,664,NA,Fungi,Basidiomycota,Agaricomycetes,Boletales,Pisolithus,Pisolithus tinctorius,60,0,Hu et al. 2024
1065,0,620,665,NA,Fungi,Basidiomycota,Agaricomycetes,Boletales,Pisolithus,Pisolithus tinctorius,65.4,0,Hu et al. 2024
1066,0,621,666,NA,Fungi,Basidiomycota,Agaricomycetes,Boletales,Pisolithus,Pisolithus tinctorius,66.7,0,Hu et al. 2024
1067,0,622,667,NA,Fungi,Basidiomycota,Agaricomycetes,Boletales,Pisolithus,Pisolithus tinctorius,58.1,0,Hu et al. 2024
1068,0,623,668,NA,Fungi,Basidiomycota,Agaricomycetes,Boletales,Pisolithus,Pisolithus tinctorius,106,0,Hu et al. 2024
1069,0,624,669,NA,Fungi,Basidiomycota,Agaricomycetes,Boletales,Pisolithus,Pisolithus tinctorius,62.6,0,Hu et al. 2024
1070,0,625,670,NA,Fungi,Basidiomycota,Agaricomycetes,Boletales,Pisolithus,Pisolithus tinctorius,60,0,Hu et al. 2024
1071,0,626,671,NA,Fungi,Basidiomycota,Agaricomycetes,Boletales,Pisolithus,Pisolithus tinctorius,52,0,Hu et al. 2024
1072,0,627,672,NA,Fungi,Basidiomycota,Agaricomycetes,Boletales,Pisolithus,Pisolithus tinctorius,106,0,Hu et al. 2024
1073,0,628,673,NA,Fungi,Basidiomycota,Agaricomycetes,Boletales,Pisolithus,Pisolithus tinctorius,74.1,0,Hu et al. 2024
1074,0,629,674,NA,Fungi,Basidiomycota,Agaricomycetes,Boletales,Pisolithus,Pisolithus tinctorius,91.1,0,Hu et al. 2024
1075,0,630,675,NA,Fungi,Basidiomycota,Agaricomycetes,Boletales,Pisolithus,Pisolithus tinctorius,56,0,Hu et al. 2024
1076,0,631,676,NA,Fungi,Basidiomycota,Agaricomycetes,Boletales,Pisolithus,Pisolithus tinctorius,61.1,0,Hu et al. 2024
1077,0,632,677,NA,Fungi,Basidiomycota,Agaricomycetes,Agaricales,Pleurotus,Pleurotus citrinopileatus,16.6,0,Hu et al. 2024
1078,0,633,678,NA,Fungi,Basidiomycota,Agaricomycetes,Agaricales,Pleurotus,Pleurotus eryngii,31.6,0,Hu et al. 2024
1079,0,634,679,NA,Fungi,Basidiomycota,Agaricomycetes,Agaricales,Pleurotus,Pleurotus eryngii,35.6,0,Hu et al. 2024
1080,0,564,619,NA,Fungi,Basidiomycota,Agaricomycetes,Agaricales,Pleurotus,Pleurotus ostreatus,27.03,0,Hu et al. 2024
1081,0,635,680,NA,Fungi,Basidiomycota,Agaricomycetes,Agaricales,Pleurotus,Pleurotus ostreatus,7.6,0,Hu et al. 2024
1082,0,636,681,NA,Fungi,Basidiomycota,Agaricomycetes,Agaricales,Pleurotus,Pleurotus ostreatus,22.9,0,Hu et al. 2024
1083,0,637,682,NA,Fungi,Basidiomycota,Agaricomycetes,Agaricales,Pleurotus,Pleurotus ostreatus,8.2,0,Hu et al. 2024
1084,0,638,683,NA,Fungi,Basidiomycota,Agaricomycetes,Agaricales,Pleurotus,Pleurotus pulmonarius,16.4,0,Hu et al. 2024
1085,0,639,684,NA,Fungi,Basidiomycota,Agaricomycetes,Polyporales,Poria,Poria cocos,33,0,Hu et al. 2024
1086,0,640,685,NA,Fungi,Basidiomycota,Agaricomycetes,Polyporales,Poria,Poria placenta,5.63,0,Hu et al. 2024
1087,0,641,686,NA,Fungi,Basidiomycota,Agaricomycetes,Polyporales,Poria,Poria placenta,5.63,0,Hu et al. 2024
1088,0,642,687,NA,Fungi,Basidiomycota,Agaricomycetes,Polyporales,Poria,Poria placenta,5.63,0,Hu et al. 2024
1089,0,643,104,NA,Fungi,Basidiomycota,Agaricomycetes,Polyporales,Poria,Poria sp.,18,0,Appuhn and Joergensen 2006
1090,0,644,51,NA,Fungi,Basidiomycota,Agaricomycetes,Agaricales,Psilocybe,Psilocybe cyanescens,14.63,0,Salas et al. 2024
1091,0,645,688,NA,Fungi,Ascomycota,Dothideomycetes,Pleosporales,Pycnostysanus,Pycnostysanus sp.,55,0,Hu et al. 2024
1092,0,646,35,NA,Fungi,Ascomycota,Dothideomycetes,Pleosporales,Pyrenochaeta,Pyrenochaeta cava,72.61,0,Salas et al. 2024
1093,0,647,689,NA,Fungi,Ascomycota,Dothideomycetes,Pleosporales,Pyrenochaeta,Pyrenochaeta sp.,77,0,Hu et al. 2024
1094,0,648,52,NA,Fungi,Basidiomycota,Agaricomycetes,Gomphales,Ramaria,Ramaria sp.,50.86,0,Salas et al. 2024
1095,0,649,54,NA,Fungi,Glomeromycota,Glomeromycetes,Glomerales,Rhizoglomus,Rhizoglomus irregulare,53.33,0,Salas et al. 2024
1096,0,650,58,NA,Fungi,Glomeromycota,Glomeromycetes,Glomerales,Rhizophagus,Rhizophagus irregularis ,85.74,0,Salas et al. 2024
1097,0,651,59,NA,Fungi,Glomeromycota,Glomeromycetes,Glomerales,Rhizophagus,Rhizophagus irregularis ,61.97,0,Salas et al. 2024
1098,0,652,60,NA,Fungi,Glomeromycota,Glomeromycetes,Glomerales,Rhizophagus,Rhizophagus irregularis ,139.14,0,Salas et al. 2024
1099,0,653,61,NA,Fungi,Glomeromycota,Glomeromycetes,Glomerales,Rhizophagus,Rhizophagus irregularis ,124.38,0,Salas et al. 2024
1100,0,654,690,NA,Fungi,Mucoromycota,Mucoromycetes,Mucorales,Rhizopus,Rhizopus microsporus,40.5,0,Hu et al. 2024
1101,0,655,691,NA,Fungi,Mucoromycota,Mucoromycetes,Mucorales,Rhizopus,Rhizopus microsporus,29.02,0,Hu et al. 2024
1102,0,656,692,NA,Fungi,Mucoromycota,Mucoromycetes,Mucorales,Rhizopus,Rhizopus microsporus,7.36,0,Hu et al. 2024
1103,0,657,693,NA,Fungi,Mucoromycota,Mucoromycetes,Mucorales,Rhizopus,Rhizopus microsporus,13.08,0,Hu et al. 2024
1104,0,658,62,NA,Fungi,Mucoromycota,Mucoromycetes,Mucorales,Rhizopus,Rhizopus oligosporus,4.01,0,Salas et al. 2024
1105,0,659,63,NA,Fungi,Mucoromycota,Mucoromycetes,Mucorales,Rhizopus,Rhizopus oryzae,55.64,0,Salas et al. 2024
1106,0,660,694,NA,Fungi,Mucoromycota,Mucoromycetes,Mucorales,Rhizopus,Rhizopus sp.,104,0,Hu et al. 2024
1107,0,661,695,NA,Fungi,Mucoromycota,Mucoromycetes,Mucorales,Rhizopus,Rhizopus sp.,104,0,Hu et al. 2024
1108,0,662,696,NA,Fungi,Mucoromycota,Mucoromycetes,Mucorales,Rhizopus,Rhizopus stolonifer,162.2,0,Hu et al. 2024
1109,0,663,697,NA,Fungi,Mucoromycota,Mucoromycetes,Mucorales,Rhizopus,Rhizopus stolonifer,165.3,0,Hu et al. 2024
1110,0,664,698,NA,Fungi,Mucoromycota,Mucoromycetes,Mucorales,Rhizopus,Rhizopus stolonifer,201,0,Hu et al. 2024
1111,0,665,699,NA,Fungi,Mucoromycota,Mucoromycetes,Mucorales,Rhizopus,Rhizopus stolonifer,36.9,0,Hu et al. 2024
1112,0,666,700,NA,Fungi,Mucoromycota,Mucoromycetes,Mucorales,Rhizopus,Rhizopus stolonifer,35.1,0,Hu et al. 2024
1113,0,667,701,NA,Fungi,Mucoromycota,Mucoromycetes,Mucorales,Rhizopus,Rhizopus stolonifer,11.7,0,Hu et al. 2024
1114,0,668,702,NA,Fungi,Mucoromycota,Mucoromycetes,Mucorales,Rhizopus,Rhizopus stolonifer,14.1,0,Hu et al. 2024
1115,0,669,703,NA,Fungi,Mucoromycota,Mucoromycetes,Mucorales,Rhizopus,Rhizopus stolonifer,65.3,0,Hu et al. 2024
1116,0,670,704,NA,Fungi,Mucoromycota,Mucoromycetes,Mucorales,Rhizopus,Rhizopus stolonifer,68.2,0,Hu et al. 2024
1117,0,671,705,NA,Fungi,Mucoromycota,Mucoromycetes,Mucorales,Rhizopus,Rhizopus stolonifer,68.6,0,Hu et al. 2024
1118,0,672,105,NA,Fungi,Mucoromycota,Mucoromycetes,Mucorales,Rhizopus,Rhizopus sp.,86,0,Appuhn and Joergensen 2006
1119,0,673,706,NA,Fungi,Ascomycota,Ascomycetes,Heliotales,Rhynchosporium,Rhynchosporium secalis,23,0,Hu et al. 2024
1120,0,674,707,NA,Fungi,Basidiomycota,Agaricomycetes,Russulales,Russula,Russula sp.,12.6,0,Hu et al. 2024
1121,0,675,708,NA,Fungi,Basidiomycota,Agaricomycetes,Russulales,Russula,Russula sp.,14.4,0,Hu et al. 2024
1122,0,676,709,NA,Fungi,Basidiomycota,Agaricomycetes,Russulales,Russula,Russula sp.,9.2,0,Hu et al. 2024
1123,0,677,710,NA,Fungi,Basidiomycota,Agaricomycetes,Russulales,Russula,Russula sp.,11.5,0,Hu et al. 2024
1124,0,678,711,NA,Fungi,Basidiomycota,Agaricomycetes,Russulales,Russula,Russula sp.,7.7,0,Hu et al. 2024
1125,0,679,712,NA,Fungi,Basidiomycota,Agaricomycetes,Russulales,Russula,Russula sp.,8.1,0,Hu et al. 2024
1126,0,680,713,NA,Fungi,Basidiomycota,Agaricomycetes,Russulales,Russula,Russula sp.,13.3,0,Hu et al. 2024
1127,0,681,714,NA,Fungi,Basidiomycota,Agaricomycetes,Russulales,Russula,Russula sp.,6.5,0,Hu et al. 2024
1128,0,682,715,NA,Fungi,Basidiomycota,Agaricomycetes,Russulales,Russula,Russula sp.,6,0,Hu et al. 2024
1129,0,683,716,NA,Fungi,Basidiomycota,Agaricomycetes,Russulales,Russula,Russula sp.,6.1,0,Hu et al. 2024
1130,0,684,717,NA,Fungi,Basidiomycota,Agaricomycetes,Russulales,Russula,Russula sp.,4.8,0,Hu et al. 2024
1131,0,685,718,NA,Fungi,Basidiomycota,Agaricomycetes,Russulales,Russula,Russula sp.,6.3,0,Hu et al. 2024
1132,0,686,719,NA,Fungi,Basidiomycota,Agaricomycetes,Russulales,Russula,Russula xerampelina,16.2,0,Hu et al. 2024
1133,0,687,720,NA,Fungi,Ascomycota,Saccharomycetes,Saccharomycetales,Saccharomyces,Saccharomyces carlsbergensis,10,0,Hu et al. 2024
1134,0,688,721,NA,Fungi,Ascomycota,Saccharomycetes,Saccharomycetales,Saccharomyces,Saccharomyces cerevisiae,6.69,0,Hu et al. 2024
1135,0,689,722,NA,Fungi,Ascomycota,Saccharomycetes,Saccharomycetales,Saccharomyces,Saccharomyces cerevisiae,15.05,0,Hu et al. 2024
1136,0,690,723,NA,Fungi,Ascomycota,Saccharomycetes,Saccharomycetales,Saccharomyces,Saccharomyces cerevisiae,16.45,0,Hu et al. 2024
1137,0,691,724,NA,Fungi,Ascomycota,Saccharomycetes,Saccharomycetales,Saccharomyces,Saccharomyces cerevisiae,19.25,0,Hu et al. 2024
1138,0,692,725,NA,Fungi,Ascomycota,Saccharomycetes,Saccharomycetales,Saccharomyces,Saccharomyces cerevisiae,22.4,0,Hu et al. 2024
1139,0,693,726,NA,Fungi,Ascomycota,Saccharomycetes,Saccharomycetales,Saccharomyces,Saccharomyces cerevisiae,10,0,Hu et al. 2024
1140,0,694,727,NA,Fungi,Ascomycota,Saccharomycetes,Saccharomycetales,Saccharomyces,Saccharomyces cerevisiae,20.8,0,Hu et al. 2024
1141,0,695,728,NA,Fungi,Ascomycota,Saccharomycetes,Saccharomycetales,Saccharomyces,Saccharomyces cerevisiae,27.65,0,Hu et al. 2024
1142,0,696,729,NA,Fungi,Ascomycota,Saccharomycetes,Saccharomycetales,Saccharomyces,Saccharomyces cerevisiae,2.28,0,Hu et al. 2024
1143,0,697,730,NA,Fungi,Ascomycota,Saccharomycetes,Saccharomycetales,Saccharomyces,Saccharomyces cerevisiae,16.8,0,Hu et al. 2024
1144,0,698,731,NA,Fungi,Ascomycota,Saccharomycetes,Saccharomycetales,Saccharomyces,Saccharomyces cerevisiae,36.8,0,Hu et al. 2024
1145,0,699,732,NA,Fungi,Ascomycota,Saccharomycetes,Saccharomycetales,Saccharomyces,Saccharomyces cerevisiae,38.15,0,Hu et al. 2024
1146,0,700,733,NA,Fungi,Ascomycota,Saccharomycetes,Saccharomycetales,Saccharomyces,Saccharomyces cerevisiae,24.85,0,Hu et al. 2024
1147,0,701,734,NA,Fungi,Ascomycota,Saccharomycetes,Saccharomycetales,Saccharomyces,Saccharomyces cerevisiae,4.9,0,Hu et al. 2024
1148,0,702,735,NA,Fungi,Ascomycota,Saccharomycetes,Saccharomycetales,Saccharomyces,Saccharomyces cerevisiae,8.75,0,Hu et al. 2024
1149,0,703,736,NA,Fungi,Ascomycota,Saccharomycetes,Saccharomycetales,Saccharomyces,Saccharomyces cerevisiae,18.2,0,Hu et al. 2024
1150,0,704,737,NA,Fungi,Ascomycota,Saccharomycetes,Saccharomycetales,Saccharomyces,Saccharomyces cerevisiae,18.2,0,Hu et al. 2024
1151,0,705,738,NA,Fungi,Ascomycota,Saccharomycetes,Saccharomycetales,Saccharomyces,Saccharomyces cerevisiae,24.15,0,Hu et al. 2024
1152,0,706,739,NA,Fungi,Ascomycota,Saccharomycetes,Saccharomycetales,Saccharomyces,Saccharomyces cerevisiae,7.35,0,Hu et al. 2024
1153,0,707,740,NA,Fungi,Ascomycota,Saccharomycetes,Saccharomycetales,Saccharomyces,Saccharomyces cerevisiae,8.4,0,Hu et al. 2024
1154,0,708,741,NA,Fungi,Ascomycota,Saccharomycetes,Saccharomycetales,Saccharomyces,Saccharomyces cerevisiae,14.7,0,Hu et al. 2024
1155,0,709,742,NA,Fungi,Ascomycota,Saccharomycetes,Saccharomycetales,Saccharomyces,Saccharomyces cerevisiae,21.7,0,Hu et al. 2024
1156,0,710,743,NA,Fungi,Ascomycota,Saccharomycetes,Saccharomycetales,Saccharomyces,Saccharomyces cerevisiae,19.25,0,Hu et al. 2024
1157,0,711,744,NA,Fungi,Ascomycota,Saccharomycetes,Saccharomycetales,Saccharomyces,Saccharomyces cerevisiae,3.85,0,Hu et al. 2024
1158,0,712,745,NA,Fungi,Ascomycota,Saccharomycetes,Saccharomycetales,Saccharomyces,Saccharomyces cerevisiae,10.5,0,Hu et al. 2024
1159,0,713,746,NA,Fungi,Ascomycota,Saccharomycetes,Saccharomycetales,Saccharomyces,Saccharomyces cerevisiae,22.4,0,Hu et al. 2024
1160,0,714,747,NA,Fungi,Ascomycota,Saccharomycetes,Saccharomycetales,Saccharomyces,Saccharomyces cerevisiae,40.95,0,Hu et al. 2024
1161,0,715,748,NA,Fungi,Ascomycota,Saccharomycetes,Saccharomycetales,Saccharomyces,Saccharomyces cerevisiae,10,0,Hu et al. 2024
1162,0,716,749,NA,Fungi,Ascomycota,Saccharomycetes,Saccharomycetales,Saccharomyces,Saccharomyces cerevisiae,27,0,Hu et al. 2024
1163,0,717,750,NA,Fungi,Ascomycota,Saccharomycetes,Saccharomycetales,Saccharomyces,Saccharomyces cerevisiae,33,0,Hu et al. 2024
1164,0,718,751,NA,Fungi,Ascomycota,Saccharomycetes,Saccharomycetales,Saccharomyces,Saccharomyces cerevisiae,22,0,Hu et al. 2024
1165,0,719,752,NA,Fungi,Ascomycota,Saccharomycetes,Saccharomycetales,Saccharomyces,Saccharomyces cerevisiae,33,0,Hu et al. 2024
1166,0,720,753,NA,Fungi,Ascomycota,Saccharomycetes,Saccharomycetales,Saccharomyces,Saccharomyces cerevisiae,46,0,Hu et al. 2024
1167,0,721,754,NA,Fungi,Basidiomycota,Agaricomycetes,Agaricales,Schizophyllum,Schizophyllum commune,43.75,0,Hu et al. 2024
1168,0,722,36,NA,Fungi,Ascomycota,Schizosaccharomycetes,Schizosaccharomycetales,Schizosaccharomyces,Schizosaccharomyces pombe,2.1,0,Salas et al. 2024
1169,0,723,755,NA,Fungi,Ascomycota,Schizosaccharomycetes,Schizosaccharomycetales,Schizosaccharomyces,Schizosaccharomyces pombe,1.75,0,Hu et al. 2024
1170,0,724,37,NA,Fungi,Ascomycota,Saccharomycetes,Saccharomycetales,Schwanniomyces,Schwanniomyces capriottii,30.09,0,Salas et al. 2024
1171,0,725,756,NA,Fungi,Basidiomycota,Agaricomycetes,Agaricales,Sclerotium,Sclerotium rolfsii,61,0,Hu et al. 2024
1172,0,727,758,NA,Fungi,Ascomycota,Sordariomycetes,Sordariales,Sordaria,Sordaria brevicollis,60.9,0,Hu et al. 2024
1173,0,728,759,NA,Fungi,Ascomycota,Sordariomycetes,Hypocreales,Sphaerostilbe,Sphaerostilbe repens,45,0,Hu et al. 2024
1174,0,729,760,NA,Fungi,Ascomycota,Leotiomycetes,Erysiphales,Sphaerotheca,Sphaerotheca mors-uvae,38.5,0,Hu et al. 2024
1175,0,730,761,NA,Fungi,Ascomycota,Leotiomycetes,Erysiphales,Sphaerotheca,Sphaerotheca mors-uvae,28.7,0,Hu et al. 2024
1176,0,731,106,NA,Fungi,Ascomycota,Sordariomycetes,Ophiostomatales,Sporotrichum,Sporotrichum cellulophilum,87,0,Appuhn and Joergensen 2006
1177,0,732,762,NA,Fungi,Ascomycota,Sordariomycetes,Ophiostomatales,Sporotrichum,Sporotrichum cellulophilum,87.19,0,Hu et al. 2024
1178,0,733,763,NA,Fungi,Ascomycota,Sordariomycetes,Hypocreales,Stachybotrrys,Stachybotrrys atra,16.4,0,Hu et al. 2024
1179,0,734,764,NA,Fungi,Ascomycota,Sordariomycetes,Hypocreales,Stachybotrrys,Stachybotrrys atra,2.98,0,Hu et al. 2024
1180,0,735,765,NA,Fungi,Ascomycota,Sordariomycetes,Hypocreales,Stachybotrrys,Stachybotrrys atra,2.41,0,Hu et al. 2024
1181,0,737,107,NA,Fungi,Basidiomycota,Agaricomycetes,Boletales,Suillus,Suillus bovinus,48,0,Appuhn and Joergensen 2006
1182,0,738,767,NA,Fungi,Basidiomycota,Agaricomycetes,Boletales,Suillus,Suillus bovinus,48.9,0,Hu et al. 2024
1183,0,739,768,NA,Fungi,Basidiomycota,Agaricomycetes,Boletales,Suillus,Suillus bovinus,61.1,0,Hu et al. 2024
1184,0,740,769,NA,Fungi,Basidiomycota,Agaricomycetes,Boletales,Suillus,Suillus bovinus,65.6,0,Hu et al. 2024
1185,0,741,770,NA,Fungi,Basidiomycota,Agaricomycetes,Boletales,Suillus,Suillus bovinus,21.5,0,Hu et al. 2024
1186,0,742,771,NA,Fungi,Basidiomycota,Agaricomycetes,Boletales,Suillus,Suillus bovinus,38.2,0,Hu et al. 2024
1187,0,743,772,NA,Fungi,Basidiomycota,Agaricomycetes,Boletales,Suillus,Suillus bovinus,52.4,0,Hu et al. 2024
1188,0,744,773,NA,Fungi,Basidiomycota,Agaricomycetes,Boletales,Suillus,Suillus caerulescens,15.2,0,Hu et al. 2024
1189,0,745,774,NA,Fungi,Ascomycota,Eurotiomycetes,Eurotiales,Talaromyces,Talaromyces bacillisporus,94.15,0,Hu et al. 2024
1190,0,746,775,NA,Fungi,Ascomycota,Eurotiomycetes,Eurotiales,Talaromyces,Talaromyces emersonii,105,0,Hu et al. 2024
1191,0,747,776,NA,Fungi,Ascomycota,Eurotiomycetes,Eurotiales,Talaromyces,Talaromyces luteus,102.2,0,Hu et al. 2024
1192,0,748,777,NA,Fungi,Ascomycota,Eurotiomycetes,Eurotiales,Talaromyces,Talaromyces ohiensis,59.85,0,Hu et al. 2024
1193,0,749,778,NA,Fungi,Ascomycota,Eurotiomycetes,Eurotiales,Talaromyces,Talaromyces rotundus,91.35,0,Hu et al. 2024
1194,0,750,779,NA,Fungi,Ascomycota,Eurotiomycetes,Eurotiales,Talaromyces,Talaromyces stipitatus,45.15,0,Hu et al. 2024
1195,0,751,780,NA,Fungi,Ascomycota,Taphrinomycetes,Taphrinales,Taphrina,Taphrina cerasi,11,0,Hu et al. 2024
1196,0,752,781,NA,Fungi,Ascomycota,Taphrinomycetes,Taphrinales,Taphrina,Taphrina deformans,13,0,Hu et al. 2024
1197,0,753,38,NA,Fungi,Ascomycota,Leotiomycetes,Heliotales,Tetracladium,Tetracladium furcatum,7.34,0,Salas et al. 2024
1198,0,754,39,NA,Fungi,Ascomycota,Leotiomycetes,Heliotales,Tetracladium,Tetracladium maxilliforme,13.13,0,Salas et al. 2024
1199,0,755,64,NA,Fungi,Mucoromycota,Mucoromycetes,Mucorales,Thamnidium,Thamnidium elegans,92.4,0,Salas et al. 2024
1200,0,756,110,NA,Fungi,Ascomycota,Eurotiomycetes,Eurotiales,Thermoascus,Thermoascus aurantiacus,90,0,Appuhn and Joergensen 2006
1201,0,757,782,NA,Fungi,Ascomycota,Eurotiomycetes,Eurotiales,Thermoascus,Thermoascus aurantiacus,90.27,0,Hu et al. 2024
1202,0,758,783,NA,Fungi,Ascomycota,Saccharomycetes,Saccharomycetales,Torulopsis,Torulopsis aeris,5.95,0,Hu et al. 2024
1203,0,759,784,NA,Fungi,Ascomycota,Saccharomycetes,Saccharomycetales,Torulopsis,Torulopsis aeris,8.05,0,Hu et al. 2024
1204,0,760,785,NA,Fungi,Basidiomycota,Agaricomycetes,Polyporales,Trametes,Trametes versicolor,19.7,0,Hu et al. 2024
1205,0,761,786,NA,Fungi,Basidiomycota,Agaricomycetes,Polyporales,Trametes,Trametes versicolor,18.7,0,Hu et al. 2024
1206,0,762,787,NA,Fungi,Basidiomycota,Agaricomycetes,Polyporales,Trametes,Trametes versicolor,13.5,0,Hu et al. 2024
1207,0,763,108,NA,Fungi,Basidiomycota,Tremellomycetes,Tremellales,Tremella,Tremella fuciformis,16,0,Appuhn and Joergensen 2006
1208,0,764,788,NA,Fungi,Basidiomycota,Tremellomycetes,Tremellales,Tremella,Tremella fuciformis,31,0,Hu et al. 2024
1209,0,765,40,NA,Fungi,Ascomycota,Sordariomycetes,Sordariales,Trichocladium,Trichocladium asperum,61.02,0,Salas et al. 2024
1210,0,766,41,NA,Fungi,Ascomycota,Sordariomycetes,Hypocreales,Trichoderma,Trichoderma flavofuscum,5.05,0,Salas et al. 2024
1211,0,767,789,NA,Fungi,Ascomycota,Sordariomycetes,Hypocreales,Trichoderma,Trichoderma hanatum,86.8,0,Hu et al. 2024
1212,0,768,790,NA,Fungi,Ascomycota,Sordariomycetes,Hypocreales,Trichoderma,Trichoderma harnanum,92.88,0,Hu et al. 2024
1213,0,769,791,NA,Fungi,Ascomycota,Sordariomycetes,Hypocreales,Trichoderma,Trichoderma harnanum,83.4,0,Hu et al. 2024
1214,0,770,792,NA,Fungi,Ascomycota,Sordariomycetes,Hypocreales,Trichoderma,Trichoderma harnanum,95.7,0,Hu et al. 2024
1215,0,771,793,NA,Fungi,Ascomycota,Sordariomycetes,Hypocreales,Trichoderma,Trichoderma harnanum,92.95,0,Hu et al. 2024
1216,0,772,794,NA,Fungi,Ascomycota,Sordariomycetes,Hypocreales,Trichoderma,Trichoderma koningli,87.3,0,Hu et al. 2024
1217,0,773,795,NA,Fungi,Ascomycota,Sordariomycetes,Hypocreales,Trichoderma,Trichoderma koningli,89.9,0,Hu et al. 2024
1218,0,774,796,NA,Fungi,Ascomycota,Sordariomycetes,Hypocreales,Trichoderma,Trichoderma longsbrachiatum,77.5,0,Hu et al. 2024
1219,0,775,797,NA,Fungi,Ascomycota,Sordariomycetes,Hypocreales,Trichoderma,Trichoderma viride,135,0,Hu et al. 2024
1220,0,776,798,NA,Fungi,Ascomycota,Sordariomycetes,Hypocreales,Trichoderma,Trichoderma vsride,82.7,0,Hu et al. 2024
1221,0,777,109,NA,Fungi,Ascomycota,Sordariomycetes,Hypocreales,Trichoderma,Trichoderma sp.,88,0,Appuhn and Joergensen 2006
1222,0,778,799,NA,Fungi,Ascomycota,Eurotiomycetes,Onygenales,Trichophyton,Trichophyton mentagrophytes,106.4,0,Hu et al. 2024
1223,0,779,800,NA,Fungi,Ascomycota,Eurotiomycetes,Onygenales,Trichophyton,Trichophyton mentagrophytes,98.35,0,Hu et al. 2024
1224,0,780,801,NA,Fungi,Basidiomycota,Tremellomycetes,Trichosporonales,Trichosporon,Trichosporon cutaneum,31.5,0,Hu et al. 2024
1225,0,781,42,NA,Fungi,Ascomycota,Pezizomycetes,Pezizales,Tuber,Tuber sp.,33.4,0,Salas et al. 2024
1226,0,782,802,NA,Fungi,Ascomycota,Dothideomycetes,Pleosporales,Ulocladium,Ulocladium alternariae,106,0,Hu et al. 2024
1227,0,783,65,NA,Fungi,Mucoromycota,Umbelopsidomycetes,Umbelopsidales,Umbelopsis,Umbelopsis ramanniana,37.68,0,Salas et al. 2024
1228,0,784,66,NA,Fungi,Mucoromycota,Umbelopsidomycetes,Umbelopsidales,Umbelopsis,Umbelopsis vinacea,30.99,0,Salas et al. 2024
1229,0,785,111,NA,Fungi,Ascomycota,Sordariomycetes,Glomerellales,Verticillium,Verticillium albo-atrum,30,0,Appuhn and Joergensen 2006
1230,0,786,804,NA,Fungi,Ascomycota,Sordariomycetes,Glomerellales,Verticillium,Verticillium albo-atrum,7,0,Hu et al. 2024
1231,0,787,805,NA,Fungi,Ascomycota,Sordariomycetes,Glomerellales,Verticillium,Verticillium albo-atrum,11.55,0,Hu et al. 2024
1232,0,788,806,NA,Fungi,Ascomycota,Sordariomycetes,Glomerellales,Verticillium,Verticillium albo-atrum,30,0,Hu et al. 2024
1233,0,736,766,NA,Fungi,Basidiomycota,Agaricomycetes,Agaricales,Volvariella,Volvariella volvacea,57.83,0,Hu et al. 2024
1234,0,789,53,NA,Fungi,Basidiomycota,Agaricomycetes,Agaricales,Volvariella,Volvariella volvacea,18.29,0,Salas et al. 2024
1235,0,791,808,NA,Fungi,Mucoromycota,Mucoromycetes,Mucorales,Zygorhynchus,Zygorhynchus vuilleminii,110.25,0,Hu et al. 2024
1236,0,792,809,NA,Fungi,Ascomycota,Saccharomycetes,Saccharomycetales,Zygosaccharomyces,Zygosaccharomyces rouxii,32.55,0,Hu et al. 2024
