ID,Reference,Data source,Longitude,Latitude,Elevation,MAT,MAP,PET,Climate,Ecosystem type,Methods,Site,MurA,GlcN,SOC,TN,TP,C/N,MBC,MBN,MBC/N,pH,Sand,Silt,Clay
1,1,A1,-103.85,49.65,567,3.72,406.00,1069,D,Grassland,GC,North America,69.00,1677.00,42.30,4.23,0.5,10.00,204.63 ,85.02 ,2.41 ,6.8,33,46,21
2,1,A1,-103.85,49.65,567,3.72,406.00,1069,D,Cropland,GC,North America,80.00,1521.00,32.70,2.94,0.5,11.12,204.63 ,85.02 ,2.41 ,6.8,33,46,21
3,1,A1,-103.85,49.65,567,3.72,406.00,1069,D,Grassland,GC,North America,35.00,557.00,9.00,1.02,0.5,8.82,204.63 ,85.02 ,2.41 ,6.8,33,46,21
4,1,A1,-103.85,49.65,567,3.72,406.00,1069,D,Cropland,GC,North America,12.00,180.00,4.20,0.47,0.5,8.94,204.63 ,85.02 ,2.41 ,6.8,33,46,21
5,1,A1,11.58,49.95,341,8.37,735.00,830,D,Forest,GC,"Bayreuth, Germany",66.00,884.00,70.00,2.00,0.7,35.00,398.00 ,67.78 ,5.87 ,3.9,13,81,6
6,2,A1,-102.92,52.10,512,0.90,456.00,850,D,Grassland,GC,"CutKnife-icam, North American",151.00,1576.00,34.80,3.25,0.5,10.71,341.64 ,53.32 ,6.41 ,7.50,57.20,19.40,23.40
7,2,A1,-104.41,51.60,580,1.60,343.00,934,D,Grassland,GC,"Elstow, North American",118.00,1278.00,26.40,2.50,0.4,10.56,185.13 ,86.23 ,2.15 ,7.30,62.20,19.00,18.80
8,2,A1,-106.27,50.57,244,3.20,380.00,1123,D,Grassland,GC,"Ardill, North American",68.00,1534.00,22.70,2.40,0.3,9.46,229.98 ,82.47 ,2.79 ,5.60,58.10,25.00,16.90
9,2,A1,-94.74,47.42,233,5.00,419.00,928,D,Grassland,GC,"Amor, North American",44.00,1161.00,16.00,1.68,0.8,9.52,405.25 ,54.01 ,7.50 ,5.50,56.00,17.20,26.80
10,2,A1,-100.98,47.28,197,6.10,300.00,1214,D,Grassland,GC,"Joplin, North American",70.00,781.00,11.30,1.31,0.7,8.63,235.96 ,77.35 ,3.05 ,7.10,54.20,20.70,25.10
11,2,A1,-108.73,48.65,688,6.10,565.00,1311,B,Grassland,GC,"Svea, North American",124.00,1849.00,32.70,2.94,0.8,11.12,160.79 ,91.63 ,1.75 ,7.00,34.90,24.80,40.30
12,2,A1,-106.78,45.01,33,7.20,400.00,1464,B,Grassland,GC,"Ulm, North American",84.00,883.00,14.10,1.43,0.5,9.86,109.72 ,79.38 ,1.38 ,5.80,29.00,32.80,38.20
13,2,A1,-104.37,41.71,252,10.80,375.00,1638,B,Grassland,GC,"Weld, North American",19.00,576.00,7.70,0.88,0.5,8.75,254.25 ,69.15 ,3.68 ,6.40,59.90,14.50,25.60
14,2,A1,-99.91,41.29,154,10.90,792.00,1481,D,Grassland,GC,"Sharpsburg, North American",56.00,1494.00,19.70,2.06,0.4,9.56,217.56 ,80.67 ,2.70 ,5.50,40.00,23.70,36.30
15,2,A1,-100.05,41.52,28,11.60,666.00,1464,D,Grassland,GC,"Holdrege, North American",38.00,862.00,14.00,1.41,0.4,9.93,88.37 ,70.56 ,1.25 ,5.40,56.80,21.70,21.50
16,2,A1,-96.98,40.14,422,12.20,573.00,1486,D,Grassland,GC,"Armo, North American",52.00,901.00,15.60,1.40,0.5,11.14,285.45 ,59.41 ,4.80 ,7.40,43.90,30.20,25.90
17,2,A1,-96.43,41.44,357,12.40,791.00,1362,D,Grassland,GC,"Reading, North American",60.00,886.00,15.00,1.57,0.7,9.55,294.44 ,67.23 ,4.38 ,4.90,51.90,15.90,32.20
18,2,A1,-95.42,38.37,309,14.20,1000.00,1502,D,Grassland,GC,"Parsons, North American",30.00,804.00,10.10,1.54,0.5,6.56,294.17 ,61.06 ,4.82 ,6.20,37.80,46.70,15.50
19,2,A1,-103.36,33.30,1244,17.10,466.00,2349,B,Grassland,GC,"Amarillo, North American",12.00,160.00,4.26,0.47,0.5,9.06,200.65 ,77.49 ,2.59 ,7.20,86.70,2.00,11.30
20,2,A1,-98.47,32.82,337,20.00,1030.00,1999,C,Grassland,GC,"Halettsville, North American",28.00,423.00,12.90,0.99,0.4,13.03,189.65 ,59.44 ,3.19 ,7.30,59.30,13.40,27.30
21,2,A1,-94.59,31.72,133,20.30,1308.00,1564,C,Grassland,GC,"Morey, North American",31.00,676.00,11.50,1.04,0.4,11.06,132.05 ,43.31 ,3.05 ,5.30,59.90,17.90,22.20
22,2,A1,-97.05,30.19,167,22.20,700.00,1738,C,Grassland,GC,"Racombes, North American",9.00,244.00,11.20,0.89,0.4,12.58,173.64 ,42.38 ,4.10 ,7.40,63.70,8.40,27.90
23,3,A1,-105.78,52.87,474,0.90,456.00,903,D,Grassland,GC,"Hoey, SK",256.08,2659.74,58.20,5.29,0.4,11.00,144.39 ,112.17 ,1.29 ,7.40,48.70,22.30,29.10
24,3,A1,-106.28,52.32,514,1.60,343.00,946,D,Grassland,GC,"Aberdeen, SK",207.27,2339.19,42.30,4.23,0.5,10.00,215.30 ,86.85 ,2.48 ,7.20,64.90,18.90,16.20
25,3,A1,-107.78,50.28,738,3.20,380.00,1119,D,Grassland,GC,"Swift Current, SK",228.42,2356.11,42.30,3.89,0.5,10.87,233.22 ,81.73 ,2.85 ,5.60,51.50,26.40,22.20
26,3,A1,-95.92,45.58,344,6.10,565.00,1091,D,Grassland,GC,"Morris, MN",294.40,3910.40,64.00,5.34,0.6,11.99,180.61 ,80.15 ,2.25 ,5.90,35.40,30.20,34.40
27,3,A1,-100.88,46.82,509,5.00,419.00,1235,D,Grassland,GC,"Mandan, ND",224.36,1861.24,31.60,3.31,0.5,9.55,146.71 ,92.82 ,1.58 ,5.90,60.00,20.70,20.60
28,3,A1,-109.68,48.53,780,6.10,300.00,1353,B,Grassland,GC,"Havre, MT",150.88,1044.68,16.40,1.65,0.4,9.94,185.33 ,86.87 ,2.13 ,6.10,66.30,17.10,16.50
29,3,A1,-106.12,44.65,1114,7.20,400.00,1502,B,Grassland,GC,"Arvada, WY",125.80,1122.95,18.50,1.94,0.5,9.54,98.08 ,78.50 ,1.25 ,5.40,42.20,34.00,23.80
30,3,A1,-103.20,40.15,1402,10.80,375.00,1742,B,Grassland,GC,"Akron, CO",91.26,1152.58,16.90,1.59,0.4,10.63,82.72 ,73.07 ,1.13 ,6.70,67.50,14.90,17.70
31,3,A1,-99.37,40.43,712,11.60,666.00,1525,D,Grassland,GC,"Holdrege, KS",155.48,2146.82,29.90,3.02,0.4,9.90,304.20 ,58.52 ,5.20 ,6.20,52.80,22.90,24.40
32,3,A1,-99.32,38.87,611,12.20,573.00,1752,D,Grassland,GC,"Hayes, KS",121.00,1897.50,27.50,2.68,0.5,10.26,330.22 ,55.60 ,5.94 ,7.10,54.70,17.80,27.50
33,3,A1,-96.68,40.32,399,10.90,792.00,1444,D,Grassland,GC,"Lincoln, NE",222.75,2997.00,40.50,3.46,0.5,11.71,285.45 ,59.41 ,4.80 ,5.60,40.20,27.50,32.30
34,3,A1,-96.57,39.18,314,12.40,791.00,1519,D,Grassland,GC,"Manhattan, KS",153.50,2053.83,30.70,2.86,0.5,10.73,414.21 ,58.92 ,7.03 ,6.00,40.40,26.50,33.20
35,3,A1,-95.25,37.33,269,14.20,1000.00,1551,C,Grassland,GC,"Parsons, KS",96.48,2114.52,26.80,2.46,0.7,10.89,247.22 ,63.52 ,3.89 ,4.90,46.20,35.50,18.20
36,3,A1,-101.48,32.24,757,17.10,466.00,2348,B,Grassland,GC,"Big Spring, TX",62.15,558.22,11.30,1.16,0.3,9.74,213.66 ,62.55 ,3.42 ,7.40,72.10,7.10,20.90
37,3,A1,-96.55,29.70,61,20.00,1030.00,1655,C,Grassland,GC,"Columbus, TX",101.91,1156.56,23.70,1.92,0.5,12.34,196.87 ,51.81 ,3.80 ,7.40,61.40,13.60,25.10
38,3,A1,-94.13,30.08,9,20.30,1308.00,1619,C,Grassland,GC,"Beaumout, TX",143.26,1444.95,24.70,2.15,0.7,11.49,178.08 ,51.51 ,3.46 ,5.90,54.30,19.90,25.80
39,3,A1,-98.07,27.75,67,22.20,700.00,1920,C,Grassland,GC,"Alice, TX",81.00,1023.75,22.50,1.75,0.5,12.86,190.23 ,58.11 ,3.27 ,7.60,67.60,6.60,25.90
40,3,A1,-99.33,27.77,174,23.40,440.00,2128,B,Grassland,GC,"Webb County, TX",54.40,630.40,16.00,1.40,0.3,11.43,199.80 ,64.10 ,3.12 ,7.60,50.40,21.20,28.40
41,4,A1,-100.77,46.82,532,5.00,402.00,1285,D,Cropland,GC,"Mandan, ND",79.00,1479.00,22.10,2.00,0.5,11.05,146.71 ,92.82 ,1.58 ,6.9,20.00,52.00,28.00
42,4,A1,-100.77,46.82,532,5.00,402.00,1285,D,Cropland,GC,"Mandan, ND",71.00,1438.00,19.50,2.00,0.5,9.75,146.71 ,92.82 ,1.58 ,6.9,18.00,56.00,26.00
43,4,A1,-102.65,39.30,1337,10.70,410.00,1806,B,Cropland,GC,"Stratton, CO",39.00,745.00,9.90,1.10,0.4,9.00,224.53 ,71.28 ,3.15 ,7.3,28.00,48.00,34.00
44,4,A1,-102.65,39.30,1337,10.70,410.00,1806,B,Cropland,GC,"Stratton, CO",39.00,856.00,10.50,1.10,0.4,9.55,224.53 ,71.28 ,3.15 ,7.3,22.00,45.00,31.00
45,4,A1,-102.58,35.18,1256,12.70,473.00,2166,B,Cropland,GC,"Bushland, TX",46.00,782.00,10.10,1.10,0.5,9.18,195.97 ,77.81 ,2.52 ,5.5,17.00,52.00,31.00
46,4,A1,-102.58,35.18,1256,12.70,473.00,2166,B,Cropland,GC,"Bushland, TX",41.00,766.00,9.70,1.20,0.5,8.08,195.97 ,77.81 ,2.52 ,5.5,17.00,50.00,33.00
47,4,A1,-102.68,41.13,1197,8.50,380.00,1663,B,Cropland,GC,"Sidney, NE",43.00,809.00,12.70,1.30,0.4,9.77,355.72 ,51.76 ,6.87 ,7.2,36.00,43.00,21.00
48,4,A1,-102.68,41.13,1197,8.50,380.00,1663,B,Cropland,GC,"Sidney, NE",57.00,1781.00,23.00,2.30,0.4,10.00,355.72 ,51.76 ,6.87 ,7.2,15.00,54.00,31.00
49,4,A1,-96.65,39.18,340,12.80,835.00,1523,D,Cropland,GC,"Manhattan, KS",40.00,885.00,11.70,1.20,0.6,9.75,414.21 ,58.92 ,7.03 ,7.0,6.00,73.00,21.00
50,4,A1,-96.65,39.18,340,12.80,835.00,1523,D,Cropland,GC,"Manhattan, KS",55.00,1641.00,18.20,1.90,0.6,9.58,414.21 ,58.92 ,7.03 ,7.0,6.00,73.00,21.00
51,4,A1,-84.63,38.02,281,13.00,1140.00,1284,C,Cropland,GC,"Lexington, KY",37.00,853.00,12.10,1.50,0.5,8.07,176.45 ,74.49 ,2.37 ,6.4,7.00,61.00,32.00
52,4,A1,-84.63,38.02,281,13.00,1140.00,1284,C,Cropland,GC,"Lexington, KY",50.00,2076.00,24.90,2.70,0.5,9.22,176.45 ,74.49 ,2.37 ,6.4,8.00,62.00,30.00
53,5,A1,96.67,40.80,1573,10.90,792.00,1810,B,Cropland,GC,"Lincoln, NE, USA",31.52,864.83,11.43,1.19,0.6,9.60,342.18 ,42.09 ,8.13 ,8.4,55,32,13
54,5,A1,96.67,40.80,1573,10.90,792.00,1810,B,Grassland,GC,"Lincoln, NE, USA",223.36,2994.42,40.49,3.46,0.6,11.70,342.18 ,42.09 ,8.13 ,8.4,55,32,13
55,5,A1,96.67,40.80,1573,10.90,792.00,1810,B,Forest,GC,"Lincoln, NE, USA",146.68,2964.48,44.78,3.79,0.6,11.80,342.18 ,42.09 ,8.13 ,8.4,55,32,13
56,6,A1,9.21,48.71,354,10.50,659.00,884,C,Cropland,GC,"University of Hohenheim, Germany",36.00,707.00,20.10,1.52,0.6,13.22,286.71 ,54.03 ,5.31 ,7.50,60.90,24.40,14.70
57,7,A1,-94.00,44.15,539,3.00,620.00,1102,D,Grassland,GC,"Minnesota, USA",,,63.90,4.96,0.5,12.88,182.17 ,86.00 ,2.12 ,6.10,29.80,43.90,26.30
58,7,A1,-94.00,44.15,539,3.00,620.00,1102,D,Grassland,GC,"Minnesota, USA",,,33.80,2.93,0.5,11.54,182.17 ,86.00 ,2.12 ,5.80,50.00,30.00,20.00
59,7,A1,-94.00,44.15,539,3.00,620.00,1102,D,Cropland,GC,"Minnesota, USA",,,29.80,2.96,0.5,10.07,182.17 ,86.00 ,2.12 ,5.60,41.30,37.00,21.70
60,7,A1,-96.48,46.53,299,5.00,390.00,1091,D,Grassland,GC,"North Dakota, USA",,,50.70,4.39,0.5,11.55,150.38 ,84.08 ,1.79 ,6.00,33.00,47.00,20.00
61,7,A1,-96.48,46.53,299,5.00,390.00,1091,D,Grassland,GC,"North Dakota, USA",,,26.90,3.05,0.5,8.82,150.38 ,84.08 ,1.79 ,6.40,49.20,28.20,22.60
62,7,A1,-96.48,46.53,299,5.00,390.00,1091,D,Cropland,GC,"North Dakota, USA",,,28.50,2.88,0.5,9.90,150.38 ,84.08 ,1.79 ,5.50,44.90,34.30,20.80
63,7,A1,-96.48,46.53,299,5.00,490.00,1091,D,Grassland,GC,"North Dakota, USA",,,95.50,8.38,0.5,11.40,150.38 ,84.08 ,1.79 ,6.50,24.50,46.50,29.00
64,7,A1,-96.48,46.53,299,5.00,490.00,1091,D,Grassland,GC,"North Dakota, USA",,,37.30,3.80,0.5,9.82,150.38 ,84.08 ,1.79 ,7.30,41.30,34.20,24.50
65,7,A1,-96.48,46.53,299,5.00,490.00,1091,D,Cropland,GC,"North Dakota, USA",,,35.60,3.55,0.5,10.03,150.38 ,84.08 ,1.79 ,7.10,40.40,32.00,27.60
66,7,A1,-94.00,44.15,304,7.00,720.00,1102,D,Grassland,GC,"Minnesota, USA",,,49.70,4.06,0.5,12.24,182.17 ,86.00 ,2.12 ,7.20,45.90,28.90,25.20
67,7,A1,-94.00,44.15,304,7.00,720.00,1102,D,Grassland,GC,"Minnesota, USA",,,50.90,3.78,0.5,13.47,182.17 ,86.00 ,2.12 ,7.40,62.70,22.00,15.30
68,7,A1,-94.00,44.15,304,7.00,720.00,1102,D,Cropland,GC,"Minnesota, USA",,,25.10,1.98,0.5,12.68,182.17 ,86.00 ,2.12 ,7.50,63.40,21.60,15.00
69,7,A1,-92.01,41.56,253,10.00,840.00,1216,D,Grassland,GC,"Iowa, USA",,,56.50,4.75,0.5,11.89,228.86 ,75.05 ,3.05 ,6.10,4.00,66.00,30.00
70,7,A1,-92.01,41.56,253,10.00,840.00,1216,D,Grassland,GC,"Iowa, USA",,,35.60,2.86,0.5,12.45,228.86 ,75.05 ,3.05 ,6.90,4.00,65.00,31.00
71,7,A1,-92.01,41.56,253,10.00,840.00,1216,D,Cropland,GC,"Iowa, USA",,,28.40,2.71,0.5,10.48,228.86 ,75.05 ,3.05 ,5.70,3.00,67.00,30.00
72,7,A1,-100.00,41.50,917,11.00,720.00,1472,D,Grassland,GC,"Nebraska, USA",,,99.10,9.51,0.4,10.42,89.29 ,69.85 ,1.28 ,5.50,19.00,59.00,22.00
73,7,A1,-100.00,41.50,917,11.00,720.00,1472,D,Grassland,GC,"Nebraska, USA",,,23.90,2.18,0.4,10.96,89.29 ,69.85 ,1.28 ,5.00,9.00,58.00,33.00
74,7,A1,-100.00,41.50,917,11.00,720.00,1472,D,Cropland,GC,"Nebraska, USA",,,15.10,1.60,0.4,9.44,89.29 ,69.85 ,1.28 ,5.00,8.00,53.00,39.00
75,7,A1,-92.33,38.95,221,12.00,990.00,1369,D,Grassland,GC,"Missouri, USA",,,43.20,3.87,0.4,11.16,256.37 ,57.66 ,4.45 ,4.40,3.50,75.20,21.30
76,7,A1,-92.33,38.95,221,12.00,990.00,1369,D,Grassland,GC,"Missouri, USA",,,19.50,1.89,0.4,10.32,256.37 ,57.66 ,4.45 ,6.80,8.80,70.10,21.10
77,7,A1,-92.33,38.95,221,12.00,990.00,1369,D,Cropland,GC,"Missouri, USA",,,17.40,1.86,0.4,9.35,256.37 ,57.66 ,4.45 ,5.00,7.00,68.70,24.30
78,7,A1,-97.44,30.16,119,14.00,500.00,1775,C,Grassland,GC,"Texas, USA",,,39.30,4.03,0.5,9.75,173.64 ,42.38 ,4.10 ,6.30,19.50,52.50,28.00
79,7,A1,-97.44,30.16,119,14.00,500.00,1775,C,Grassland,GC,"Texas, USA",,,12.50,1.43,0.5,8.74,173.64 ,42.38 ,4.10 ,6.10,23.00,48.60,28.40
80,7,A1,-97.44,30.16,119,14.00,500.00,1775,C,Cropland,GC,"Texas, USA",,,7.30,0.95,0.5,7.68,173.64 ,42.38 ,4.10 ,6.10,19.20,50.20,30.60
81,7,A1,-97.26,35.12,380,16.00,1030.00,1725,C,Grassland,GC,"Oklahoma, USA",,,13.90,1.40,0.5,9.93,315.83 ,63.56 ,4.97 ,5.60,62.80,27.70,9.50
82,7,A1,-97.26,35.12,380,16.00,1030.00,1725,C,Grassland,GC,"Oklahoma, USA",,,7.30,0.79,0.5,9.24,315.83 ,63.56 ,4.97 ,5.00,76.20,17.50,6.30
83,7,A1,-97.26,35.12,380,16.00,1030.00,1725,C,Cropland,GC,"Oklahoma, USA",,,4.50,0.53,0.5,8.49,315.83 ,63.56 ,4.97 ,4.10,86.50,10.00,3.50
84,7,A1,-97.26,35.12,380,16.00,850.00,1725,C,Grassland,GC,"Oklahoma, USA",,,10.70,1.26,0.5,8.49,315.83 ,63.56 ,4.97 ,7.40,45.00,39.20,15.80
85,7,A1,-97.26,35.12,380,16.00,850.00,1725,C,Grassland,GC,"Oklahoma, USA",,,9.30,0.81,0.5,11.48,315.83 ,63.56 ,4.97 ,6.30,61.00,24.10,14.90
86,7,A1,-97.26,35.12,380,16.00,850.00,1725,C,Cropland,GC,"Oklahoma, USA",,,4.00,0.40,0.5,10.00,315.83 ,63.56 ,4.97 ,7.00,61.50,24.00,14.50
87,8,A1,-103.00,41.14,1250,8.50,440.00,1661,D,Cropland,GC,"Sidney, NE, USA",57.50,1782.50,23.00,2.30,0.4,10.00,355.72 ,51.76 ,6.87 ,7.1,55,27,18
88,9,A1,37.00,4.50,1300,20.00,550.00,2179,B,Forest,GC,Masai plains in the northern Tanzanian,47.50,761.09,18.70,1.80,0.8,10.39,106.53 ,79.77 ,1.34 ,6.60,51.50,19.00,29.50
89,9,A1,37.00,4.50,1300,20.00,550.00,2179,B,Forest,GC,Masai plains in the northern Tanzanian,15.73,430.56,13.80,1.22,0.8,11.31,106.53 ,79.77 ,1.34 ,6.90,70.60,11.40,18.00
90,9,A1,37.00,4.50,1300,20.00,550.00,2179,B,Cropland,GC,Masai plains in the northern Tanzanian,6.89,213.31,8.30,0.90,0.8,9.22,106.53 ,79.77 ,1.34 ,7.00,61.60,13.30,25.10
91,9,A1,37.00,4.50,1300,20.00,550.00,2179,B,Cropland,GC,Masai plains in the northern Tanzanian,5.90,189.42,8.20,0.90,0.8,9.11,106.53 ,79.77 ,1.34 ,6.70,61.90,13.00,25.10
92,9,A1,37.00,4.50,1300,20.00,550.00,2179,B,Cropland,GC,Masai plains in the northern Tanzanian,28.03,643.20,19.20,1.95,0.8,9.85,106.53 ,79.77 ,1.34 ,8.40,69.50,12.20,18.30
93,10,A1,26.95,-28.12,1575,15.20,571.00,2086,B,Cropland,GC,Free State Province of South Africa,36.00,670.00,13.40,1.19,0.4,11.26,201.04 ,67.97 ,2.96 ,5.75,25,43,31
94,10,A1,26.95,-28.12,1575,15.20,571.00,2086,B,Cropland,GC,Free State Province of South Africa,23.00,448.00,9.20,0.93,0.4,9.89,201.04 ,67.97 ,2.96 ,5.65,25,43,31
95,10,A1,26.95,-28.12,1575,15.20,571.00,2086,B,Cropland,GC,Free State Province of South Africa,22.00,440.00,8.30,0.79,0.4,10.51,201.04 ,67.97 ,2.96 ,5.35,25,43,31
96,10,A1,26.95,-28.12,1575,15.20,571.00,2086,B,Cropland,GC,Free State Province of South Africa,17.00,366.00,7.00,0.70,0.4,10.00,201.04 ,67.97 ,2.96 ,5.25,25,43,31
97,10,A1,26.95,-28.12,1575,15.20,571.00,2086,B,Cropland,GC,Free State Province of South Africa,12.00,312.00,5.90,0.60,0.4,9.83,201.04 ,67.97 ,2.96 ,5.60,25,43,31
98,10,A1,26.95,-28.12,1575,15.20,571.00,2086,B,Cropland,GC,Free State Province of South Africa,15.00,316.00,5.80,0.65,0.4,8.92,201.04 ,67.97 ,2.96 ,5.65,25,43,31
99,10,A1,26.95,-28.12,1575,15.20,571.00,2086,B,Cropland,GC,Free State Province of South Africa,12.00,317.00,5.50,0.59,0.4,9.32,201.04 ,67.97 ,2.96 ,5.80,25,43,31
100,10,A1,26.95,-28.12,1575,15.20,571.00,2086,B,Cropland,GC,Free State Province of South Africa,10.00,278.00,5.00,0.56,0.4,8.93,201.04 ,67.97 ,2.96 ,6.10,25,43,31
101,10,A1,26.95,-28.12,1575,15.20,571.00,2086,B,Cropland,GC,Free State Province of South Africa,11.00,282.00,4.40,0.53,0.4,8.30,201.04 ,67.97 ,2.96 ,5.65,25,43,31
102,11,A1,-148.71,70.33,5,-11.17,167.00,237,E,Glacier,GC,"Site1, Prudhoe Bay",156.00,1950.00,142.00,9.00,0.6,15.78,303.53 ,38.21 ,7.94 ,5.70,48,48,5
103,11,A1,-148.71,70.33,5,-11.17,167.00,237,E,Glacier,GC,"Site1, Prudhoe Bay",177.00,2950.00,199.00,13.00,0.6,15.31,303.53 ,38.21 ,7.94 ,6.60,48,48,5
104,11,A1,-148.67,69.44,218,-10.29,183.00,423,E,Glacier,GC,"Site2, Sagwon Hills",99.00,1880.00,119.00,7.50,0.7,15.87,235.08 ,65.22 ,3.60 ,5.80,49,46,5
105,11,A1,-149.61,68.63,725,-9.52,267.00,480,D,Glacier,GC,"Site3, Toolik Lake",78.00,1210.00,69.00,3.90,0.6,17.69,123.55 ,46.70 ,2.65 ,5.40,58,37,6
106,12,A1,72.65,40.03,2900.00 ,-0.10,900.00,998,B,Grassland,GC,"Alay Range, Kyrgyzia",500.00,7100.00,87.70,11.50,0.6,7.63,85.83 ,72.16 ,1.19 ,5.60,27.50,45.30,19.90
107,12,A1,72.65,40.03,2900.00 ,-0.10,900.00,998,B,Forest,GC,"Alay Range, Kyrgyzia",,4800.00,130.80,8.60,0.6,15.21,85.83 ,72.16 ,1.19 ,7.00,35.40,44.10,15.50
108,13,A1,100.35,17.48,1425,25.00,1400.00,1764,A,Forest,GC,"Khun Sathan Research Station, Thailand ",247.87,1572.53,60.67,3.71,0.4,16.36,180.13 ,69.14 ,2.61 ,4.80,23,60,40.10
109,13,A1,100.35,17.48,1425,25.00,1400.00,1764,A,Forest,GC,"Khun Sathan Research Station, Thailand ",95.54,609.02,17.19,1.35,0.4,12.75,180.13 ,69.14 ,2.61 ,4.60,23,60,39.20
110,13,A1,100.35,17.48,1425,25.00,1400.00,1764,A,Forest,GC,"Khun Sathan Research Station, Thailand ",208.26,1494.57,49.21,3.03,0.4,16.22,180.13 ,69.14 ,2.61 ,4.60,23,60,37.00
111,13,A1,100.35,17.48,1425,25.00,1400.00,1764,A,Forest,GC,"Khun Sathan Research Station, Thailand ",183.95,845.79,17.87,1.35,0.4,13.25,180.13 ,69.14 ,2.61 ,4.30,23,60,33.00
112,13,A1,100.35,17.48,1425,25.00,1400.00,1764,A,Forest,GC,"Khun Sathan Research Station, Thailand ",254.00,1407.83,39.78,2.36,0.4,16.86,180.13 ,69.14 ,2.61 ,3.80,23,60,53.30
113,13,A1,100.35,17.48,1425,25.00,1400.00,1764,A,Forest,GC,"Khun Sathan Research Station, Thailand ",70.11,361.23,10.45,0.67,0.4,15.50,180.13 ,69.14 ,2.61 ,4.20,23,60,47.20
114,13,A1,100.35,17.48,1425,25.00,1400.00,1764,A,Cropland,GC,"Khun Sathan Research Station, Thailand ",232.33,1459.12,43.15,2.70,0.4,16.00,180.13 ,69.14 ,2.61 ,4.70,23,60,47.90
115,13,A1,100.35,17.48,1425,25.00,1400.00,1764,A,Cropland,GC,"Khun Sathan Research Station, Thailand ",161.76,656.56,23.60,1.69,0.4,14.00,180.13 ,69.14 ,2.61 ,4.40,23,60,40.20
116,14,A1,13.13,52.26,167,9.00,686.00,884,D,Grassland,LC,"Mühlberg, Kassel, Germany",64.00,830.00,16.30,1.70,0.7,9.59,334.20 ,60.21 ,5.55 ,7.40,6.00,77.00,17.00
117,15,A1,-72.11,42.49,355,6.50,1100.00,979,D,Forest,GC,"Harvard Forest, USA",63.00,225.00,6.86,0.32,0.8,21.55,348.43 ,70.45 ,4.95 ,5.3,23,70,7
118,15,A1,-72.11,42.49,355,6.50,1100.00,979,D,Forest,GC,"Harvard Forest, USA",68.00,212.00,6.51,0.33,0.8,19.56,348.43 ,70.45 ,4.95 ,5.3,23,70,7
119,16,A1,-60.02,-3.10,175,26.00,2050.00,1323,A,Forest,GC,Maus,43.36,173.44,13.60,0.90,0.7,15.11,519.43 ,26.09 ,19.91 ,3.80,85.00,1.30,10.40
120,16,A1,-60.02,-3.10,175,26.00,2050.00,1323,A,Forest,GC,Maus,130.08,1517.62,37.40,2.90,0.7,12.90,519.43 ,26.09 ,19.91 ,6.60,87.90,6.00,5.00
121,16,A1,11.85,49.98,623,6.32,1056.00,709,D,Forest,GC,"Mehlmeisel, Germany",86.72,910.57,55.90,4.50,0.6,12.42,398.00 ,67.78 ,5.87 ,7.70,57.20,23.70,16.80
122,17,A1,9.39,52.76,19,9.13,705.00,830,C,Cropland,LC,"south of Gottingen, Lower Saxony",50.00,620.00,12.70,1.30,0.7,9.77,295.00,71.95 ,4.10 ,7.70,3.00,79.00,18.00
123,17,A1,9.39,52.76,19,9.13,705.00,830,C,Grassland,LC,"south of Gottingen, Lower Saxony",64.00,860.00,16.30,1.70,0.7,9.59,455.00,71.95 ,6.32 ,6.90,6.00,77.00,17.00
124,17,A1,9.39,52.76,19,9.13,705.00,830,C,Cropland,LC,"south of Gottingen, Lower Saxony",77.00,800.00,17.80,1.80,0.7,9.89,540.00,71.95 ,7.50 ,7.00,6.00,72.00,22.00
125,17,A1,9.39,52.76,19,9.13,705.00,830,C,Grassland,LC,"south of Gottingen, Lower Saxony",89.00,1060.00,22.30,2.20,0.7,10.14,345.00,71.95 ,4.79 ,7.50,6.00,71.00,23.00
126,17,A1,9.39,52.76,19,9.13,705.00,830,C,Cropland,LC,"south of Gottingen, Lower Saxony",117.00,1130.00,28.90,3.10,0.7,9.32,610.00,71.95 ,8.48 ,8.00,6.00,69.00,25.00
127,17,A1,9.39,52.76,19,9.13,705.00,830,C,Grassland,LC,"south of Gottingen, Lower Saxony",148.00,1620.00,40.70,4.10,0.7,9.93,960.00,71.95 ,13.34 ,8.10,6.00,68.00,21.00
128,18,A1,-0.92,44.20,80,12.70,900.00,1041,C,Cropland,GC,"‘Landes de Gascogne’, southwest France",9.80,292.60,22.60,0.90,0.8,25.00,652.56 ,64.58 ,10.11 ,5.60,90.00,4.90,5.10
129,18,A1,-0.92,44.20,80,12.70,900.00,1041,C,Cropland,GC,"‘Landes de Gascogne’, southwest France",9.30,268.30,20.00,0.71,0.8,28.01,652.56 ,64.58 ,10.11 ,5.60,75.50,19.90,4.60
130,18,A1,-0.92,44.20,80,12.70,900.00,1041,C,Cropland,GC,"‘Landes de Gascogne’, southwest France",13.50,291.20,18.00,1.00,0.8,18.00,652.56 ,64.58 ,10.11 ,6.00,82.30,10.80,6.90
131,18,A1,-0.78,44.48,44,12.70,900.00,1039,C,Forest,GC,"‘Landes de Gascogne’, southwest France",14.40,677.20,33.50,1.16,0.8,29.00,652.56 ,64.58 ,10.11 ,4.30,87.80,5.30,6.90
132,18,A1,-0.78,44.48,44,12.70,900.00,1039,C,Forest,GC,"‘Landes de Gascogne’, southwest France",14.80,486.30,29.60,1.18,0.8,25.00,652.56 ,64.58 ,10.11 ,4.50,88.50,5.80,5.70
133,18,A1,-0.78,44.48,44,12.70,900.00,1039,C,Forest,GC,"‘Landes de Gascogne’, southwest France",9.60,310.60,21.70,0.70,0.8,31.00,652.56 ,64.58 ,10.11 ,4.50,88.20,6.10,5.70
134,19,A1,116.14,28.22,138,17.00,1614.00,1298,C,Cropland,LC,"Red Soil Research Station, Jiangxi, Chi",,,7.68,1.07,0.7,7.18,198.08 ,62.27 ,3.18 ,5.50,31,23,44
135,19,A1,124.49,43.30,65,5.60,595.00,1195,D,Cropland,LC,"Gongzhuling, Jilin, Chi",,,12.51,1.52,0.9,8.23,212.67 ,80.03 ,2.66 ,6.10,50,29,21
136,20,A1,9.98,50.38,686,6.71,690.00,822,D,Grassland,LC,"Heringen in North Hessia, Germany",47.00,883.00,16.80,1.40,0.6,12.00,386.00,64.00,6.03 ,4.67,73.00,19.00,8.00
137,20,A1,9.98,50.38,686,6.71,690.00,822,D,Grassland,LC,"Heringen in North Hessia, Germany",75.00,1035.00,36.20,2.70,0.6,13.41,87.00,12.00,7.25 ,5.35,76.00,11.00,13.00
138,21,A1,11.10,51.35,134,8.67,586.00,844,D,Cropland,LC,"Hasenloch at Frankenhausen, Germany",48.00,650.00,12.50,1.20,0.5,10.42,164.55 ,86.16 ,1.91 ,7.40,3.00,80.00,17.00
139,22,A1,0.19,11.59,268,28.30,850.00,2456,A,Cropland,LC,"Burki Faso, Fada-Kouare",26.00,383.00,5.20,0.63,0.5,8.24,64.00,6.80,9.41 ,6.40,34,55,15.00
140,22,A1,0.19,11.59,268,28.30,850.00,2456,A,Cropland,LC,"Burki Faso, Fada-Kouare",31.00,404.00,5.20,0.63,0.5,8.24,112.00,10.60,10.57 ,6.40,34,55,15.00
141,22,A1,0.23,10.17,178,27.80,1100.00,2149,A,Cropland,LC,"Plinthic Kanhaplustult, Koukombo",13.00,248.00,3.67,0.51,0.5,7.23,47.00,4.50,10.44 ,6.20,35,54,5.00
142,22,A1,0.23,10.17,178,27.80,1100.00,2149,A,Cropland,LC,"Plinthic Kanhaplustult, Koukombo",16.00,290.00,3.67,0.51,0.5,7.23,45.00,4.40,10.23 ,6.20,35,54,5.00
143,23,A1,123.40,41.52,31.00 ,8.16,677.00,1190,D,Cropland,GC,"Shenyang Experimental Ecology Station, Shenyang, Chi",15.00,495.00,10.02,1.21,0.9,8.28,285.00 ,52.32 ,5.45 ,6.00,48,34,19
144,23,A1,124.67,43.60,206.00 ,5.49,573.00,1183,D,Cropland,GC,"Gongzhuling, Jiling, Chi",35.30,572.23,12.51,1.52,0.7,8.23,299.33 ,72.27 ,4.14 ,6.10,52,22,26
145,24,A1,123.24,41.31,55,7.50,625.00,1213,D,Cropland,GC,"Shenyang, Chi",37.00,690.00,11.37,1.21,0.9,9.40,189.37 ,76.81 ,2.47 ,7.0,48,34,19
146,25,A1,-90.08,46.47,492,4.25,878.00,916,D,Forest,GC,"Sylvania Wilderness Recreatiol Area, Ottawa tiol Forest, MI",96.07,579.19,31.03,2.31,0.7,13.43,189.01 ,102.05 ,1.85 ,4.36,25,69,4
147,25,A1,-90.08,46.47,492,4.25,878.00,916,D,Forest,GC,"Sylvania Wilderness Recreatiol Area, Ottawa tiol Forest, MI",61.00,540.36,27.96,1.89,0.7,14.79,189.01 ,102.05 ,1.85 ,4.74,25,69,4
148,25,A1,-90.08,46.47,492,4.25,878.00,916,D,Forest,GC,"Sylvania Wilderness Recreatiol Area, Ottawa tiol Forest, MI",39.81,494.01,29.14,1.75,0.7,16.65,189.01 ,102.05 ,1.85 ,3.73,25,69,4
149,26,A1,-89.41,45.64,469,4.70,793.00,911,D,Forest,GC,Rhinelander (WI) USA,36.40,567.39,9.78,1.35,0.5,7.25,369.33 ,71.32 ,5.18 ,7.4,31,42,27
150,26,A1,-88.23,40.01,212,10.80,954.00,1217,D,Cropland,GC,Urba-Champaign (IL) USA,109.20,1936.96,24.43,2.19,0.6,11.16,254.20 ,68.95 ,3.69 ,6.8,66,9,25
151,26,A1,8.95,47.01,2094,10.00,1108.00,771,E,Grassland,GC,Eschikon Switzerland,118.30,1839.13,24.64,2.20,0.7,11.21,141.11 ,56.97 ,2.48 ,4.4,18,77,5
152,27,A1,9.98,51.28,219,8.30,550.00,810,D,Cropland,LC,"N Hessia, Germany",27.20,317.00,14.40,1.23,0.6,11.71,319.52 ,58.15 ,5.49 ,7.80,44.30,41.60,14.10
153,27,A1,9.87,51.32,276,8.50,630.00,805,D,Cropland,LC,"N Hessia, Germany",24.20,316.00,10.60,1.12,0.6,9.46,319.52 ,58.15 ,5.49 ,7.90,36.70,45.80,17.50
154,28,A1,128.10,42.40,600,2.60,708.00,921,D,Forest,GC,Changbai Mountain,203.20,3869.60,58.67,5.61,0.7,10.46,243.31 ,47.02 ,5.17 ,4.08,31.94,43.70,24.36
155,28,A1,128.10,42.40,600,2.60,708.00,921,D,Forest,GC,Changbai Mountain,,351.90,6.76,1.05,0.7,6.44,243.31 ,47.02 ,5.17 ,3.75,38.81,45.73,15.46
156,28,A1,128.10,42.40,600,2.60,708.00,921,D,Forest,GC,Changbai Mountain,31.10,501.10,2.33,0.74,0.7,3.15,243.31 ,47.02 ,5.17 ,3.35,25.78,48.56,25.66
157,28,A1,128.10,42.40,600,2.60,708.00,921,D,Forest,GC,Changbai Mountain,25.90,364.20,1.83,0.71,0.7,2.58,243.31 ,47.02 ,5.17 ,3.32,27.84,47.08,25.08
158,28,A1,128.07,42.08,1680,-2.90,1031.00,792,D,Forest,GC,Changbai Mountain,185.80,2743.60,46.38,3.94,0.5,11.77,243.31 ,47.02 ,5.17 ,3.79,62.31,23.44,14.25
159,28,A1,128.07,42.08,1680,-2.90,1031.00,792,D,Forest,GC,Changbai Mountain,,207.70,4.31,0.66,0.5,6.53,243.31 ,47.02 ,5.17 ,4.42,78.38,15.92,5.70
160,28,A1,128.07,42.08,1680,-2.90,1031.00,792,D,Forest,GC,Changbai Mountain,,62.50,3.42,0.59,0.5,5.80,243.31 ,47.02 ,5.17 ,4.56,83.17,13.98,2.85
161,28,A1,128.10,42.02,2580,-7.70,1321.00,676,D,Forest,GC,Changbai Mountain,,1684.20,94.28,4.92,0.5,19.16,243.31 ,47.02 ,5.17 ,3.65,38,41,20
162,28,A1,128.10,42.02,2580,-7.70,1321.00,676,D,Forest,GC,Changbai Mountain,,405.00,26.08,1.81,0.5,14.41,243.31 ,47.02 ,5.17 ,4.52,38,41,20
163,28,A1,128.10,42.02,2580,-7.70,1321.00,676,D,Forest,GC,Changbai Mountain,,368.40,18.05,1.59,0.5,11.35,243.31 ,47.02 ,5.17 ,4.70,38,41,20
164,29,A1,4.77,51.25,14,10.33,790.00,851,C,Grassland,LC,"Wechelderzande, Belgium",26.00,885.00,21.00,2.00,0.7,10.50,360.91 ,73.30 ,4.92 ,5.1,93.00,4.50,2.50
165,30,A1,160.55,6.08,4095,23.90,2509.00,1423,A,Forest,GC,"Mt. Kibalu, Sabah, Malaysia",53.40,524.00,28.90,1.89,0.6,15.29,838.69 ,32.48 ,25.83 ,3.70,33,33,32
166,30,A1,160.55,6.08,4095,23.90,2509.00,1423,A,Forest,GC,"Mt. Kibalu, Sabah, Malaysia",66.50,487.00,15.10,1.22,0.6,12.38,838.69 ,32.48 ,25.83 ,3.89,33,33,32
167,30,A1,160.55,6.08,44,23.90,2509.00,1423,A,Forest,GC,"Mt. Kibalu, Sabah, Malaysia",63.10,254.00,11.60,1.05,0.6,11.05,838.69 ,32.48 ,25.83 ,3.94,33,33,32
168,30,A1,160.55,6.08,44,23.90,2509.00,1423,A,Forest,GC,"Mt. Kibalu, Sabah, Malaysia",53.20,277.00,8.04,0.82,0.6,9.80,838.69 ,32.48 ,25.83 ,3.97,33,33,32
169,30,A1,160.55,6.08,44,23.90,2509.00,1423,A,Forest,GC,"Mt. Kibalu, Sabah, Malaysia",42.40,260.00,5.72,0.73,0.6,7.86,838.69 ,32.48 ,25.83 ,4.05,33,33,32
170,30,A1,160.55,6.08,44,23.90,2509.00,1423,A,Forest,GC,"Mt. Kibalu, Sabah, Malaysia",37.00,208.00,4.90,0.71,0.6,6.95,838.69 ,32.48 ,25.83 ,4.12,33,33,32
171,30,A1,160.55,6.08,44,23.90,2509.00,1423,A,Forest,GC,"Mt. Kibalu, Sabah, Malaysia",19.30,204.00,3.97,0.59,0.6,6.76,838.69 ,32.48 ,25.83 ,4.13,33,33,32
172,30,A1,160.55,6.08,44,23.70,2509.00,1423,A,Forest,GC,"Mt. Kibalu, Sabah, Malaysia",101.60,618.00,32.70,1.77,0.6,18.47,838.69 ,32.48 ,25.83 ,4.05,33,33,32
173,30,A1,160.55,6.08,44,23.70,2509.00,1423,A,Forest,GC,"Mt. Kibalu, Sabah, Malaysia",47.10,357.00,19.60,1.27,0.6,15.43,838.69 ,32.48 ,25.83 ,4.76,33,33,32
174,30,A1,160.55,6.08,44,23.70,2509.00,1423,A,Forest,GC,"Mt. Kibalu, Sabah, Malaysia",12.50,192.00,13.30,0.94,0.6,14.12,838.69 ,32.48 ,25.83 ,5.37,33,33,32
175,30,A1,160.55,6.08,44,23.70,2509.00,1423,A,Forest,GC,"Mt. Kibalu, Sabah, Malaysia",38.30,251.00,8.20,0.69,0.6,11.97,838.69 ,32.48 ,25.83 ,5.89,33,33,32
176,30,A1,160.55,6.08,44,23.70,2509.00,1423,A,Forest,GC,"Mt. Kibalu, Sabah, Malaysia",5.00,46.50,4.54,0.46,0.6,9.85,838.69 ,32.48 ,25.83 ,6.06,33,33,32
177,30,A1,160.55,6.08,44,23.70,2509.00,1423,A,Forest,GC,"Mt. Kibalu, Sabah, Malaysia",15.30,48.60,3.28,0.38,0.6,8.70,838.69 ,32.48 ,25.83 ,5.96,33,33,32
178,30,A1,160.55,6.08,44,23.70,2509.00,1423,A,Forest,GC,"Mt. Kibalu, Sabah, Malaysia",18.20,55.70,7.61,0.65,0.6,11.80,838.69 ,32.48 ,25.83 ,5.92,33,33,32
179,31,A1,123.40,41.52,42,7.50,700.00,1190,D,Cropland,GC,Shenyang suburb of Northeast Chi,31.80,586.00,10.01,1.21,0.9,8.27,285.00 ,52.32 ,5.45 ,7.0,48,34,19
180,32,A1,124.80,43.50,207,5.47,605.00,1169,D,Cropland,GC,"Gongzhuling, Jilin Province of Chi",79.89,879.60,15.60,1.50,1.2,10.40,299.33 ,72.27 ,4.14 ,6.10,48,34,18
181,33,A1,125.05,42.20,440,4.40,550.00,1103,D,Cropland,GC,"Dehui County, Jilin Province, Chi",78.88,415.75,15.01,1.38,0.6,10.89,224.46 ,79.95 ,2.81 ,6.49,43,42,35.78
182,33,A1,125.55,42.20,560,4.40,550.00,1069,D,Cropland,GC,"Dehui County, Jilin Province, Chi",113.80,725.33,17.61,1.55,1.1,11.35,252.82 ,89.23 ,2.83 ,6.49,45,39,35.78
183,33,A1,125.55,42.20,560,4.40,550.00,1069,D,Cropland,GC,"Dehui County, Jilin Province, Chi",111.83,618.85,17.02,1.51,1.1,11.25,252.82 ,89.23 ,2.83 ,6.49,45,39,35.78
184,34,A1,26.95,-28.12,1575,13.90,656.00,2086,B,Cropland,GC,Free State Province of South Africa,,,9.10,0.70,0.4,13.00,201.04 ,67.97 ,2.96 ,4.90,25,43,31
185,34,A1,26.95,-28.12,1575,13.90,656.00,2086,B,Grassland,GC,Free State Province of South Africa,,,9.90,0.90,0.4,11.00,201.04 ,67.97 ,2.96 ,5.20,25,43,31
186,34,A1,26.95,-28.12,1575,13.90,656.00,2086,B,Grassland,GC,Free State Province of South Africa,,,13.60,1.10,0.4,12.36,201.04 ,67.97 ,2.96 ,5.20,25,43,31
187,34,A1,26.95,-28.12,1575,13.90,656.00,2086,B,Grassland,GC,Free State Province of South Africa,,,15.60,1.10,0.4,14.18,201.04 ,67.97 ,2.96 ,6.40,25,43,31
188,34,A1,26.95,-28.12,1575,13.90,656.00,2086,B,Grassland,GC,Free State Province of South Africa,,,14.60,1.10,0.4,13.27,201.04 ,67.97 ,2.96 ,4.80,25,43,31
189,34,A1,26.95,-28.12,1575,13.90,656.00,2086,B,Grassland,GC,Free State Province of South Africa,,,18.30,1.40,0.4,13.07,201.04 ,67.97 ,2.96 ,5.20,25,43,31
190,34,A1,26.95,-28.12,1575,13.90,656.00,2086,B,Grassland,GC,Free State Province of South Africa,,,14.70,1.10,0.4,13.36,201.04 ,67.97 ,2.96 ,4.80,25,43,31
191,34,A1,26.95,-28.12,1575,13.90,656.00,2086,B,Grassland,GC,Free State Province of South Africa,,,15.70,1.20,0.4,13.08,201.04 ,67.97 ,2.96 ,5.10,25,43,31
192,34,A1,26.95,-28.12,1575,13.90,656.00,2086,B,Grassland,GC,Free State Province of South Africa,,,22.10,1.50,0.4,14.73,201.04 ,67.97 ,2.96 ,5.30,25,43,31
193,34,A1,26.95,-28.12,1575,14.80,656.00,2086,B,Cropland,GC,Free State Province of South Africa,,,2.80,0.30,0.4,9.33,201.04 ,67.97 ,2.96 ,4.90,25,43,31
194,34,A1,26.95,-28.12,1575,14.80,656.00,2086,B,Grassland,GC,Free State Province of South Africa,,,6.30,0.60,0.4,10.50,201.04 ,67.97 ,2.96 ,5.50,25,43,31
195,34,A1,26.95,-28.12,1575,14.80,656.00,2086,B,Grassland,GC,Free State Province of South Africa,,,8.10,0.70,0.4,11.57,201.04 ,67.97 ,2.96 ,6.10,25,43,31
196,34,A1,26.95,-28.12,1575,14.80,656.00,2086,B,Grassland,GC,Free State Province of South Africa,,,7.90,0.70,0.4,11.29,201.04 ,67.97 ,2.96 ,6.10,25,43,31
197,34,A1,26.95,-28.12,1575,14.80,656.00,2086,B,Grassland,GC,Free State Province of South Africa,,,7.30,0.60,0.4,12.17,201.04 ,67.97 ,2.96 ,6.00,25,43,31
198,34,A1,26.95,-28.12,1575,14.80,656.00,2086,B,Grassland,GC,Free State Province of South Africa,,,8.40,0.80,0.4,10.50,201.04 ,67.97 ,2.96 ,5.90,25,43,31
199,34,A1,26.95,-28.12,1575,14.80,656.00,2086,B,Grassland,GC,Free State Province of South Africa,,,7.70,0.70,0.4,11.00,201.04 ,67.97 ,2.96 ,6.20,25,43,31
200,34,A1,26.95,-28.12,1575,14.80,656.00,2086,B,Grassland,GC,Free State Province of South Africa,,,14.60,1.10,0.4,13.27,201.04 ,67.97 ,2.96 ,6.20,25,43,31
201,34,A1,26.95,-28.12,1575,16.60,544.00,2086,B,Cropland,GC,Free State Province of South Africa,,,2.50,0.20,0.4,12.50,201.04 ,67.97 ,2.96 ,5.90,25,43,31
202,34,A1,26.95,-28.12,1575,16.60,544.00,2086,B,Grassland,GC,Free State Province of South Africa,,,6.20,0.50,0.4,12.40,201.04 ,67.97 ,2.96 ,5.70,25,43,31
203,34,A1,26.95,-28.12,1575,16.60,544.00,2086,B,Grassland,GC,Free State Province of South Africa,,,6.40,0.60,0.4,10.67,201.04 ,67.97 ,2.96 ,5.90,25,43,31
204,34,A1,26.95,-28.12,1575,16.60,544.00,2086,B,Grassland,GC,Free State Province of South Africa,,,6.60,0.60,0.4,11.00,201.04 ,67.97 ,2.96 ,6.00,25,43,31
205,34,A1,26.95,-28.12,1575,16.60,544.00,2086,B,Grassland,GC,Free State Province of South Africa,,,8.90,0.70,0.4,12.71,201.04 ,67.97 ,2.96 ,6.00,25,43,31
206,34,A1,26.95,-28.12,1575,16.60,544.00,2086,B,Grassland,GC,Free State Province of South Africa,,,9.60,0.80,0.4,12.00,201.04 ,67.97 ,2.96 ,5.80,25,43,31
207,34,A1,26.95,-28.12,1575,16.60,544.00,2086,B,Grassland,GC,Free State Province of South Africa,,,9.40,0.80,0.4,11.75,201.04 ,67.97 ,2.96 ,5.70,25,43,31
208,34,A1,26.95,-28.12,1575,16.60,544.00,2086,B,Grassland,GC,Free State Province of South Africa,,,10.50,0.90,0.4,11.67,201.04 ,67.97 ,2.96 ,5.30,25,43,31
209,34,A1,26.95,-28.12,1575,16.60,544.00,2086,B,Grassland,GC,Free State Province of South Africa,,,17.60,1.40,0.4,12.57,201.04 ,67.97 ,2.96 ,5.50,25,43,31
210,35,A1,10.25,52.25,90,10.30,621.00,842,D,Forest,LC,"Lower Saxony, Germany",210.00,2730.00,59.90,4.30,0.5,13.93,610.00,85.99 ,7.09 ,3.90,8.00,77.00,15.00
211,35,A1,10.25,52.25,90,10.30,621.00,842,D,Forest,LC,"Lower Saxony, Germany",140.00,2640.00,58.00,2.40,0.5,24.17,520.00,85.99 ,6.05 ,3.90,55.00,39.00,6.00
212,35,A1,10.25,52.25,90,10.30,621.00,842,D,Cropland,LC,"Lower Saxony, Germany",140.00,1180.00,18.60,1.80,0.5,10.33,450.00,85.99 ,5.23 ,7.00,10.00,55.00,35.00
213,35,A1,10.25,52.25,90,10.30,621.00,842,D,Cropland,LC,"Lower Saxony, Germany",117.00,1190.00,15.10,1.40,0.5,10.79,360.00,85.99 ,4.19 ,7.30,10.00,56.00,34.00
214,35,A1,10.25,52.25,90,10.30,621.00,842,D,Cropland,LC,"Lower Saxony, Germany",110.00,1400.00,14.00,1.20,0.5,11.67,200.00,85.99 ,2.33 ,7.80,16.00,66.00,18.00
215,35,A1,10.25,52.25,90,10.30,621.00,842,D,Cropland,LC,"Lower Saxony, Germany",67.00,980.00,7.80,0.70,0.5,11.14,180.00,85.99 ,2.09 ,7.40,84.00,8.00,8.00
216,36,A1,-48.28,-21.23,550,18.00,1417.00,1541,C,Cropland,LC,"Jaboticabal, SP, Brazil",25.87,490.12,17.61,1.42,0.4,12.39,189.91 ,51.82 ,3.66 ,5.4,38.10,6.30,55.50
217,36,A1,-48.28,-21.23,550,18.00,1417.00,1541,C,Cropland,LC,"Jaboticabal, SP, Brazil",26.25,484.72,17.57,1.30,0.4,13.50,189.91 ,51.82 ,3.66 ,5.4,38.10,6.30,55.50
218,36,A1,-48.28,-21.23,550,18.00,1417.00,1541,C,Cropland,LC,"Jaboticabal, SP, Brazil",22.76,433.14,16.25,1.22,0.4,13.33,189.91 ,51.82 ,3.66 ,5.4,38.10,6.30,55.50
219,36,A1,-48.28,-21.23,550,18.00,1417.00,1541,C,Cropland,LC,"Jaboticabal, SP, Brazil",27.03,505.74,18.25,1.41,0.4,12.92,189.91 ,51.82 ,3.66 ,5.4,38.10,6.30,55.50
220,36,A1,-48.28,-21.23,550,18.00,1417.00,1541,C,Cropland,LC,"Jaboticabal, SP, Brazil",25.81,464.49,17.76,1.36,0.4,13.09,189.91 ,51.82 ,3.66 ,5.4,38.10,6.30,55.50
221,36,A1,-48.28,-21.23,550,18.00,1417.00,1541,C,Cropland,LC,"Jaboticabal, SP, Brazil",31.85,620.08,19.54,1.50,0.4,13.07,189.91 ,51.82 ,3.66 ,5.4,38.10,6.30,55.50
222,36,A1,-48.28,-21.23,550,18.00,1417.00,1541,C,Cropland,LC,"Jaboticabal, SP, Brazil",29.75,505.91,18.04,1.35,0.4,13.39,189.91 ,51.82 ,3.66 ,5.4,38.10,6.30,55.50
223,36,A1,-48.28,-21.23,550,18.00,1417.00,1541,C,Cropland,LC,"Jaboticabal, SP, Brazil",22.68,447.88,16.49,1.29,0.4,12.76,189.91 ,51.82 ,3.66 ,5.4,38.10,6.30,55.50
224,36,A1,-48.28,-21.23,550,18.00,1417.00,1541,C,Cropland,LC,"Jaboticabal, SP, Brazil",23.76,433.39,17.22,1.39,0.4,12.35,189.91 ,51.82 ,3.66 ,5.4,38.10,6.30,55.50
225,37,A1,75.57,13.92,13.92,32.00,656.00,1896,A,Cropland,LC,"Nilaskal village, Shimoga district, Kartaka, India",78.93,1016.43,16.07,1.46,0.6,10.98,313.57,34.64,9.05 ,5.80,31,50,21
226,37,A1,75.57,13.92,13.92,32.00,656.00,1896,A,Cropland,LC,"Nilaskal village, Shimoga district, Kartaka, India",135.38,1338.08,21.15,2.46,0.6,8.59,405.77,42.69,9.50 ,6.40,31,50,21
227,37,A1,75.57,13.92,13.92,32.00,656.00,1896,A,Cropland,LC,"Nilaskal village, Shimoga district, Kartaka, India",130.38,1411.92,24.23,2.35,0.6,10.33,533.85,55.77,9.57 ,6.10,31,50,21
228,37,A1,75.57,13.92,13.92,32.00,656.00,1896,A,Cropland,LC,"Nilaskal village, Shimoga district, Kartaka, India",103.08,1193.08,19.62,1.81,0.6,10.85,417.31,52.31,7.98 ,5.70,31,50,21
229,37,A1,75.57,13.92,13.92,32.00,656.00,1896,A,Cropland,LC,"Nilaskal village, Shimoga district, Kartaka, India",147.69,1393.85,23.85,2.73,0.6,8.73,468.46,54.62,8.58 ,6.10,31,50,21
230,37,A1,75.57,13.92,13.92,32.00,656.00,1896,A,Cropland,LC,"Nilaskal village, Shimoga district, Kartaka, India",141.54,1486.15,26.54,2.62,0.6,10.15,585.38,70.00,8.36 ,5.90,31,50,21
231,37,A1,9.95,54.45,15,8.90,768.00,716,D,Grassland,LC,"Lindhof, Kiel, Germany",117.00,1384.00,27.00,2.40,0.5,11.25,666.00,71.00,9.38 ,6.60,6,88,5
232,37,A1,9.95,54.45,15,8.90,768.00,716,D,Grassland,LC,"Lindhof, Kiel, Germany",131.00,1615.00,18.00,1.70,0.5,10.59,555.00,63.00,8.81 ,5.70,6,88,5
233,37,A1,9.95,54.45,15,8.90,768.00,716,D,Grassland,LC,"Lindhof, Kiel, Germany",61.00,810.00,13.00,1.20,0.5,10.83,248.00,41.00,6.05 ,6.10,6,88,5
234,37,A1,9.95,54.45,15,8.90,768.00,716,D,Grassland,LC,"Lindhof, Kiel, Germany",43.00,641.00,11.00,1.00,0.5,11.00,138.00,21.00,6.57 ,6.20,6,88,5
235,37,A1,9.95,54.45,15,8.90,768.00,716,D,Grassland,LC,"Lindhof, Kiel, Germany",35.00,545.00,7.00,0.60,0.5,11.67,99.00,16.00,6.19 ,6.40,6,88,5
236,37,A1,9.95,54.45,15,8.90,768.00,716,D,Grassland,LC,"Lindhof, Kiel, Germany",138.00,1777.00,23.00,2.00,0.5,11.50,493.00,52.00,9.48 ,5.80,6,88,5
237,37,A1,9.95,54.45,15,8.90,768.00,716,D,Grassland,LC,"Lindhof, Kiel, Germany",85.00,1045.00,16.00,1.40,0.5,11.43,342.00,39.00,8.77 ,5.50,6,88,5
238,37,A1,9.95,54.45,15,8.90,768.00,716,D,Grassland,LC,"Lindhof, Kiel, Germany",47.00,677.00,12.00,1.10,0.5,10.91,240.00,38.00,6.32 ,6.00,6,88,5
239,37,A1,9.95,54.45,15,8.90,768.00,716,D,Grassland,LC,"Lindhof, Kiel, Germany",55.00,873.00,11.00,1.00,0.5,11.00,115.00,25.00,4.60 ,6.20,6,88,5
240,37,A1,9.95,54.45,15,8.90,768.00,716,D,Grassland,LC,"Lindhof, Kiel, Germany",44.00,645.00,8.00,0.70,0.5,11.43,90.00,20.00,4.50 ,6.40,6,88,5
241,37,A1,9.95,54.45,15,8.90,768.00,716,D,Grassland,LC,"Lindhof, Kiel, Germany",102.00,1215.00,17.00,1.50,0.5,11.33,409.00,36.00,11.36 ,6.80,6,88,5
242,37,A1,9.95,54.45,15,8.90,768.00,716,D,Grassland,LC,"Lindhof, Kiel, Germany",80.00,942.00,16.00,1.50,0.5,10.67,361.00,61.00,5.92 ,5.70,6,88,5
243,37,A1,9.95,54.45,15,8.90,768.00,716,D,Grassland,LC,"Lindhof, Kiel, Germany",88.00,1137.00,15.00,1.40,0.5,10.71,270.00,50.00,5.40 ,6.00,6,88,5
244,37,A1,9.95,54.45,15,8.90,768.00,716,D,Grassland,LC,"Lindhof, Kiel, Germany",73.00,1031.00,12.00,1.10,0.5,10.91,181.00,38.00,4.76 ,6.20,6,88,5
245,37,A1,9.95,54.45,15,8.90,768.00,716,D,Grassland,LC,"Lindhof, Kiel, Germany",28.00,362.00,7.00,0.60,0.5,11.67,85.00,15.00,5.67 ,6.30,6,88,5
246,37,A1,9.95,54.45,15,8.90,768.00,716,D,Grassland,LC,"Lindhof, Kiel, Germany",71.00,916.00,16.00,1.40,0.5,11.43,356.00,33.00,10.79 ,5.90,6,88,5
247,37,A1,9.95,54.45,15,8.90,768.00,716,D,Grassland,LC,"Lindhof, Kiel, Germany",98.00,1253.00,15.00,1.40,0.5,10.71,331.00,54.00,6.13 ,6.00,6,88,5
248,37,A1,9.95,54.45,15,8.90,768.00,716,D,Grassland,LC,"Lindhof, Kiel, Germany",75.00,988.00,15.00,1.40,0.5,10.71,254.00,45.00,5.64 ,6.20,6,88,5
249,37,A1,9.95,54.45,15,8.90,768.00,716,D,Grassland,LC,"Lindhof, Kiel, Germany",46.00,717.00,10.00,0.90,0.5,11.11,153.00,32.00,4.78 ,6.40,6,88,5
250,37,A1,9.95,54.45,15,8.90,768.00,716,D,Grassland,LC,"Lindhof, Kiel, Germany",23.00,316.00,6.00,0.50,0.5,12.00,56.00,12.00,4.67 ,6.40,6,88,5
251,37,A1,9.95,54.45,15,8.90,768.00,716,D,Grassland,LC,"Lindhof, Kiel, Germany",174.00,1909.00,28.00,2.50,0.5,11.20,666.00,47.00,14.17 ,6.00,6,88,5
252,37,A1,9.95,54.45,15,8.90,768.00,716,D,Grassland,LC,"Lindhof, Kiel, Germany",96.00,1020.00,16.00,1.60,0.5,10.00,427.00,37.00,11.54 ,6.00,6,88,5
253,37,A1,9.95,54.45,15,8.90,768.00,716,D,Grassland,LC,"Lindhof, Kiel, Germany",66.00,837.00,13.00,1.20,0.5,10.83,274.00,28.00,9.79 ,6.40,6,88,5
254,37,A1,9.95,54.45,15,8.90,768.00,716,D,Grassland,LC,"Lindhof, Kiel, Germany",87.00,1205.00,12.00,1.10,0.5,10.91,128.00,16.00,8.00 ,7.10,6,88,5
255,37,A1,9.95,54.45,15,8.90,768.00,716,D,Grassland,LC,"Lindhof, Kiel, Germany",33.00,378.00,8.00,0.70,0.5,11.43,83.00,12.00,6.92 ,6.70,6,88,5
256,37,A1,9.95,54.45,15,8.90,768.00,716,D,Grassland,LC,"Lindhof, Kiel, Germany",160.00,1747.00,30.00,2.70,0.5,11.11,703.00,38.00,18.50 ,6.10,6,88,5
257,37,A1,9.95,54.45,15,8.90,768.00,716,D,Grassland,LC,"Lindhof, Kiel, Germany",82.00,858.00,17.00,1.60,0.5,10.63,403.00,39.00,10.33 ,6.00,6,88,5
258,37,A1,9.95,54.45,15,8.90,768.00,716,D,Grassland,LC,"Lindhof, Kiel, Germany",99.00,1318.00,13.00,1.30,0.5,10.00,180.00,25.00,7.20 ,6.40,6,88,5
259,37,A1,9.95,54.45,15,8.90,768.00,716,D,Grassland,LC,"Lindhof, Kiel, Germany",67.00,841.00,12.00,1.10,0.5,10.91,167.00,22.00,7.59 ,7.00,6,88,5
260,37,A1,9.95,54.45,15,8.90,768.00,716,D,Grassland,LC,"Lindhof, Kiel, Germany",31.00,413.00,7.00,0.70,0.5,10.00,100.00,15.00,6.67 ,6.60,6,88,5
261,37,A1,9.95,54.45,15,8.90,768.00,716,D,Grassland,LC,"Lindhof, Kiel, Germany",113.00,1198.00,26.00,2.30,0.5,11.30,580.00,36.00,16.11 ,6.60,6,88,5
262,37,A1,9.95,54.45,15,8.90,768.00,716,D,Grassland,LC,"Lindhof, Kiel, Germany",93.00,1134.00,15.00,1.40,0.5,10.71,354.00,24.00,14.75 ,6.00,6,88,5
263,37,A1,9.95,54.45,15,8.90,768.00,716,D,Grassland,LC,"Lindhof, Kiel, Germany",68.00,836.00,14.00,1.30,0.5,10.77,235.00,25.00,9.40 ,6.20,6,88,5
264,37,A1,9.95,54.45,15,8.90,768.00,716,D,Grassland,LC,"Lindhof, Kiel, Germany",46.00,603.00,9.00,0.80,0.5,11.25,145.00,20.00,7.25 ,6.80,6,88,5
265,37,A1,9.95,54.45,15,8.90,768.00,716,D,Grassland,LC,"Lindhof, Kiel, Germany",24.00,294.00,4.00,0.30,0.5,13.33,45.00,3.00,15.00 ,6.50,6,88,5
266,37,A1,9.95,54.45,15,8.90,768.00,716,D,Grassland,LC,"Lindhof, Kiel, Germany",128.00,1479.00,20.00,1.80,0.5,11.11,444.00,35.00,12.69 ,5.50,6,88,5
267,37,A1,9.95,54.45,15,8.90,768.00,716,D,Grassland,LC,"Lindhof, Kiel, Germany",79.00,976.00,15.00,1.40,0.5,10.71,328.00,30.00,10.93 ,5.60,6,88,5
268,37,A1,9.95,54.45,15,8.90,768.00,716,D,Grassland,LC,"Lindhof, Kiel, Germany",60.00,736.00,14.00,1.30,0.5,10.77,266.00,29.00,9.17 ,5.70,6,88,5
269,37,A1,9.95,54.45,15,8.90,768.00,716,D,Grassland,LC,"Lindhof, Kiel, Germany",76.00,1008.00,11.00,1.00,0.5,11.00,183.00,25.00,7.32 ,6.70,6,88,5
270,37,A1,9.95,54.45,15,8.90,768.00,716,D,Grassland,LC,"Lindhof, Kiel, Germany",27.00,260.00,5.00,0.40,0.5,12.50,62.00,9.00,6.89 ,6.20,6,88,5
271,38,A1,-82.73,42.22,186,9.15,898.00,1105,D,Cropland,GC,"Eugene Whelan Experi- mental Farm, Woodslee, Ontario ",135.00,1069.00,19.10,2.10,1.0,9.10,156.01 ,78.46 ,1.99 ,5.4,28.00,35.00,37.00
272,38,A1,128.08,42.38,807.00 ,2.58,691.00,919,D,Forest,GC,"Changbai Mountain in Jilin Province, Chi",395.60,7208.79,171.05,11.50,0.7,14.87,243.31 ,47.02 ,5.17 ,5.10,53,25,22
273,38,A1,128.15,42.15,1204.00 ,0.27,811.00,864,D,Forest,GC,"Changbai Mountain in Jilin Province, Chi",102.56,2432.23,59.63,3.10,1.2,19.23,243.31 ,47.02 ,5.17 ,4.57,40,43,17
274,38,A1,128.07,42.07,1707.00 ,-2.29,967.00,754,D,Forest,GC,"Changbai Mountain in Jilin Province, Chi",117.22,2959.71,96.53,4.55,0.5,21.21,243.31 ,47.02 ,5.17 ,3.95,38,41,20
275,38,A1,128.07,42.05,1974.00 ,-3.31,1038.00,704,D,Forest,GC,"Changbai Mountain in Jilin Province, Chi",117.22,2710.62,65.39,4.25,0.5,15.39,243.31 ,47.02 ,5.17 ,4.59,38,41,20
276,38,A1,128.07,42.03,2295.00 ,-4.84,1154.00,627,D,Glacier,GC,"Changbai Mountain in Jilin Province, Chi",102.56,1787.55,59.50,3.20,0.5,18.60,243.31 ,47.02 ,5.17 ,4.78,38,41,20
277,39,A1,-88.07,42.68,246,8.21,870.00,1067,D,Cropland,GC,"Southern Wisconsin, USA",30.20,621.60,23.30,2.30,0.5,10.13,153.13 ,87.58 ,1.75 ,6.76,33.80,49.40,16.80
278,39,A1,88.07,42.68,679,8.21,870.00,1922,B,Grassland,GC,"Southern Wisconsin, USA",28.70,523.50,14.90,1.40,0.6,10.64,356.90 ,37.30 ,9.57 ,6.41,38.80,43.00,18.20
279,39,A1,88.07,42.68,679,8.21,870.00,1922,B,Grassland,GC,"Southern Wisconsin, USA",31.70,506.30,20.30,1.90,0.6,10.68,356.90 ,37.30 ,9.57 ,6.60,29.60,53.20,17.20
280,40,A1,126.63,47.43,197,1.50,550.00,1046,D,Cropland,GC,Hailun tiol Field Station,77.48,845.60,24.20,1.84,0.9,13.15,248.78 ,85.80 ,2.90 ,6.13,25.70,32.40,40.80
281,40,A1,126.63,47.43,197,1.50,550.00,1046,D,Grassland,GC,Hailun tiol Field Station,85.55,1255.96,31.90,2.76,0.9,11.56,248.78 ,85.80 ,2.90 ,6.21,25.70,32.40,40.80
282,40,A1,126.63,47.43,197,1.50,550.00,1046,D,Cropland,GC,Hailun tiol Field Station,87.91,1053.89,27.10,2.05,0.9,13.22,248.78 ,85.80 ,2.90 ,6.12,25.70,32.40,40.80
283,40,A1,126.63,47.43,197,1.50,550.00,1046,D,Cropland,GC,Hailun tiol Field Station,89.16,1109.84,29.20,2.29,0.9,12.75,248.78 ,85.80 ,2.90 ,6.02,25.70,32.40,40.80
284,40,A1,126.63,47.43,197,1.50,550.00,1046,D,Cropland,GC,Hailun tiol Field Station,106.45,1414.51,33.40,2.96,0.9,11.28,248.78 ,85.80 ,2.90 ,6.12,25.70,32.40,40.80
285,41,A1,126.63,47.43,197,1.50,550.00,1046,D,Cropland,GC,"Hailun, Heilongjiang province, Chi",60.75,1065.42,25.63,1.99,0.9,12.88,226.00,85.80 ,2.63 ,6.02,53,22,24
286,41,A1,126.63,47.43,197,1.50,550.00,1046,D,Cropland,GC,"Hailun, Heilongjiang province, Chi",74.77,1158.88,26.45,2.08,0.9,12.72,260.00,85.80 ,3.03 ,5.88,53,22,24
287,41,A1,126.63,47.43,197,1.50,550.00,1046,D,Cropland,GC,"Hailun, Heilongjiang province, Chi",70.09,1154.21,28.83,2.20,0.9,13.10,274.00,85.80 ,3.19 ,5.94,53,22,24
288,41,A1,126.63,47.43,197,1.50,550.00,1046,D,Cropland,GC,"Hailun, Heilongjiang province, Chi",79.44,1214.95,29.36,2.29,0.9,12.82,300.00,85.80 ,3.50 ,6.04,53,22,24
289,41,A1,126.63,47.43,197,1.50,550.00,1046,D,Cropland,GC,"Hailun, Heilongjiang province, Chi",70.09,1280.37,30.25,2.51,0.9,12.05,390.00,85.80 ,4.55 ,6.11,53,22,24
290,42,A1,126.63,47.43,197,1.50,530.00,1046,D,Cropland,GC,"Hailun, Heilongjiang province, Chi",58.60,1089.00,27.23,2.18,0.9,12.49,248.78 ,85.80 ,2.90 ,6.12,53,22,40.80
291,42,A1,126.63,47.43,197,1.50,530.00,1046,D,Cropland,GC,"Hailun, Heilongjiang province, Chi",64.40,1135.00,27.77,2.13,0.9,13.04,248.78 ,85.80 ,2.90 ,6.05,53,22,40.80
292,42,A1,126.63,47.43,197,1.50,530.00,1046,D,Cropland,GC,"Hailun, Heilongjiang province, Chi",66.60,1167.00,28.79,2.22,0.9,12.97,248.78 ,85.80 ,2.90 ,5.89,53,22,40.80
293,42,A1,126.63,47.43,197,1.50,530.00,1046,D,Cropland,GC,"Hailun, Heilongjiang province, Chi",71.00,1120.00,28.44,2.17,0.9,13.11,248.78 ,85.80 ,2.90 ,5.78,53,22,40.80
294,42,A1,126.63,47.43,197,1.50,530.00,1046,D,Cropland,GC,"Hailun, Heilongjiang province, Chi",88.90,1179.00,29.79,2.41,0.9,12.36,248.78 ,85.80 ,2.90 ,6.10,53,22,40.80
295,43,A1,3.57,50.62,57,8.90,780.00,817,C,Cropland,LC,"Maulde, Belgium",25.59,371.67,11.30,1.10,0.5,10.30,145.11 ,85.37 ,1.70 ,6.6,16.20,66.50,17.30
296,44,A1,3.57,50.62,57,8.90,780.00,817,C,Cropland,LC,"Maulde, Belgium",165.06,677.56,14.90,1.52,0.5,9.80,145.11 ,85.37 ,1.70 ,6.6,17.70,66.90,15.40
297,44,A1,3.57,50.62,57,8.90,780.00,817,C,Cropland,LC,"Maulde, Belgium",131.14,534.91,11.10,1.20,0.5,9.25,145.11 ,85.37 ,1.70 ,6.6,16.20,66.50,17.30
298,45,A1,126.63,47.43,197,1.50,550.00,1046,D,Cropland,GC,"Hailun tiol Field Station, Hei- longjiang province, Chi",86.80,1037.00,27.10,2.12,0.9,12.78,157.00,85.80 ,1.83 ,6.10,53,22,41.00
299,45,A1,126.63,47.43,197,1.50,550.00,1046,D,Cropland,GC,"Hailun tiol Field Station, Hei- longjiang province, Chi",89.90,1105.00,29.20,2.23,0.9,13.09,193.00,85.80 ,2.25 ,6.10,53,22,41.00
300,45,A1,126.63,47.43,197,1.50,550.00,1046,D,Cropland,GC,"Hailun tiol Field Station, Hei- longjiang province, Chi",105.00,1422.00,33.40,3.30,0.9,10.12,333.00,85.80 ,3.88 ,6.10,53,22,41.00
301,46,A1,8.33,47.22,777,9.30,1134.00,879,D,Forest,GC,"University of Zurich, Switzerland",52.00,311.00,14.90,1.00,0.6,14.90,287.35 ,57.33 ,5.01 ,5.4,36,42,22
302,47,A1,10.78,50.98,310,7.80,517.00,830,D,Cropland,GC,"Friemar, Göttingen, Germany",89.00,1054.00,13.90,1.50,0.5,9.27,289.00,36.00,8.03 ,8.10,3.00,68.00,29.00
303,47,A1,10.78,50.98,310,7.80,517.00,830,D,Cropland,GC,"Friemar, Göttingen, Germany",95.00,1098.00,14.20,1.60,0.5,8.88,276.00,38.00,7.26 ,8.10,3.00,68.00,29.00
304,47,A1,10.78,50.98,310,7.80,517.00,830,D,Cropland,GC,"Friemar, Göttingen, Germany",90.00,1007.00,14.90,1.60,0.5,9.31,332.00,47.00,7.06 ,8.10,3.00,68.00,29.00
305,47,A1,10.78,50.98,310,7.80,517.00,830,D,Cropland,GC,"Friemar, Göttingen, Germany",98.00,1124.00,14.20,1.60,0.5,8.88,272.00,37.00,7.35 ,8.10,3.00,68.00,29.00
306,47,A1,10.78,50.98,310,7.80,517.00,830,D,Cropland,GC,"Friemar, Göttingen, Germany",74.00,837.00,11.90,1.40,0.5,8.50,208.00,27.00,7.70 ,8.10,3.00,68.00,29.00
307,47,A1,10.78,50.98,310,7.80,517.00,830,D,Cropland,GC,"Friemar, Göttingen, Germany",35.00,421.00,6.80,1.00,0.5,6.80,128.00,16.00,8.00 ,8.10,3.00,68.00,29.00
308,47,A1,10.78,50.98,310,7.80,517.00,830,D,Cropland,GC,"Friemar, Göttingen, Germany",130.00,1431.00,21.50,2.30,0.5,9.35,517.00,42.00,12.31 ,8.10,3.00,68.00,29.00
309,47,A1,10.78,50.98,310,7.80,517.00,830,D,Cropland,GC,"Friemar, Göttingen, Germany",98.00,1249.00,19.00,2.10,0.5,9.05,455.00,124.00,3.67 ,8.10,3.00,68.00,29.00
310,47,A1,10.78,50.98,310,7.80,517.00,830,D,Cropland,GC,"Friemar, Göttingen, Germany",76.00,1016.00,15.20,1.60,0.5,9.50,272.00,68.00,4.00 ,8.10,3.00,68.00,29.00
311,47,A1,10.78,50.98,310,7.80,517.00,830,D,Cropland,GC,"Friemar, Göttingen, Germany",76.00,963.00,13.20,1.50,0.5,8.80,187.00,49.00,3.82 ,8.10,3.00,68.00,29.00
312,47,A1,10.78,50.98,310,7.80,517.00,830,D,Cropland,GC,"Friemar, Göttingen, Germany",79.00,1021.00,12.40,1.40,0.5,8.86,166.00,49.00,3.39 ,8.10,3.00,68.00,29.00
313,47,A1,10.78,50.98,310,7.80,517.00,830,D,Cropland,GC,"Friemar, Göttingen, Germany",62.00,720.00,9.00,1.10,0.5,8.18,89.00,8.00,11.13 ,8.10,3.00,68.00,29.00
314,47,A1,10.78,50.98,310,7.80,517.00,830,D,Cropland,GC,"Friemar, Göttingen, Germany",117.00,1325.00,24.10,2.50,0.5,9.64,744.00,87.00,8.55 ,8.10,3.00,68.00,29.00
315,47,A1,10.78,50.98,310,7.80,517.00,830,D,Cropland,GC,"Friemar, Göttingen, Germany",101.00,1184.00,16.80,1.70,0.5,9.88,387.00,52.00,7.44 ,8.10,3.00,68.00,29.00
316,47,A1,10.78,50.98,310,7.80,517.00,830,D,Cropland,GC,"Friemar, Göttingen, Germany",82.00,941.00,14.30,1.50,0.5,9.53,266.00,36.00,7.39 ,8.10,3.00,68.00,29.00
317,47,A1,10.78,50.98,310,7.80,517.00,830,D,Cropland,GC,"Friemar, Göttingen, Germany",79.00,906.00,13.30,1.40,0.5,9.50,226.00,29.00,7.79 ,8.10,3.00,68.00,29.00
318,47,A1,10.78,50.98,310,7.80,517.00,830,D,Cropland,GC,"Friemar, Göttingen, Germany",64.00,797.00,11.90,1.40,0.5,8.50,184.00,23.00,8.00 ,8.10,3.00,68.00,29.00
319,47,A1,10.78,50.98,310,7.80,517.00,830,D,Cropland,GC,"Friemar, Göttingen, Germany",29.00,378.00,6.30,0.80,0.5,7.88,84.00,11.00,7.64 ,8.10,3.00,68.00,29.00
320,47,A1,9.78,49.23,95,9.30,776.00,853,C,Cropland,GC,"Grombach, Göttingen, Germany",69.00,862.00,11.90,1.00,0.8,11.90,208.00,8.00,26.00 ,7.20,1.00,76.00,23.00
321,47,A1,9.78,49.23,95,9.30,776.00,853,C,Cropland,GC,"Grombach, Göttingen, Germany",65.00,839.00,10.80,1.00,0.8,10.80,216.00,18.00,12.00 ,7.20,1.00,76.00,23.00
322,47,A1,9.78,49.23,95,9.30,776.00,853,C,Cropland,GC,"Grombach, Göttingen, Germany",63.00,830.00,10.80,1.00,0.8,10.80,220.00,22.00,10.00 ,7.20,1.00,76.00,23.00
323,47,A1,9.78,49.23,95,9.30,776.00,853,C,Cropland,GC,"Grombach, Göttingen, Germany",59.00,764.00,10.40,1.00,0.8,10.40,220.00,22.00,10.00 ,7.20,1.00,76.00,23.00
324,47,A1,9.78,49.23,95,9.30,776.00,853,C,Cropland,GC,"Grombach, Göttingen, Germany",54.00,740.00,10.50,1.00,0.8,10.50,222.00,23.00,9.65 ,7.20,1.00,76.00,23.00
325,47,A1,9.78,49.23,95,9.30,776.00,853,C,Cropland,GC,"Grombach, Göttingen, Germany",39.00,313.00,8.60,1.00,0.8,8.60,156.00,17.00,9.18 ,7.20,1.00,76.00,23.00
326,47,A1,9.78,49.23,95,9.30,776.00,853,C,Cropland,GC,"Grombach, Göttingen, Germany",81.00,894.00,18.90,2.00,0.8,9.45,539.00,71.00,7.59 ,7.20,1.00,76.00,23.00
327,47,A1,9.78,49.23,95,9.30,776.00,853,C,Cropland,GC,"Grombach, Göttingen, Germany",71.00,844.00,16.30,1.70,0.8,9.59,429.00,57.00,7.53 ,7.20,1.00,76.00,23.00
328,47,A1,9.78,49.23,95,9.30,776.00,853,C,Cropland,GC,"Grombach, Göttingen, Germany",57.00,702.00,13.90,1.60,0.8,8.69,352.00,47.00,7.49 ,7.20,1.00,76.00,23.00
329,47,A1,9.78,49.23,95,9.30,776.00,853,C,Cropland,GC,"Grombach, Göttingen, Germany",48.00,600.00,11.70,1.40,0.8,8.36,235.00,34.00,6.91 ,7.20,1.00,76.00,23.00
330,47,A1,9.78,49.23,95,9.30,776.00,853,C,Cropland,GC,"Grombach, Göttingen, Germany",60.00,652.00,9.50,1.40,0.8,6.79,184.00,26.00,7.08 ,7.20,1.00,76.00,23.00
331,47,A1,9.78,49.23,95,9.30,776.00,853,C,Cropland,GC,"Grombach, Göttingen, Germany",24.00,358.00,5.60,1.40,0.8,4.00,68.00,10.00,6.80 ,7.20,1.00,76.00,23.00
332,47,A1,9.78,49.23,95,9.30,776.00,853,C,Cropland,GC,"Grombach, Göttingen, Germany",110.00,1344.00,18.50,1.90,0.8,9.74,419.00,40.00,10.48 ,7.20,1.00,76.00,23.00
333,47,A1,9.78,49.23,95,9.30,776.00,853,C,Cropland,GC,"Grombach, Göttingen, Germany",79.00,1013.00,14.90,1.50,0.8,9.93,250.00,29.00,8.62 ,7.20,1.00,76.00,23.00
334,47,A1,9.78,49.23,95,9.30,776.00,853,C,Cropland,GC,"Grombach, Göttingen, Germany",52.00,677.00,11.60,1.20,0.8,9.67,178.00,20.00,8.90 ,7.20,1.00,76.00,23.00
335,47,A1,9.78,49.23,95,9.30,776.00,853,C,Cropland,GC,"Grombach, Göttingen, Germany",57.00,724.00,11.00,1.20,0.8,9.17,153.00,19.00,8.05 ,7.20,1.00,76.00,23.00
336,47,A1,9.78,49.23,95,9.30,776.00,853,C,Cropland,GC,"Grombach, Göttingen, Germany",44.00,577.00,8.80,1.10,0.8,8.00,119.00,17.00,7.00 ,7.20,1.00,76.00,23.00
337,47,A1,9.78,49.23,95,9.30,776.00,853,C,Cropland,GC,"Grombach, Göttingen, Germany",17.00,272.00,5.10,1.20,0.8,4.25,47.00,8.00,5.88 ,7.20,1.00,76.00,23.00
338,47,A1,8.47,49.49,290,8.60,572.00,943,C,Cropland,GC,"Lüttewitz, Göttingen, Germany",46.00,589.00,12.70,1.30,0.5,9.77,247.00,28.00,8.82 ,7.40,3.00,81.00,16.00
339,47,A1,8.47,49.49,290,8.60,572.00,943,C,Cropland,GC,"Lüttewitz, Göttingen, Germany",47.00,621.00,11.80,1.20,0.5,9.83,235.00,42.00,5.60 ,7.40,3.00,81.00,16.00
340,47,A1,8.47,49.49,290,8.60,572.00,943,C,Cropland,GC,"Lüttewitz, Göttingen, Germany",51.00,693.00,12.00,1.20,0.5,10.00,255.00,47.00,5.43 ,7.40,3.00,81.00,16.00
341,47,A1,8.47,49.49,290,8.60,572.00,943,C,Cropland,GC,"Lüttewitz, Göttingen, Germany",51.00,653.00,12.00,1.30,0.5,9.23,246.00,46.00,5.35 ,7.40,3.00,81.00,16.00
342,47,A1,8.47,49.49,290,8.60,572.00,943,C,Cropland,GC,"Lüttewitz, Göttingen, Germany",48.00,698.00,11.60,1.20,0.5,9.67,235.00,41.00,5.73 ,7.40,3.00,81.00,16.00
343,47,A1,8.47,49.49,290,8.60,572.00,943,C,Cropland,GC,"Lüttewitz, Göttingen, Germany",26.00,397.00,7.10,0.80,0.5,8.88,96.00,17.00,5.65 ,7.40,3.00,81.00,16.00
344,47,A1,8.47,49.49,290,8.60,572.00,943,C,Cropland,GC,"Lüttewitz, Göttingen, Germany",72.00,996.00,17.80,1.70,0.5,10.47,447.00,52.00,8.60 ,7.40,3.00,81.00,16.00
345,47,A1,8.47,49.49,290,8.60,572.00,943,C,Cropland,GC,"Lüttewitz, Göttingen, Germany",76.00,1101.00,16.40,1.60,0.5,10.25,415.00,75.00,5.53 ,7.40,3.00,81.00,16.00
346,47,A1,8.47,49.49,290,8.60,572.00,943,C,Cropland,GC,"Lüttewitz, Göttingen, Germany",55.00,785.00,11.50,1.10,0.5,10.45,221.00,39.00,5.67 ,7.40,3.00,81.00,16.00
347,47,A1,8.47,49.49,290,8.60,572.00,943,C,Cropland,GC,"Lüttewitz, Göttingen, Germany",40.00,586.00,9.70,1.00,0.5,9.70,151.00,24.00,6.29 ,7.40,3.00,81.00,16.00
348,47,A1,8.47,49.49,290,8.60,572.00,943,C,Cropland,GC,"Lüttewitz, Göttingen, Germany",37.00,542.00,9.00,0.90,0.5,10.00,130.00,20.00,6.50 ,7.40,3.00,81.00,16.00
349,47,A1,8.47,49.49,290,8.60,572.00,943,C,Cropland,GC,"Lüttewitz, Göttingen, Germany",20.00,340.00,5.80,0.60,0.5,9.67,69.00,11.00,6.27 ,7.40,3.00,81.00,16.00
350,47,A1,8.47,49.49,290,8.60,572.00,943,C,Cropland,GC,"Lüttewitz, Göttingen, Germany",77.00,1062.00,16.80,1.70,0.5,9.88,459.00,61.00,7.52 ,7.40,3.00,81.00,16.00
351,47,A1,8.47,49.49,290,8.60,572.00,943,C,Cropland,GC,"Lüttewitz, Göttingen, Germany",65.00,939.00,13.00,1.30,0.5,10.00,331.00,60.00,5.52 ,7.40,3.00,81.00,16.00
352,47,A1,8.47,49.49,290,8.60,572.00,943,C,Cropland,GC,"Lüttewitz, Göttingen, Germany",38.00,586.00,9.10,0.90,0.5,10.11,157.00,26.00,6.04 ,7.40,3.00,81.00,16.00
353,47,A1,8.47,49.49,290,8.60,572.00,943,C,Cropland,GC,"Lüttewitz, Göttingen, Germany",33.00,522.00,8.80,0.90,0.5,9.78,140.00,22.00,6.36 ,7.40,3.00,81.00,16.00
354,47,A1,8.47,49.49,290,8.60,572.00,943,C,Cropland,GC,"Lüttewitz, Göttingen, Germany",33.00,498.00,8.20,0.80,0.5,10.25,126.00,19.00,6.63 ,7.40,3.00,81.00,16.00
355,47,A1,8.47,49.49,290,8.60,572.00,943,C,Cropland,GC,"Lüttewitz, Göttingen, Germany",15.00,256.00,4.10,0.50,0.5,8.20,38.00,7.00,5.43 ,7.40,3.00,81.00,16.00
356,47,A1,12.36,51.48,110,8.80,512.00,870,D,Cropland,GC,"Zschortau, Göttingen, Germany",54.00,716.00,10.50,1.10,0.5,9.55,183.00,24.00,7.63 ,7.60,32.00,53.00,14.00
357,47,A1,12.36,51.48,110,8.80,512.00,870,D,Cropland,GC,"Zschortau, Göttingen, Germany",54.00,728.00,10.40,1.10,0.5,9.45,202.00,34.00,5.94 ,7.60,32.00,53.00,14.00
358,47,A1,12.36,51.48,110,8.80,512.00,870,D,Cropland,GC,"Zschortau, Göttingen, Germany",47.00,644.00,10.40,1.10,0.5,9.45,206.00,34.00,6.06 ,7.60,32.00,53.00,14.00
359,47,A1,12.36,51.48,110,8.80,512.00,870,D,Cropland,GC,"Zschortau, Göttingen, Germany",49.00,696.00,10.90,1.20,0.5,9.08,246.00,43.00,5.72 ,7.60,32.00,53.00,14.00
360,47,A1,12.36,51.48,110,8.80,512.00,870,D,Cropland,GC,"Zschortau, Göttingen, Germany",50.00,697.00,10.40,1.10,0.5,9.45,198.00,34.00,5.82 ,7.60,32.00,53.00,14.00
361,47,A1,12.36,51.48,110,8.80,512.00,870,D,Cropland,GC,"Zschortau, Göttingen, Germany",41.00,569.00,7.60,0.80,0.5,9.50,116.00,18.00,6.44 ,7.60,32.00,53.00,14.00
362,47,A1,12.36,51.48,110,8.80,512.00,870,D,Cropland,GC,"Zschortau, Göttingen, Germany",79.00,906.00,13.60,1.40,0.5,9.71,389.00,44.00,8.84 ,7.60,32.00,53.00,14.00
363,47,A1,12.36,51.48,110,8.80,512.00,870,D,Cropland,GC,"Zschortau, Göttingen, Germany",73.00,849.00,13.30,1.40,0.5,9.50,430.00,66.00,6.52 ,7.60,32.00,53.00,14.00
364,47,A1,12.36,51.48,110,8.80,512.00,870,D,Cropland,GC,"Zschortau, Göttingen, Germany",75.00,849.00,13.00,1.40,0.5,9.29,339.00,51.00,6.65 ,7.60,32.00,53.00,14.00
365,47,A1,12.36,51.48,110,8.80,512.00,870,D,Cropland,GC,"Zschortau, Göttingen, Germany",64.00,770.00,10.60,1.10,0.5,9.64,222.00,33.00,6.73 ,7.60,32.00,53.00,14.00
366,47,A1,12.36,51.48,110,8.80,512.00,870,D,Cropland,GC,"Zschortau, Göttingen, Germany",46.00,558.00,8.10,0.90,0.5,9.00,165.00,22.00,7.50 ,7.60,32.00,53.00,14.00
367,47,A1,12.36,51.48,110,8.80,512.00,870,D,Cropland,GC,"Zschortau, Göttingen, Germany",22.00,315.00,5.60,0.60,0.5,9.33,106.00,10.00,10.60 ,7.60,32.00,53.00,14.00
368,47,A1,12.36,51.48,110,8.80,512.00,870,D,Cropland,GC,"Zschortau, Göttingen, Germany",85.00,1018.00,16.00,1.70,0.5,9.41,476.00,65.00,7.32 ,7.60,32.00,53.00,14.00
369,47,A1,12.36,51.48,110,8.80,512.00,870,D,Cropland,GC,"Zschortau, Göttingen, Germany",75.00,942.00,14.30,1.50,0.5,9.53,379.00,52.00,7.29 ,7.60,32.00,53.00,14.00
370,47,A1,12.36,51.48,110,8.80,512.00,870,D,Cropland,GC,"Zschortau, Göttingen, Germany",58.00,722.00,10.90,1.20,0.5,9.08,251.00,34.00,7.38 ,7.60,32.00,53.00,14.00
371,47,A1,12.36,51.48,110,8.80,512.00,870,D,Cropland,GC,"Zschortau, Göttingen, Germany",50.00,598.00,9.30,1.00,0.5,9.30,194.00,24.00,8.08 ,7.60,32.00,53.00,14.00
372,47,A1,12.36,51.48,110,8.80,512.00,870,D,Cropland,GC,"Zschortau, Göttingen, Germany",46.00,553.00,8.40,0.90,0.5,9.33,159.00,19.00,8.37 ,7.60,32.00,53.00,14.00
373,47,A1,12.36,51.48,110,8.80,512.00,870,D,Cropland,GC,"Zschortau, Göttingen, Germany",24.00,323.00,4.80,0.50,0.5,9.60,93.00,9.00,10.33 ,7.60,32.00,53.00,14.00
374,48,A1,56.57,24.37,88,27.00,109.00,2783,B,Cropland,LC,"Batih coast, Sultate of Oman",26.00,80.00,7.60,0.40,0.6,19.00,106.00,12.00,8.83 ,7.8,82.00,13.00,5.00
375,49,A1,119.70,32.58,3,15.17,968.00,1281,C,Cropland,GC,"Jiangdu city, Jiangsu",46.81,919.15,16.43,2.07,0.6,7.94,134.91 ,70.93 ,1.90 ,6.53,9.20,65.70,25.10
376,49,A1,119.70,32.58,3,15.17,968.00,1281,C,Cropland,GC,"Jiangdu city, Jiangsu",46.81,702.13,17.10,1.78,0.6,9.61,134.91 ,70.93 ,1.90 ,6.15,9.20,65.70,25.10
377,49,A1,119.70,32.58,3,15.17,968.00,1281,C,Cropland,GC,"Jiangdu city, Jiangsu",34.04,736.17,15.90,1.70,0.6,9.35,134.91 ,70.93 ,1.90 ,6.32,9.20,65.70,25.10
378,49,A1,119.70,32.58,3,15.17,968.00,1281,C,Cropland,GC,"Jiangdu city, Jiangsu",51.06,795.74,15.17,1.59,0.6,9.54,134.91 ,70.93 ,1.90 ,6.16,9.20,65.70,25.10
379,50,A1,-82.73,42.22,188,8.90,831.00,1105,D,Cropland,GC,"Hon. Eugene F. Whelan, Woodslee, Ontario, Cada",161.00,958.00,68.12,5.73,1.0,11.89,156.01 ,78.46 ,1.99 ,5.4,28.00,35.00,37.00
380,50,A1,-82.73,42.22,188,8.90,831.00,1105,D,Cropland,GC,"Hon. Eugene F. Whelan, Woodslee, Ontario, Cada",142.00,1080.00,25.10,2.24,1.0,11.19,156.01 ,78.46 ,1.99 ,5.4,28.00,35.00,37.00
381,50,A1,-82.73,42.22,188,8.90,831.00,1105,D,Cropland,GC,"Hon. Eugene F. Whelan, Woodslee, Ontario, Cada",203.00,1430.00,36.08,3.13,1.0,11.52,156.01 ,78.46 ,1.99 ,5.4,28.00,35.00,37.00
382,50,A1,-82.73,42.22,188,8.90,832.00,1105,D,Cropland,GC,"Hon. Eugene F. Whelan, Woodslee, Ontario, Cada",103.75,946.69,24.00,2.40,1.0,10.00,156.01 ,78.46 ,1.99 ,5.4,28.00,35.00,37.00
383,50,A1,-82.73,42.22,188,8.90,832.00,1105,D,Cropland,GC,"Hon. Eugene F. Whelan, Woodslee, Ontario, Cada",116.71,1011.53,23.50,2.30,1.0,10.22,156.01 ,78.46 ,1.99 ,5.4,28.00,35.00,37.00
384,50,A1,-82.73,42.22,188,8.90,832.00,1105,D,Cropland,GC,"Hon. Eugene F. Whelan, Woodslee, Ontario, Cada",123.20,1069.88,23.80,2.40,1.0,9.92,156.01 ,78.46 ,1.99 ,5.4,28.00,35.00,37.00
385,50,A1,-82.73,42.22,188,8.90,832.00,1105,D,Cropland,GC,"Hon. Eugene F. Whelan, Woodslee, Ontario, Cada",124.27,1092.30,24.50,2.40,1.0,10.21,156.01 ,78.46 ,1.99 ,5.4,28.00,35.00,37.00
386,50,A1,-82.73,42.22,188,8.90,832.00,1105,D,Cropland,GC,"Hon. Eugene F. Whelan, Woodslee, Ontario, Cada",111.19,941.86,20.50,2.00,1.0,10.25,156.01 ,78.46 ,1.99 ,5.4,28.00,35.00,37.00
387,50,A1,-82.73,42.22,188,8.90,832.00,1105,D,Cropland,GC,"Hon. Eugene F. Whelan, Woodslee, Ontario, Cada",117.73,954.94,22.00,2.00,1.0,11.00,156.01 ,78.46 ,1.99 ,5.4,28.00,35.00,37.00
388,50,A1,-82.73,42.22,188,8.90,832.00,1105,D,Cropland,GC,"Hon. Eugene F. Whelan, Woodslee, Ontario, Cada",97.83,886.96,19.80,2.10,1.0,9.43,156.01 ,78.46 ,1.99 ,5.4,28.00,35.00,37.00
389,50,A1,-82.73,42.22,188,8.90,832.00,1105,D,Cropland,GC,"Hon. Eugene F. Whelan, Woodslee, Ontario, Cada",117.39,984.78,24.10,2.40,1.0,10.04,156.01 ,78.46 ,1.99 ,5.4,28.00,35.00,37.00
390,50,A1,-82.73,42.22,188,8.90,832.00,1105,D,Cropland,GC,"Hon. Eugene F. Whelan, Woodslee, Ontario, Cada",130.43,1095.65,23.80,2.40,1.0,9.92,156.01 ,78.46 ,1.99 ,5.4,28.00,35.00,37.00
391,50,A1,-82.73,42.22,188,8.90,832.00,1105,D,Cropland,GC,"Hon. Eugene F. Whelan, Woodslee, Ontario, Cada",110.87,997.83,23.20,2.30,1.0,10.09,156.01 ,78.46 ,1.99 ,5.4,28.00,35.00,37.00
392,50,A1,-82.73,42.22,188,8.90,832.00,1105,D,Cropland,GC,"Hon. Eugene F. Whelan, Woodslee, Ontario, Cada",110.87,991.30,22.20,2.10,1.0,10.57,156.01 ,78.46 ,1.99 ,5.4,28.00,35.00,37.00
393,50,A1,-82.73,42.22,188,8.90,832.00,1105,D,Cropland,GC,"Hon. Eugene F. Whelan, Woodslee, Ontario, Cada",131.96,1167.89,28.00,2.70,1.0,10.37,156.01 ,78.46 ,1.99 ,5.4,28.00,35.00,37.00
394,50,A1,-82.73,42.22,188,8.90,832.00,1105,D,Cropland,GC,"Hon. Eugene F. Whelan, Woodslee, Ontario, Cada",112.17,930.35,22.10,2.20,1.0,10.05,156.01 ,78.46 ,1.99 ,5.4,28.00,35.00,37.00
395,50,A1,-82.73,42.22,188,8.90,832.00,1105,D,Cropland,GC,"Hon. Eugene F. Whelan, Woodslee, Ontario, Cada",118.77,1042.52,22.70,2.00,1.0,11.35,156.01 ,78.46 ,1.99 ,5.4,28.00,35.00,37.00
396,51,A1,126.63,47.43,197,1.50,550.00,1046,D,Cropland,GC,"Hailun Agro-ecology System, Heilongjiang province, Chi",70.86,1155.87,26.40,2.08,0.9,12.69,280.00,85.80 ,3.26 ,5.84,53,22,41.00
397,51,A1,126.63,47.43,197,1.50,550.00,1046,D,Cropland,GC,"Hailun Agro-ecology System, Heilongjiang province, Chi",70.15,1150.67,28.80,2.20,0.9,13.09,294.00,85.80 ,3.43 ,5.94,53,22,41.00
398,51,A1,126.63,47.43,197,1.50,550.00,1046,D,Cropland,GC,"Hailun Agro-ecology System, Heilongjiang province, Chi",79.09,1208.91,29.40,2.34,0.9,12.56,330.00,85.80 ,3.85 ,6.03,53,22,41.00
399,51,A1,126.63,47.43,197,1.50,550.00,1046,D,Cropland,GC,"Hailun Agro-ecology System, Heilongjiang province, Chi",70.41,1275.29,30.20,2.61,0.9,11.57,408.00,85.80 ,4.76 ,6.13,53,22,41.00
400,52,A1,-122.23,37.41,144,17.50,260.00,1484,C,Grassland,GC,"Jasper Ridge, CA, USA",20.00,430.00,9.25,1.08,0.6,8.60,367.79 ,41.71 ,8.82 ,5.3,34,52,14
401,53,A1,126.63,47.43,197,1.50,550.00,1046,D,Grassland,GC,"Hailun Agro-ecology System, Heilongjiang province, Chi",35.45,481.25,11.09,1.07,0.9,10.36,162.80,85.80 ,1.90 ,6.32,22.40,35.60,42.00
402,53,A1,126.63,47.43,197,1.50,550.00,1046,D,Cropland,GC,"Hailun Agro-ecology System, Heilongjiang province, Chi",17.80,368.19,9.09,0.79,0.9,11.51,137.10,85.80 ,1.60 ,5.44,22.40,35.60,42.00
403,53,A1,126.63,47.43,197,1.50,550.00,1046,D,Cropland,GC,"Hailun Agro-ecology System, Heilongjiang province, Chi",108.56,1102.24,29.42,2.14,0.9,13.75,265.70,85.80 ,3.10 ,5.44,22.40,35.60,42.00
404,53,A1,126.63,47.43,197,1.50,550.00,1046,D,Cropland,GC,"Hailun Agro-ecology System, Heilongjiang province, Chi",22.15,247.42,6.99,0.51,0.9,13.71,128.50,85.80 ,1.50 ,6.54,22.40,35.60,42.00
405,53,A1,126.63,47.43,197,1.50,550.00,1046,D,Cropland,GC,"Hailun Agro-ecology System, Heilongjiang province, Chi",22.15,276.04,7.87,0.67,0.9,11.75,131.40,85.80 ,1.53 ,5.96,22.40,35.60,42.00
406,53,A1,126.63,47.43,197,1.50,550.00,1046,D,Cropland,GC,"Hailun Agro-ecology System, Heilongjiang province, Chi",31.02,568.65,10.79,0.89,0.9,12.12,184.00,85.80 ,2.14 ,5.71,22.40,35.60,42.00
407,53,A1,126.63,47.43,197,1.50,550.00,1046,D,Cropland,GC,"Hailun Agro-ecology System, Heilongjiang province, Chi",33.23,565.49,12.28,1.14,0.9,10.77,166.20,85.80 ,1.94 ,5.60,22.40,35.60,42.00
408,54,A1,9.25,51.24,132,9.30,687.00,776,C,Cropland,LC,"Frankenhausen, Germany",39.00,560.00,12.79,1.18,0.6,10.84,230.69 ,74.01 ,3.12 ,7.70,2.00,79.00,19.00
409,54,A1,9.25,51.24,132,9.30,687.00,776,C,Cropland,LC,"Frankenhausen, Germany",44.00,625.00,7.95,0.71,0.6,11.20,230.69 ,74.01 ,3.12 ,7.90,2.00,77.00,21.00
410,54,A1,9.25,51.24,132,9.30,687.00,776,C,Cropland,LC,"Frankenhausen, Germany",41.00,583.00,8.27,0.74,0.6,11.18,230.69 ,74.01 ,3.12 ,7.90,1.00,76.00,23.00
411,54,A1,9.25,51.24,132,9.30,687.00,776,C,Cropland,LC,"Frankenhausen, Germany",34.00,494.00,10.11,0.71,0.6,14.24,230.69 ,74.01 ,3.12 ,7.90,1.00,69.00,30.00
412,54,A1,9.25,51.24,132,9.30,687.00,776,C,Cropland,LC,"Frankenhausen, Germany",29.00,417.00,11.52,1.09,0.6,10.57,230.69 ,74.01 ,3.12 ,7.40,2.00,78.00,20.00
413,54,A1,9.25,51.24,132,9.30,687.00,776,C,Cropland,LC,"Frankenhausen, Germany",24.00,338.00,4.24,0.37,0.6,11.46,230.69 ,74.01 ,3.12 ,7.40,2.00,70.00,29.00
414,54,A1,9.25,51.24,132,9.30,687.00,776,C,Cropland,LC,"Frankenhausen, Germany",20.00,287.00,3.69,0.32,0.6,11.53,230.69 ,74.01 ,3.12 ,7.60,2.00,70.00,28.00
415,54,A1,9.25,51.24,132,9.30,687.00,776,C,Cropland,LC,"Frankenhausen, Germany",15.00,217.00,2.84,0.25,0.6,11.36,230.69 ,74.01 ,3.12 ,7.60,1.00,73.00,25.00
416,55,A1,89.38,43.30,1521,6.80,869.00,1524,B,Grassland,GC,"Wisconsin's Agricultural Research Station near Arlington, Wisconsin",,,25.70,2.50,0.6,10.28,427.65 ,38.07 ,11.23 ,6.80,49,36,27.40
417,55,A1,89.38,43.30,1521,6.80,869.00,1524,B,Grassland,GC,"Wisconsin's Agricultural Research Station near Arlington, Wisconsin",,,21.75,2.15,0.6,10.12,427.65 ,38.07 ,11.23 ,6.75,49,36,28.20
418,55,A1,89.38,43.30,1521,6.80,869.00,1524,B,Grassland,GC,"Wisconsin's Agricultural Research Station near Arlington, Wisconsin",,,17.80,1.80,0.6,9.89,427.65 ,38.07 ,11.23 ,6.70,49,36,29.00
419,55,A1,89.38,43.30,1521,6.80,869.00,1524,B,Grassland,GC,"Wisconsin's Agricultural Research Station near Arlington, Wisconsin",,,7.00,0.60,0.6,11.67,427.65 ,38.07 ,11.23 ,6.73,49,36,32.25
420,55,A1,89.38,43.30,1521,6.80,869.00,1524,B,Grassland,GC,"Wisconsin's Agricultural Research Station near Arlington, Wisconsin",,,3.30,0.30,0.6,11.00,427.65 ,38.07 ,11.23 ,6.50,49,36,32.86
421,55,A1,89.38,43.30,1521,6.80,869.00,1524,B,Grassland,GC,"Wisconsin's Agricultural Research Station near Arlington, Wisconsin",,,25.50,2.50,0.6,10.20,427.65 ,38.07 ,11.23 ,6.77,49,36,27.19
422,55,A1,89.38,43.30,1521,6.80,869.00,1524,B,Grassland,GC,"Wisconsin's Agricultural Research Station near Arlington, Wisconsin",,,22.50,2.15,0.6,10.47,427.65 ,38.07 ,11.23 ,6.77,49,36,28.00
423,55,A1,89.38,43.30,1521,6.80,869.00,1524,B,Grassland,GC,"Wisconsin's Agricultural Research Station near Arlington, Wisconsin",,,19.50,1.80,0.6,10.83,427.65 ,38.07 ,11.23 ,6.77,49,36,28.81
424,55,A1,89.38,43.30,1521,6.80,869.00,1524,B,Grassland,GC,"Wisconsin's Agricultural Research Station near Arlington, Wisconsin",,,8.30,0.80,0.6,10.38,427.65 ,38.07 ,11.23 ,6.77,49,36,31.27
425,55,A1,89.38,43.30,1521,6.80,869.00,1524,B,Grassland,GC,"Wisconsin's Agricultural Research Station near Arlington, Wisconsin",,,4.30,0.30,0.6,14.33,427.65 ,38.07 ,11.23 ,6.43,49,36,29.58
426,56,A1,-85.40,42.41,270,8.94,901.00,1084,D,Cropland,LC,"Kellogg Biological Research Station, Michigan",,,12.10,0.90,0.4,13.44,280.64 ,53.74 ,5.22 ,6.2,28,63,9
427,56,A1,-89.35,43.30,323,7.35,849.00,1066,D,Cropland,LC,"Arlington Agricultural Research Station, Wisconsin",,,23.00,2.30,0.5,10.00,150.11 ,90.12 ,1.67 ,6.7,58,21,20
428,57,A1,9.56,51.32,470,9.20,650.00,823,D,Cropland,LC,"Göttingen, Germany",58.70,1023.00,20.00,2.41,0.6,8.30,717.00,125.80,5.70 ,7.69,42.50,51.40,6.00
429,57,A1,9.56,51.32,470,9.20,650.00,823,D,Cropland,LC,"Göttingen, Germany",43.30,445.00,10.80,1.14,0.6,9.47,229.00,53.90,4.25 ,6.56,18.10,76.30,5.60
430,57,A1,9.51,51.20,278,9.20,810.00,809,D,Cropland,LC,"Witzenhausen, Germany",39.60,425.00,9.80,1.00,0.6,9.80,225.00,41.40,5.43 ,6.49,17.40,76.70,5.90
431,57,A1,11.44,50.51,600,9.20,810.00,752,D,Cropland,LC,"Dohrstadt, Germany",49.70,614.00,10.30,1.20,0.6,8.58,235.00,41.20,5.70 ,7.20,10.30,70.60,19.10
432,57,A1,11.44,50.51,600,9.20,810.00,752,D,Cropland,LC,"Dohrstadt, Germany",48.20,739.00,15.60,1.81,0.6,8.62,261.00,48.10,5.43 ,7.59,13.80,66.30,20.00
433,57,A1,11.44,50.51,600,9.20,810.00,752,D,Cropland,LC,"Dohrstadt, Germany",61.90,896.00,28.20,2.91,0.6,9.69,311.00,47.90,6.49 ,7.69,21.20,68.00,10.80
434,57,A1,-5.34,42.36,823,11.10,515.00,1327,C,Cropland,LC,"Leon, Nicaragua",59.40,616.00,12.10,0.61,0.6,19.84,206.00,26.30,7.83 ,6.52,4.00,20.00,76.10
435,57,A1,-5.34,42.36,823,11.10,515.00,1327,C,Cropland,LC,"Leon, Nicaragua",81.20,853.00,18.20,1.55,0.6,11.74,179.00,70.83 ,2.53 ,6.27,2.50,21.50,76.00
436,57,A1,-5.34,42.36,823,11.10,515.00,1327,C,Cropland,LC,"Leon, Nicaragua",9.70,68.00,2.00,0.06,0.6,33.33,41.00,3.70,11.08 ,6.87,4.20,19.70,76.10
437,57,A1,-5.34,42.36,823,11.10,515.00,1327,C,Cropland,LC,"Leon, Nicaragua",151.60,1196.00,38.40,3.28,0.6,11.71,576.00,41.00,14.05 ,6.79,3.60,20.40,76.10
438,57,A1,-5.34,42.36,823,11.10,515.00,1327,C,Cropland,LC,"Leon, Nicaragua",51.10,404.00,14.10,1.02,0.6,13.82,86.00,12.60,6.83 ,6.50,3.60,20.40,76.10
439,57,A1,-5.34,42.36,823,11.10,515.00,1327,C,Cropland,LC,"Leon, Nicaragua",38.30,342.00,19.10,1.16,0.6,16.47,63.00,9.30,6.77 ,6.41,3.60,20.40,76.10
440,57,A1,-5.34,42.36,823,11.10,515.00,1327,C,Cropland,LC,"Leon, Nicaragua",47.80,420.00,13.00,0.99,0.6,13.13,98.00,10.90,8.99 ,6.45,3.60,20.40,76.10
441,57,A1,11.06,51.21,132,9.30,687.00,832,D,Cropland,LC,"Frankenhausen,Germany",55.40,710.00,11.70,1.31,0.5,8.93,291.00,46.90,6.20 ,7.47,17.90,79.30,2.80
442,57,A1,9.56,51.32,470,9.20,650.00,823,D,Cropland,LC,"Göttingen, Germany",115.30,931.00,18.00,1.86,0.6,9.68,336.00,36.80,9.13 ,7.57,24.70,69.40,5.90
443,57,A1,9.56,51.32,470,9.20,650.00,823,D,Cropland,LC,"Göttingen, Germany",122.60,1260.00,38.90,3.23,0.6,12.04,544.00,107.40,5.07 ,7.95,18.60,77.60,3.90
444,57,A1,9.56,51.32,470,9.20,650.00,823,D,Cropland,LC,"Göttingen, Germany",47.10,607.00,13.90,1.55,0.6,8.97,279.00,53.70,5.20 ,7.86,22.20,70.60,7.30
445,57,A1,9.56,51.32,470,9.20,650.00,823,D,Cropland,LC,"Göttingen, Germany",77.90,673.00,18.80,1.59,0.6,11.82,364.00,38.30,9.50 ,6.87,40.50,51.00,8.50
446,57,A1,72.29,33.54,414,12.10,665.00,1800,B,Cropland,LC,"Hazro, Pakistan",26.60,127.00,7.60,0.90,0.6,8.44,108.00,7.40,14.59 ,10.51,6.30,69.20,24.60
447,57,A1,72.40,32.05,173,12.10,665.00,1901,B,Cropland,LC,"Sargodha, Pakistan",14.90,45.00,5.50,0.41,0.8,13.41,96.00,13.90,6.91 ,9.67,12.40,64.00,23.60
448,57,A1,72.40,32.05,173,12.10,665.00,1901,B,Cropland,LC,"Sargodha, Pakistan",15.00,54.00,3.20,0.39,0.8,8.21,82.00,11.20,7.32 ,9.59,14.80,45.80,39.50
449,57,A1,72.40,32.05,173,12.10,665.00,1901,B,Cropland,LC,"Sargodha, Pakistan",17.30,102.00,3.80,0.40,0.8,9.50,108.00,15.10,7.15 ,9.24,10.50,44.10,45.40
450,57,A1,72.40,32.05,173,12.10,665.00,1901,B,Cropland,LC,"Sargodha, Pakistan",27.90,168.00,6.80,0.78,0.8,8.72,148.00,12.30,12.03 ,8.44,12.70,73.30,14.00
451,57,A1,72.40,32.05,173,12.10,665.00,1901,B,Cropland,LC,"Sargodha, Pakistan",13.30,48.00,5.50,0.45,0.8,12.22,76.00,9.80,7.76 ,8.08,16.30,73.80,10.00
452,57,A1,74.11,32.09,219,12.10,665.00,1786,B,Cropland,LC,"Gujranwala, Pakistan",5.50,25.00,1.90,0.23,0.6,8.26,59.00,4.30,13.72 ,9.91,13.20,31.70,55.10
453,57,A1,74.11,32.09,219,12.10,665.00,1786,B,Cropland,LC,"Gujranwala, Pakistan",21.90,149.00,4.50,0.38,0.6,11.84,104.00,7.40,14.05 ,8.69,15.40,45.70,38.90
454,57,A1,74.11,32.09,219,12.10,665.00,1786,B,Cropland,LC,"Gujranwala, Pakistan",9.30,111.00,4.30,0.41,0.6,10.49,97.00,12.10,8.02 ,8.45,6.40,11.20,82.40
455,57,A1,74.11,32.09,219,12.10,665.00,1786,B,Cropland,LC,"Gujranwala, Pakistan",12.10,96.00,2.60,0.37,0.6,7.03,81.00,10.10,8.02 ,8.87,8.40,25.20,66.40
456,57,A1,74.11,32.09,219,12.10,665.00,1786,B,Cropland,LC,"Gujranwala, Pakistan",30.10,174.00,6.80,0.71,0.6,9.58,227.00,17.20,13.20 ,8.93,18.10,37.70,44.20
457,57,A1,74.11,32.09,219,12.10,665.00,1786,B,Cropland,LC,"Gujranwala, Pakistan",18.70,147.00,6.60,0.58,0.6,11.38,107.00,14.50,7.38 ,9.10,14.50,57.10,28.40
458,57,A1,74.11,32.09,219,12.10,665.00,1786,B,Cropland,LC,"Gujranwala, Pakistan",9.50,82.00,4.60,0.44,0.6,10.45,104.00,10.50,9.90 ,9.21,15.60,54.30,30.10
459,57,A1,74.11,32.09,219,12.10,665.00,1786,B,Cropland,LC,"Gujranwala, Pakistan",11.00,93.00,3.70,0.40,0.6,9.25,124.00,13.30,9.32 ,9.33,12.20,62.20,25.70
460,57,A1,74.11,32.09,219,12.10,665.00,1786,B,Cropland,LC,"Gujranwala, Pakistan",21.90,162.00,5.40,0.55,0.6,9.82,116.00,18.50,6.27 ,8.24,10.10,64.70,25.20
461,57,A1,9.56,51.32,470,9.20,650.00,823,D,Grassland,LC,"Göttingen, Germany",27.20,485.00,11.80,0.95,0.6,12.42,234.00,44.70,5.23 ,4.78,9.40,26.80,63.80
462,57,A1,9.56,51.32,470,9.20,650.00,823,D,Grassland,LC,"Göttingen, Germany",128.20,1236.00,18.20,1.59,0.6,11.45,424.00,69.20,6.13 ,5.98,23.70,68.70,7.60
463,57,A1,10.00,50.53,581,6.70,690.00,819,D,Grassland,LC,"Heringen, Germany",62.10,878.00,45.40,3.58,0.6,12.68,1594.00,211.90,7.52 ,5.22,22.40,23.60,54.00
464,57,A1,9.51,51.20,278,9.20,810.00,809,D,Grassland,LC,"Witzenhausen, Germany",137.80,2274.00,54.80,4.56,0.6,12.02,899.00,167.10,5.38 ,4.89,18.50,61.30,20.20
465,57,A1,9.51,51.20,278,9.20,810.00,809,D,Grassland,LC,"Witzenhausen, Germany",106.30,1556.00,31.30,2.71,0.6,11.55,909.00,149.20,6.09 ,5.51,17.40,76.70,5.90
466,57,A1,11.44,50.51,600,9.20,810.00,752,D,Grassland,LC,"Dohrstadt, Germany",56.80,1082.00,34.90,2.68,0.6,13.02,336.00,50.10,6.71 ,7.77,20.40,69.50,10.10
467,57,A1,11.44,50.51,600,9.20,810.00,752,D,Grassland,LC,"Dohrstadt, Germany",67.60,1351.00,45.40,3.64,0.6,12.47,419.00,59.70,7.02 ,7.49,20.40,69.50,10.10
468,57,A1,11.44,50.51,600,9.20,810.00,752,D,Grassland,LC,"Dohrstadt, Germany",56.20,1078.00,35.50,3.16,0.6,11.23,397.00,58.70,6.76 ,7.53,20.40,69.50,10.10
469,57,A1,11.44,50.51,600,9.20,810.00,752,D,Grassland,LC,"Dohrstadt, Germany",61.60,1137.00,38.40,3.39,0.6,11.33,413.00,63.50,6.50 ,7.58,20.40,69.50,10.10
470,57,A1,11.44,50.51,600,9.20,810.00,752,D,Grassland,LC,"Dohrstadt, Germany",62.90,1153.00,33.60,2.99,0.6,11.24,2562.00,419.10,6.11 ,7.61,15.40,68.20,16.40
471,57,A1,8.28,53.30,13,10.10,674.00,753,C,Grassland,LC,"Nordenham, Germany",338.90,5774.00,106.80,9.71,0.5,11.00,2180.00,411.10,5.30 ,4.41,33.50,56.40,10.10
472,57,A1,8.28,53.30,13,10.10,674.00,753,C,Grassland,LC,"Nordenham, Germany",432.80,5564.00,92.60,8.67,0.5,10.68,4496.00,560.60,8.02 ,4.89,25.90,63.00,11.10
473,57,A1,8.28,53.30,13,10.10,674.00,753,C,Grassland,LC,"Nordenham, Germany",435.10,6199.00,121.70,11.05,0.5,11.01,1617.00,199.60,8.10 ,4.79,36.60,52.60,10.80
474,57,A1,8.28,53.30,13,10.10,674.00,753,C,Grassland,LC,"Nordenham, Germany",240.50,3050.00,55.90,5.11,0.5,10.94,887.00,50.75 ,17.48 ,5.45,31.90,51.10,17.00
475,57,A1,8.28,53.30,13,10.10,674.00,753,C,Grassland,LC,"Nordenham, Germany",119.80,1419.00,22.50,2.40,0.5,9.38,1631.00,196.90,8.28 ,5.10,19.00,44.90,36.10
476,57,A1,8.28,53.30,13,10.10,674.00,753,C,Grassland,LC,"Nordenham, Germany",81.40,967.00,44.90,4.59,0.5,9.78,918.00,168.10,5.46 ,5.28,24.90,52.40,22.70
477,57,A1,9.56,51.32,470,9.20,650.00,823,D,Grassland,LC,"Göttingen, Germany",75.00,1232.00,31.40,2.86,0.6,10.98,1327.00,257.80,5.15 ,7.48,18.70,67.10,14.10
478,57,A1,9.56,51.32,470,9.20,650.00,823,D,Grassland,LC,"Göttingen, Germany",130.60,1988.00,63.30,5.59,0.6,11.32,464.00,94.50,4.91 ,7.90,10.50,85.30,4.20
479,57,A1,9.56,51.32,470,9.20,650.00,823,D,Grassland,LC,"Göttingen, Germany",76.00,983.00,21.20,1.94,0.6,10.93,1245.00,230.70,5.40 ,7.93,20.70,71.60,7.70
480,57,A1,9.56,51.32,470,9.20,650.00,823,D,Grassland,LC,"Göttingen, Germany",211.00,2394.00,52.40,4.65,0.6,11.27,2562.00,419.10,6.11 ,7.51,31.40,62.70,5.90
481,57,A1,9.56,51.32,470,9.20,650.00,823,D,Forest,LC,"Göttingen, Germany",74.60,1350.00,58.00,2.37,0.6,24.47,515.00,76.20,6.76 ,3.88,6.00,38.70,55.30
482,57,A1,9.46,51.30,470,9.20,650.00,816,D,Forest,LC,"Dransfeld, Germany",32.80,705.00,27.00,1.10,0.6,24.55,215.00,39.80,5.40 ,4.02,7.70,17.40,74.90
483,57,A1,9.46,51.30,470,9.20,650.00,816,D,Forest,LC,"Dransfeld, Germany",34.30,840.00,48.30,1.89,0.6,25.56,405.00,76.10,5.32 ,3.92,12.00,28.00,60.00
484,57,A1,9.46,51.30,470,9.20,650.00,816,D,Forest,LC,"Dransfeld, Germany",49.80,910.00,59.90,4.25,0.6,14.09,611.00,106.30,5.75 ,3.93,15.20,77.30,7.50
485,57,A1,9.46,51.30,470,9.20,650.00,816,D,Forest,LC,"Dransfeld, Germany",27.70,1480.00,41.60,1.78,0.6,23.37,456.00,74.10,6.15 ,3.90,4.40,11.80,83.90
486,57,A1,9.56,51.32,470,9.20,650.00,823,D,Forest,LC,"Göttingen, Germany",25.40,1469.00,35.30,0.95,0.6,37.16,187.00,27.00,6.93 ,3.79,4.00,5.40,90.60
487,57,A1,9.51,51.20,278,9.20,810.00,809,D,Forest,LC,"Witzenhausen, Germany",121.40,1895.00,128.30,5.19,0.6,24.72,957.00,101.50,9.43 ,3.51,17.10,78.50,4.40
488,57,A1,9.56,51.32,470,9.20,650.00,823,D,Forest,LC,"Göttingen, Germany",24.40,581.00,19.80,0.98,0.6,20.20,208.00,39.70,5.24 ,4.74,14.90,69.80,15.40
489,57,A1,9.56,51.32,470,9.20,650.00,823,D,Forest,LC,"Göttingen, Germany",136.20,2471.00,90.80,5.29,0.6,17.16,1327.00,259.60,5.11 ,7.72,13.50,79.50,7.00
490,57,A1,9.56,51.32,470,9.20,650.00,823,D,Forest,LC,"Göttingen, Germany",145.80,2184.00,145.90,7.34,0.6,19.88,2333.00,447.30,5.22 ,7.12,19.90,74.30,5.80
491,57,A1,9.56,51.32,470,9.20,650.00,823,D,Forest,LC,"Göttingen, Germany",58.10,1528.00,46.40,2.49,0.6,18.63,486.00,69.20,7.02 ,5.90,14.60,36.80,48.60
492,57,A1,9.56,51.32,470,9.20,650.00,823,D,Forest,LC,"Göttingen, Germany",34.40,1204.00,27.00,1.66,0.6,16.27,246.00,37.50,6.56 ,6.54,10.90,76.30,12.80
493,57,A1,9.56,51.32,470,9.20,650.00,823,D,Forest,LC,"Göttingen, Germany",44.30,1134.00,51.90,2.48,0.6,20.93,384.00,60.80,6.32 ,4.55,9.90,80.20,9.90
494,58,A1,11.45,48.50,487,7.40,803.00,838,D,Cropland,GC,"Scheyern Research Farm, Munich, Germany",50.00,697.00,13.20,1.47,0.5,8.98,281.00,34.00,8.26 ,5.9,60,25,15
495,58,A1,11.45,48.50,487,7.40,803.00,838,D,Cropland,GC,"Scheyern Research Farm, Munich, Germany",60.00,816.00,12.70,1.57,0.5,8.09,346.00,47.00,7.36 ,5.9,60,25,15
496,58,A1,11.45,48.50,487,7.40,803.00,838,D,Cropland,GC,"Scheyern Research Farm, Munich, Germany",48.00,671.00,11.90,1.37,0.5,8.69,257.00,26.00,9.88 ,5.9,27.00,50.00,23.00
497,58,A1,11.45,48.50,487,7.40,803.00,838,D,Cropland,GC,"Scheyern Research Farm, Munich, Germany",63.00,841.00,14.00,1.67,0.5,8.38,370.00,55.00,6.73 ,5.9,27.00,54.00,19.00
498,59,A1,112.17,23.17,265,21.60,1773.00,1359,C,Forest,GC,"Dinghushan Biosphere Reserve, Guangdong Province,  Chi",119.60,1372.18,37.77,2.54,0.3,14.87,182.04 ,64.20 ,2.84 ,3.91,37.80,33.00,29.30
499,60,A1,128.08,42.38,802,2.80,700.00,919,D,Forest,GC,CBMNR,93.48,2556.67,59.93,3.47,0.7,17.29,243.31 ,47.02 ,5.17 ,5.5,53,25,22
500,60,A1,128.08,42.38,802,2.80,700.00,919,D,Forest,GC,CBMNR,98.22,2600.37,55.27,3.67,0.7,15.07,243.31 ,47.02 ,5.17 ,5.5,53,25,22
501,60,A1,128.08,42.38,802,2.80,700.00,919,D,Forest,GC,CBMNR,70.00,2012.59,47.77,3.20,0.7,14.93,243.31 ,47.02 ,5.17 ,5.5,53,25,22
502,60,A1,128.08,42.38,802,2.80,700.00,919,D,Forest,GC,CBMNR,87.04,1918.52,41.47,2.97,0.7,13.98,243.31 ,47.02 ,5.17 ,5.5,53,25,22
503,60,A1,128.08,42.38,802,2.80,700.00,919,D,Forest,GC,CBMNR,65.78,1931.11,37.67,2.73,0.7,13.78,243.31 ,47.02 ,5.17 ,5.5,53,25,22
504,61,A1,-119.57,37.72,1920,9.10,115.00,1680,C,Forest,GC,"Sierra Nevada, California",79.29,563.64,70.00,2.92,0.4,24.00,341.39 ,44.31 ,7.70 ,6.20,17,71,26.80
505,61,A1,-119.57,37.72,1920,9.10,115.00,1680,C,Forest,GC,"Sierra Nevada, California",76.07,345.45,28.06,1.40,0.4,20.00,341.39 ,44.31 ,7.70 ,6.50,17,71,6.30
506,61,A1,-119.57,37.72,1920,6.70,135.00,1680,C,Forest,GC,"Sierra Nevada, California",39.11,550.00,41.87,2.09,0.4,20.00,341.39 ,44.31 ,7.70 ,5.80,17,71,6.70
507,61,A1,-119.57,37.72,1920,6.70,135.00,1680,C,Forest,GC,"Sierra Nevada, California",57.86,822.73,52.66,2.19,0.4,24.00,341.39 ,44.31 ,7.70 ,5.40,17,71,14.00
508,61,A1,-119.57,37.72,1920,6.70,135.00,1680,C,Forest,GC,"Sierra Nevada, California",59.46,413.64,36.26,1.58,0.4,23.00,341.39 ,44.31 ,7.70 ,6.00,17,71,7.70
509,61,A1,-119.57,37.72,1920,6.70,135.00,1680,C,Forest,GC,"Sierra Nevada, California",38.57,377.27,25.04,0.83,0.4,30.00,341.39 ,44.31 ,7.70 ,5.50,17,71,8.70
510,61,A1,-119.57,37.72,1920,6.70,135.00,1680,C,Forest,GC,"Sierra Nevada, California",102.86,1136.36,120.43,4.15,0.4,29.00,341.39 ,44.31 ,7.70 ,6.00,17,71,25.40
511,61,A1,-119.57,37.72,1920,6.70,135.00,1680,C,Forest,GC,"Sierra Nevada, California",107.14,1204.55,90.22,3.61,0.4,25.00,341.39 ,44.31 ,7.70 ,5.80,17,71,9.40
512,61,A1,-119.57,37.72,1920,6.70,135.00,1680,C,Forest,GC,"Sierra Nevada, California",56.79,731.82,67.34,2.24,0.4,30.00,341.39 ,44.31 ,7.70 ,5.50,17,71,7.70
513,62,A1,112.91,23.18,4,21.00,1956.00,1299,C,Forest,GC,Dinghushan Biosphere Reserve,60.24,698.64,21.60,1.40,0.6,15.43,224.12 ,66.63 ,3.36 ,5.5,37,46,17
514,62,A1,112.88,23.18,5,21.00,1956.00,1299,C,Forest,GC,Dinghushan Biosphere Reserve,120.66,1119.16,25.00,1.80,0.6,13.89,224.12 ,66.63 ,3.36 ,5.5,37,46,17
515,62,A1,112.88,23.18,5,21.00,1956.00,1299,C,Forest,GC,Dinghushan Biosphere Reserve,216.52,1458.29,39.10,3.00,0.6,13.03,224.12 ,66.63 ,3.36 ,5.5,37,46,17
516,62,A1,112.91,23.18,4,21.00,1956.00,1299,C,Forest,GC,Dinghushan Biosphere Reserve,33.66,268.41,7.40,0.80,0.6,9.25,224.12 ,66.63 ,3.36 ,5.5,37,46,17
517,62,A1,112.88,23.18,5,21.00,1956.00,1299,C,Forest,GC,Dinghushan Biosphere Reserve,86.21,485.42,10.00,0.90,0.6,11.11,224.12 ,66.63 ,3.36 ,5.5,37,46,17
518,62,A1,112.88,23.18,5,21.00,1956.00,1299,C,Forest,GC,Dinghushan Biosphere Reserve,164.35,679.23,15.20,1.50,0.6,10.13,224.12 ,66.63 ,3.36 ,5.5,37,46,17
519,62,A1,112.91,23.18,4,21.00,1956.00,1299,C,Forest,GC,Dinghushan Biosphere Reserve,24.80,192.83,5.80,0.70,0.6,8.29,224.12 ,66.63 ,3.36 ,5.5,37,46,17
520,62,A1,112.88,23.18,5,21.00,1956.00,1299,C,Forest,GC,Dinghushan Biosphere Reserve,38.97,223.83,6.10,0.70,0.6,8.71,224.12 ,66.63 ,3.36 ,5.5,37,46,17
521,62,A1,112.88,23.18,5,21.00,1956.00,1299,C,Forest,GC,Dinghushan Biosphere Reserve,127.94,469.93,13.30,1.30,0.6,10.23,224.12 ,66.63 ,3.36 ,5.5,37,46,17
522,63,A1,11.83,51.37,123,8.80,480.00,867,C,Cropland,LC,"Bad Lauchstädt (SFEBL), Sachsen-Anhalt, Germany",15.91,234.07,26.00,2.10,0.5,12.38,227.08 ,69.54 ,3.27 ,6.38,11.20,67.80,21.00
523,63,A1,11.83,51.37,123,8.80,480.00,867,C,Cropland,LC,"Bad Lauchstädt (SFEBL), Sachsen-Anhalt, Germany",33.71,228.15,25.40,2.20,0.5,11.55,227.08 ,69.54 ,3.27 ,6.04,11.20,67.80,21.00
524,63,A1,11.83,51.37,123,8.80,480.00,867,C,Cropland,LC,"Bad Lauchstädt (SFEBL), Sachsen-Anhalt, Germany",23.86,151.11,24.90,2.10,0.5,11.86,227.08 ,69.54 ,3.27 ,5.62,11.20,67.80,21.00
525,63,A1,11.83,51.37,123,8.80,480.00,867,C,Cropland,LC,"Bad Lauchstädt (SFEBL), Sachsen-Anhalt, Germany",38.26,165.93,21.50,1.80,0.5,11.94,227.08 ,69.54 ,3.27 ,5.92,11.20,67.80,21.00
526,63,A1,11.83,51.37,123,8.80,480.00,867,C,Cropland,LC,"Bad Lauchstädt (SFEBL), Sachsen-Anhalt, Germany",29.92,219.26,19.30,1.60,0.5,12.06,227.08 ,69.54 ,3.27 ,5.08,11.20,67.80,21.00
527,63,A1,11.83,51.37,123,8.80,480.00,867,C,Cropland,LC,"Bad Lauchstädt (SFEBL), Sachsen-Anhalt, Germany",18.56,198.52,16.10,1.30,0.5,12.38,227.08 ,69.54 ,3.27 ,5.26,11.20,67.80,21.00
528,63,A1,11.83,51.37,123,8.80,480.00,867,C,Cropland,LC,"Bad Lauchstädt (SFEBL), Sachsen-Anhalt, Germany",49.45,536.30,24.80,2.40,0.5,10.33,227.08 ,69.54 ,3.27 ,6.54,11.20,67.80,21.00
529,63,A1,11.83,51.37,123,8.80,480.00,867,C,Cropland,LC,"Bad Lauchstädt (SFEBL), Sachsen-Anhalt, Germany",53.14,503.70,23.10,2.30,0.5,10.04,227.08 ,69.54 ,3.27 ,6.70,11.20,67.80,21.00
530,63,A1,11.83,51.37,123,8.80,480.00,867,C,Cropland,LC,"Bad Lauchstädt (SFEBL), Sachsen-Anhalt, Germany",43.54,322.96,23.00,2.30,0.5,10.00,227.08 ,69.54 ,3.27 ,6.15,11.20,67.80,21.00
531,63,A1,11.83,51.37,123,8.80,480.00,867,C,Cropland,LC,"Bad Lauchstädt (SFEBL), Sachsen-Anhalt, Germany",38.38,334.81,19.60,1.90,0.5,10.32,227.08 ,69.54 ,3.27 ,6.85,11.20,67.80,21.00
532,63,A1,11.83,51.37,123,8.80,480.00,867,C,Cropland,LC,"Bad Lauchstädt (SFEBL), Sachsen-Anhalt, Germany",33.95,482.96,18.50,1.70,0.5,10.88,227.08 ,69.54 ,3.27 ,6.44,11.20,67.80,21.00
533,63,A1,11.83,51.37,123,8.80,480.00,867,C,Cropland,LC,"Bad Lauchstädt (SFEBL), Sachsen-Anhalt, Germany",28.78,474.07,16.80,1.40,0.5,12.00,227.08 ,69.54 ,3.27 ,7.33,11.20,67.80,21.00
534,64,A1,9.41,51.26,270,9.20,650.00,822,D,Forest,GC,"Hannoversch-Münden, Gottingen, Germany",,,17.35,1.68,0.6,10.31,230.69 ,74.01 ,3.12 ,3.95,65.00,27.30,7.70
535,64,A1,9.41,51.26,270,9.20,650.00,822,D,Forest,GC,"Hannoversch-Münden, Gottingen, Germany",,,0.66,0.95,0.6,0.70,230.69 ,74.01 ,3.12 ,3.95,65.00,27.30,7.70
536,64,A1,9.45,51.28,470,9.20,650.00,818,D,Forest,GC,"Dransfeld, Gottingen, Germany",,,34.57,2.44,0.6,14.16,230.69 ,74.01 ,3.12 ,4.25,1.00,87.50,11.50
537,64,A1,9.45,51.28,470,9.20,650.00,818,D,Forest,GC,"Dransfeld, Gottingen, Germany",,,8.84,1.31,0.6,6.75,230.69 ,74.01 ,3.12 ,4.25,1.00,87.50,11.50
538,64,A1,10.25,51.58,200,9.20,650.00,815,D,Forest,GC,"Rüdershausen, Germany",,,9.03,1.32,0.6,6.85,311.81 ,56.86 ,5.48 ,4.25,3.20,87.50,9.30
539,64,A1,10.25,51.58,200,9.20,650.00,815,D,Forest,GC,"Rüdershausen, Germany",,,2.12,1.01,0.6,2.09,311.81 ,56.86 ,5.48 ,4.25,3.20,87.50,9.30
540,65,A1,102.52,34.66,3009,1.70,545.00,924,D,Grassland,GC,"Gann, Gansu, Chi",88.00,1688.00,45.50,3.20,0.6,14.22,287.50 ,102.75 ,2.80 ,7.4,65.00,16.00,19.00
541,65,A1,102.52,34.66,3009,1.70,545.00,924,D,Grassland,GC,"Gann, Gansu, Chi",18.00,1172.00,33.40,2.20,0.6,15.18,287.50 ,102.75 ,2.80 ,7.4,44.00,36.00,20.00
542,65,A1,102.52,34.66,3009,1.70,545.00,924,D,Cropland,GC,"Gann, Gansu, Chi",35.00,1184.00,33.10,2.20,0.6,15.05,287.50 ,102.75 ,2.80 ,7.4,35.00,43.00,22.00
543,65,A1,102.49,34.59,2968,1.70,545.00,1027,D,Grassland,GC,"Gann, Gansu, Chi",94.00,1802.00,41.20,3.10,0.7,13.29,307.74 ,108.59 ,2.83 ,7.41,50.00,34.00,16.00
544,65,A1,102.49,34.59,2968,1.70,545.00,1027,D,Cropland,GC,"Gann, Gansu, Chi",47.00,1178.00,28.70,2.10,0.7,13.67,307.74 ,108.59 ,2.83 ,8.09,37.00,46.00,17.00
545,66,A1,116.17,42.02,1358,2.10,382.00,1238,D,Grassland,GC,"Duolun, Chi",72.00,1146.00,21.60,1.48,0.5,14.59,165.80 ,97.93 ,1.69 ,7.00,33,53,13
546,66,A1,111.53,29.26,100,16.92,1279.00,1212,C,Cropland,LC,Taoyuan County,49.00,725.00,17.00,1.60,0.5,10.63,165.65 ,54.76 ,3.03 ,5.36,6.30,63.10,30.60
547,66,A1,115.07,26.75,100,17.90,1471.20,1264,C,Forest,LC,"Shixi, Jiangxi",78.57,784.36,17.16,1.20,0.2,14.30,119.81 ,50.54 ,2.37 ,4.60,38,41,21
548,67,A1,101.62,39.02,1470,7.70,120.00,1609,B,Desert,LC,Desert,,,4.83,0.59,0.6,8.19,332.96 ,31.69 ,10.51 ,8.66,55,32,59.00
549,67,A1,112.04,43.56,961,3.80,144.00,1556,B,Desert,LC,Desert,,,1.90,0.22,0.5,8.64,110.37 ,94.09 ,1.17 ,8.63,47,40,21.00
550,67,A1,109.87,45.25,905,3.40,126.00,1388,B,Desert,LC,Desert,,,3.32,0.12,0.3,27.67,110.77 ,94.24 ,1.18 ,7.63,27,49,41.00
551,67,A1,101.77,38.94,1490,7.80,19.00,1610,B,Desert,LC,Desert,,,0.85,0.07,0.5,12.14,84.72 ,95.18 ,0.89 ,8.85,47,40,42.00
552,67,A1,101.88,38.91,1440,7.80,122.00,1617,B,Desert,LC,Desert,,,1.27,0.15,0.6,8.47,84.72 ,95.18 ,0.89 ,8.87,55,32,30.00
553,67,A1,111.19,44.08,1147,3.30,134.00,1484,B,Desert,LC,Desert,,,3.48,0.17,0.3,20.47,196.82 ,103.65 ,1.90 ,8.10,27,49,48.00
554,67,A1,109.13,45.80,1092,2.10,141.00,1263,B,Desert,LC,Desert,,,5.08,0.26,0.3,19.54,165.44 ,104.81 ,1.58 ,7.69,41,38,52.00
555,67,A1,109.62,45.51,987,3.00,132.00,1330,B,Desert,LC,Desert,,,4.36,0.21,0.3,20.76,164.98 ,103.64 ,1.59 ,8.23,27,49,42.00
556,67,A1,111.83,43.75,960,3.80,128.00,1540,B,Desert,LC,Desert,,,1.56,0.05,0.5,31.20,196.80 ,101.79 ,1.93 ,7.23,16,80,5.00
557,67,A1,110.73,44.50,963,4.00,122.00,1480,B,Desert,LC,Desert,,,4.11,0.29,0.3,14.17,111.02 ,94.38 ,1.18 ,7.89,27,49,29.00
558,67,A1,104.71,39.65,1268,8.10,104.00,1808,B,Desert,LC,Desert,,,1.66,0.23,0.7,7.22,187.74 ,42.53 ,4.41 ,8.86,51,32,57.00
559,67,A1,108.48,41.78,1543,3.70,204.00,1493,B,Desert,LC,Desert Steppe,,,5.33,0.59,0.5,9.03,141.43 ,98.96 ,1.43 ,8.62,16,80,38.00
560,67,A1,111.94,41.86,1466,3.30,226.00,1441,B,Desert,LC,Desert Steppe,,,11.97,1.35,0.7,8.87,196.91 ,102.58 ,1.92 ,8.24,29,53,64.00
561,67,A1,107.97,46.76,1273,-0.20,209.00,1094,B,Desert,LC,Desert Steppe,,,11.67,0.91,0.1,12.82,87.71 ,104.67 ,0.84 ,7.18,49,35,59.00
562,67,A1,108.29,41.83,1369,4.60,183.00,1506,B,Desert,LC,Desert Steppe,,,3.67,0.41,0.5,8.95,141.43 ,98.96 ,1.43 ,8.49,47,40,36.00
563,67,A1,112.64,42.58,1143,4.20,203.00,1522,B,Desert,LC,Desert Steppe,,,4.70,0.59,0.6,7.97,148.64 ,96.89 ,1.53 ,8.57,43,41,48.00
564,67,A1,112.37,42.20,1302,3.80,216.00,1481,B,Desert,LC,Desert Steppe,,,5.39,0.64,0.6,8.42,170.67 ,96.85 ,1.76 ,8.45,47,39,41.00
565,67,A1,114.05,43.85,1065,2.30,222.00,1435,B,Desert,LC,Desert Steppe,,,16.52,1.37,0.6,12.06,169.90 ,101.80 ,1.67 ,7.88,47,39,52.00
566,67,A1,107.52,47.32,1439,-2.00,243.00,980,B,Grassland,LC,Typical Steppe,,,41.19,3.58,0.3,11.51,171.60 ,110.10 ,1.56 ,6.91,41,38,36.00
567,67,A1,106.22,48.36,1207,-1.10,261.00,969,D,Grassland,LC,Typical Steppe,,,28.58,2.49,0.5,11.48,126.49 ,100.21 ,1.26 ,6.65,43,37,45.00
568,67,A1,116.67,43.55,1270,1.10,342.00,1191,B,Grassland,LC,Typical Steppe,,,22.73,1.93,0.8,11.78,190.62 ,104.97 ,1.82 ,6.99,44,35,38.00
569,67,A1,116.78,44.42,1051,1.30,306.00,1246,B,Grassland,LC,Typical Steppe,,,19.26,1.68,0.8,11.46,161.87 ,104.03 ,1.56 ,6.70,44,35,10.00
570,67,A1,106.11,48.81,1005,-1.10,287.00,944,D,Grassland,LC,Typical Steppe,,,16.18,1.47,0.5,11.01,127.10 ,99.29 ,1.28 ,7.68,43,37,41.00
571,67,A1,106.72,48.21,1194,-0.60,245.00,966,D,Grassland,LC,Typical Steppe,,,33.23,2.55,0.5,13.03,126.29 ,100.55 ,1.26 ,7.08,43,37,79.00
572,67,A1,117.60,44.44,1079,1.10,352.00,1194,D,Grassland,LC,Typical Steppe,,,34.93,3.09,0.6,11.30,141.25 ,100.55 ,1.40 ,6.92,19,73,30.00
573,67,A1,116.56,43.54,1180,1.60,331.00,1231,B,Grassland,LC,Typical Steppe,,,39.58,3.96,0.8,9.99,190.62 ,104.97 ,1.82 ,6.53,44,35,55.00
574,67,A1,106.18,48.90,870,-0.90,279.00,980,D,Grassland,LC,Typical Steppe,,,19.86,1.86,0.5,10.68,127.10 ,99.29 ,1.28 ,7.42,43,37,54.00
575,67,A1,117.41,44.46,1128,0.80,346.00,1172,D,Grassland,LC,Typical Steppe,,,48.74,4.39,0.6,11.10,190.77 ,105.62 ,1.81 ,7.14,19,73,45.00
576,67,A1,106.50,48.86,883,-0.70,268.00,963,D,Grassland,LC,Typical Steppe,,,21.04,2.08,0.5,10.12,127.44 ,99.95 ,1.27 ,7.35,43,37,43.00
577,67,A1,119.67,49.53,719,-1.70,374.00,967,D,Grassland,LC,Meadow Steppe,,,13.84,1.60,0.3,8.65,136.15 ,105.65 ,1.29 ,8.32,43,37,21.00
578,67,A1,120.42,49.13,706,-1.50,404.00,935,D,Grassland,LC,Meadow Steppe,,,18.26,1.45,0.6,12.59,178.61 ,104.96 ,1.70 ,6.52,42,35,58.00
579,67,A1,106.07,49.16,925,-1.30,307.00,940,D,Grassland,LC,Meadow Steppe,,,34.06,2.91,0.5,11.70,128.16 ,97.57 ,1.31 ,6.54,43,37,11.50
580,67,A1,105.94,49.37,823,-1.00,313.00,937,D,Grassland,LC,Meadow Steppe,,,14.86,1.82,0.5,8.16,128.89 ,96.32 ,1.34 ,8.24,43,37,37.00
581,67,A1,106.31,49.94,739,-0.90,321.00,896,D,Grassland,LC,Meadow Steppe,,,14.44,1.58,0.5,9.14,196.49 ,61.42 ,3.20 ,8.12,47,32,37.00
582,67,A1,111.55,40.95,1692,-1.00,357.00,1351,B,Grassland,LC,Meadow Steppe,,,6.52,0.68,0.8,9.59,197.47 ,81.18 ,2.43 ,7.92,44,39,64.00
583,67,A1,120.03,49.38,640,-1.10,374.00,942,D,Grassland,LC,Meadow Steppe,,,19.65,1.58,0.6,12.44,178.61 ,104.96 ,1.70 ,7.54,42,36,36.00
584,67,A1,120.02,49.52,817,-0.80,358.00,909,D,Grassland,LC,Meadow Steppe,,,15.92,1.70,0.3,9.36,142.10 ,106.53 ,1.33 ,7.49,43,37,42.00
585,67,A1,119.76,48.86,657,-2.40,404.00,1003,D,Grassland,LC,Meadow Steppe,,,16.55,1.37,0.5,12.08,183.55 ,105.19 ,1.74 ,7.12,43,37,36.00
586,68,A1,-88.19,40.06,220.00 ,11.10,1042.00,1203,D,Grassland,GC,"University of Illinois Energy Farm, Urba, IL, USA",38.39,1186.72,16.23,1.58,0.6,10.24,254.20 ,68.95 ,3.69 ,6.8,66,9,25
587,68,A1,-88.19,40.06,220.00 ,11.10,1042.00,1203,D,Grassland,GC,"University of Illinois Energy Farm, Urba, IL, USA",43.56,1313.39,19.14,1.80,0.6,10.65,254.20 ,68.95 ,3.69 ,6.8,66,9,25
588,68,A1,-88.19,40.06,220.00 ,11.10,1042.00,1203,D,Grassland,GC,"University of Illinois Energy Farm, Urba, IL, USA",44.31,1403.41,19.23,1.80,0.6,10.66,254.20 ,68.95 ,3.69 ,6.8,66,9,25
589,68,A1,-88.19,40.06,220.00 ,11.10,1042.00,1203,D,Cropland,GC,"University of Illinois Energy Farm, Urba, IL, USA",33.38,1165.72,17.22,1.60,0.6,10.73,254.20 ,68.95 ,3.69 ,6.8,66,9,25
590,68,A1,-88.19,40.06,220.00 ,11.10,1042.00,1203,D,Cropland,GC,"University of Illinois Energy Farm, Urba, IL, USA",39.39,1205.67,18.14,1.68,0.6,10.80,254.20 ,68.95 ,3.69 ,6.8,66,9,25
591,68,A1,-88.19,40.06,220.00 ,11.10,1042.00,1203,D,Cropland,GC,"University of Illinois Energy Farm, Urba, IL, USA",37.01,1165.60,15.92,1.50,0.6,10.62,254.20 ,68.95 ,3.69 ,6.8,66,9,25
592,69,A1,11.75,48.83,354,7.40,803.00,847,D,Cropland,GC,"Scheyern Research Farm, Munich, Germany",42.70,658.00,12.30,1.33,0.5,9.25,222.00,24.00,9.25 ,7.1,27.00,50.00,23.00
593,69,A1,11.75,48.83,354,7.40,803.00,847,D,Cropland,GC,"Scheyern Research Farm, Munich, Germany",40.10,617.00,13.00,1.46,0.5,8.90,168.00,19.00,8.84 ,7.1,27.00,54.00,19.00
594,70,A1,144.60,43.32,27,5.80,1169.70,880,D,Forest,GC,"Shibecha, Hokkaido Forest Research Station, Kyoto University, Japan",190.00,4600.00,106.20,7.10,1.1,14.96,374.77 ,75.37 ,4.97 ,5.8,41,33,26
595,70,A1,144.60,43.32,27,5.80,1169.70,880,D,Forest,GC,"Shibecha, Hokkaido Forest Research Station, Kyoto University, Japan",190.00,4100.00,86.70,6.30,1.1,13.76,374.77 ,75.37 ,4.97 ,5.8,41,33,26
596,70,A1,144.60,43.32,27,5.80,1169.70,880,D,Forest,GC,"Shibecha, Hokkaido Forest Research Station, Kyoto University, Japan",200.00,3500.00,90.80,6.00,1.1,15.13,374.77 ,75.37 ,4.97 ,5.8,41,33,26
597,71,A1,115.54,26.74,265,17.80,1470.00,1254,C,Cropland,GC,Qianyanzhou,23.42,99.62,9.10,1.00,0.3,9.10,307.00,51.84 ,5.92 ,6.00,48,12,40
598,71,A1,115.54,26.74,265,17.80,1470.00,1254,C,Cropland,GC,Qianyanzhou,34.21,148.30,12.50,1.30,0.3,9.62,435.00,51.84 ,8.39 ,6.00,48,12,40
599,71,A1,115.54,26.74,265,17.80,1470.00,1254,C,Cropland,GC,Qianyanzhou,39.34,187.92,14.20,1.50,0.3,9.47,561.00,51.84 ,10.82 ,6.00,48,12,40
600,71,A1,115.54,26.74,265,17.80,1470.00,1254,C,Cropland,GC,Qianyanzhou,43.71,232.08,15.10,1.50,0.3,10.07,445.00,51.84 ,8.58 ,6.00,48,12,40
601,71,A1,115.54,26.74,265,17.80,1470.00,1254,C,Cropland,GC,Qianyanzhou,33.94,165.28,15.10,1.50,0.3,10.07,171.00,51.84 ,3.30 ,6.00,48,12,40
602,72,A1,133.52,47.58,56,1.93,610.00,898,D,Wetland,GC,Sanjiang Experimental Station ofWetland Ecology,132.19,2093.45,37.88,3.59,0.7,10.55,213.15 ,94.93 ,2.25 ,5.50,41,39,20
603,72,A1,133.52,47.58,56,1.93,610.00,898,D,Cropland,GC,Sanjiang Experimental Station ofWetland Ecology,98.01,1780.06,26.11,2.33,0.7,11.20,213.15 ,94.93 ,2.25 ,5.19,41,39,20
604,72,A1,133.52,47.58,56,1.93,610.00,898,D,Cropland,GC,Sanjiang Experimental Station ofWetland Ecology,93.45,1411.97,25.87,2.31,0.7,11.20,213.15 ,94.93 ,2.25 ,5.09,41,39,20
605,72,A1,133.52,47.58,56,1.93,610.00,898,D,Cropland,GC,Sanjiang Experimental Station ofWetland Ecology,85.47,1304.84,25.52,2.22,0.7,11.50,213.15 ,94.93 ,2.25 ,5.19,41,39,20
606,72,A1,133.52,47.58,56,1.93,610.00,898,D,Cropland,GC,Sanjiang Experimental Station ofWetland Ecology,120.80,1540.74,34.73,3.50,0.7,9.92,213.15 ,94.93 ,2.25 ,5.44,41,39,20
607,72,A1,133.52,47.58,56,1.93,610.00,898,D,Cropland,GC,Sanjiang Experimental Station ofWetland Ecology,134.47,1642.17,36.13,3.59,0.7,10.06,213.15 ,94.93 ,2.25 ,5.43,41,39,20
608,73,A1,92.93,34.85,4668,-3.80,383.00,973,E,Grassland,GC,Beiluhe Observation and Research Station,56.22,523.56,16.50,1.25,0.4,13.20,67.00 ,103.91 ,0.64 ,8.69,40,48,12
609,73,A1,92.93,34.85,4668,-3.80,383.00,973,E,Grassland,GC,Beiluhe Observation and Research Station,65.56,476.67,13.50,1.16,0.4,11.64,67.00 ,103.91 ,0.64 ,8.88,40,48,12
610,73,A1,92.93,34.85,4668,-3.80,383.00,973,E,Grassland,GC,Beiluhe Observation and Research Station,43.33,262.22,9.93,0.94,0.4,10.56,67.00 ,103.91 ,0.64 ,8.88,40,48,12
611,73,A1,92.93,34.85,4668,-3.80,383.00,973,E,Grassland,GC,Beiluhe Observation and Research Station,32.67,189.78,7.43,0.72,0.4,10.32,67.00 ,103.91 ,0.64 ,8.97,40,48,12
612,73,A1,92.93,34.85,4668,-3.80,383.00,973,E,Grassland,GC,Beiluhe Observation and Research Station,21.11,143.33,5.97,0.66,0.4,9.05,67.00 ,103.91 ,0.64 ,9.08,40,48,12
613,74,A1,-88.50,35.37,173,13.40,1771.00,1443,C,Cropland,GC,"Jackson, USA",48.00,1045.00,11.25,1.13,0.5,9.96,229.34 ,62.07 ,3.69 ,5.50,69.62,17.00,13.37
614,74,A1,-88.50,35.37,173,13.40,1771.00,1443,C,Cropland,GC,"Jackson, USA",33.00,732.00,9.32,0.95,0.5,9.81,229.34 ,62.07 ,3.69 ,5.50,72.03,10.98,16.99
615,74,A1,-88.50,35.37,173,13.40,1771.00,1443,C,Cropland,GC,"Jackson, USA",38.00,962.00,15.63,1.51,0.5,10.35,229.34 ,62.07 ,3.69 ,5.50,76.15,10.68,13.17
616,74,A1,-88.50,35.37,173,13.40,1771.00,1443,C,Cropland,GC,"Jackson, USA",57.00,996.00,11.98,1.19,0.5,10.07,229.34 ,62.07 ,3.69 ,5.50,71.23,12.65,16.12
617,74,A1,-88.50,35.37,173,13.40,1771.00,1443,C,Cropland,GC,"Jackson, USA",39.00,747.00,10.89,1.08,0.5,10.08,229.34 ,62.07 ,3.69 ,5.50,80.47,8.23,11.30
618,74,A1,-88.50,35.37,173,13.40,1771.00,1443,C,Cropland,GC,"Jackson, USA",28.00,685.00,9.95,0.92,0.5,10.82,229.34 ,62.07 ,3.69 ,5.50,58.50,12.71,28.79
619,75,A1,116.93,28.26,39,7.50,700.00,1337,C,Cropland,LC,tiol Field Observation and Research Station of Shenyang Agro-ecosystems,,,10.50,1.06,0.2,9.90,236.50 ,66.71 ,3.55 ,5.38,13.00,66.37,20.67
620,76,A1,10.12,33.53,304,26.00,186.00,2305,B,Forest,GC,"Gulf of Gabes, Tunisia",16.40,316.60,19.26,1.70,0.8,11.33,56.54 ,63.25 ,0.89 ,7.78,26,56,17
621,76,A1,10.12,33.53,304,26.00,186.00,2305,B,Forest,GC,"Gulf of Gabes, Tunisia",17.00,252.00,19.18,1.40,0.8,13.70,56.54 ,63.25 ,0.89 ,7.92,26,56,17
622,76,A1,10.12,33.53,304,26.00,186.00,2305,B,Desert,GC,"Gulf of Gabes, Tunisia",5.00,71.50,5.10,1.05,0.8,4.86,56.54 ,63.25 ,0.89 ,7.55,26,56,17
623,76,A1,8.52,33.40,20,24.50,74.00,2743,B,Forest,GC,"Guettaya, Tunisia",14.40,194.20,18.08,1.06,0.7,17.06,271.40 ,36.79 ,7.38 ,7.60,5,90,5
624,76,A1,8.52,33.40,20,24.50,74.00,2743,B,Forest,GC,"Guettaya, Tunisia",10.20,134.60,9.56,1.14,0.7,8.39,271.40 ,36.79 ,7.38 ,7.58,5,90,5
625,76,A1,8.52,33.40,20,24.50,74.00,2743,B,Desert,GC,"Guettaya, Tunisia",3.00,54.50,10.20,1.05,0.7,9.71,271.40 ,36.79 ,7.38 ,7.95,5,90,5
626,77,A1,116.93,28.26,39,17.60,1795.00,1337,C,Cropland,GC,"Red Soil Ecology Experimental Station, Yujiang County, Jiangxi Province",19.10,224.00,5.69,0.59,0.2,9.64,56.80,66.71 ,0.85 ,4.96,25.60,33.20,41.20
627,77,A1,116.93,28.26,39,17.60,1795.00,1337,C,Cropland,GC,"Red Soil Ecology Experimental Station, Yujiang County, Jiangxi Province",20.50,263.00,6.44,0.70,0.2,9.20,80.50,66.71 ,1.21 ,5.20,25.60,33.20,41.20
628,77,A1,116.93,28.26,39,17.60,1795.00,1337,C,Cropland,GC,"Red Soil Ecology Experimental Station, Yujiang County, Jiangxi Province",19.40,247.30,6.32,0.72,0.2,8.78,83.20,66.71 ,1.25 ,6.59,25.60,33.20,41.20
629,77,A1,116.93,28.26,39,17.60,1795.00,1337,C,Cropland,GC,"Red Soil Ecology Experimental Station, Yujiang County, Jiangxi Province",22.70,275.90,6.62,0.78,0.2,8.49,115.40,66.71 ,1.73 ,5.13,25.60,33.20,41.20
630,77,A1,116.93,28.26,39,17.60,1795.00,1337,C,Cropland,GC,"Red Soil Ecology Experimental Station, Yujiang County, Jiangxi Province",23.70,298.90,7.13,0.82,0.2,8.70,128.40,66.71 ,1.92 ,5.16,25.60,33.20,41.20
631,77,A1,116.93,28.26,39,17.60,1795.00,1337,C,Cropland,GC,"Red Soil Ecology Experimental Station, Yujiang County, Jiangxi Province",23.60,286.30,6.76,0.82,0.2,8.24,132.10,66.71 ,1.98 ,5.17,25.60,33.20,41.20
632,77,A1,116.93,28.26,39,17.60,1795.00,1337,C,Cropland,GC,"Red Soil Ecology Experimental Station, Yujiang County, Jiangxi Province",23.00,319.80,8.21,0.85,0.2,9.66,118.50,66.71 ,1.78 ,5.57,25.60,33.20,41.20
633,78,A1,107.88,35.28,1200.00 ,9.20,548.00,1211,D,Cropland,LC,Changwu Agricultural and Ecological Experimental Station,32.31,449.94,8.68,1.02,0.5,8.51,77.03,13.85,5.56 ,7.92,13.00,72.00,15.00
634,78,A1,107.88,35.28,1200,9.20,548.00,1211,D,Cropland,LC,Changwu Agricultural and Ecological Experimental Station,28.57,352.38,7.99,0.98,0.5,8.15,66.16,8.18,8.09 ,8.23,13.00,72.00,15.00
635,78,A1,107.88,35.28,1200.00 ,9.20,548.00,1211,D,Cropland,LC,Changwu Agricultural and Ecological Experimental Station,24.98,356.90,7.86,1.04,0.5,7.56,77.33,24.40,3.17 ,7.81,13.00,72.00,15.00
636,78,A1,107.88,35.28,1200,9.20,548.00,1211,D,Cropland,LC,Changwu Agricultural and Ecological Experimental Station,23.81,319.05,7.52,0.93,0.5,8.09,66.87,21.52,3.11 ,8.21,13.00,72.00,15.00
637,78,A1,107.88,35.28,1200.00 ,9.20,548.00,1211,D,Cropland,LC,Changwu Agricultural and Ecological Experimental Station,46.25,561.00,12.87,1.60,0.5,8.04,87.41,41.43,2.11 ,7.32,13.00,72.00,15.00
638,78,A1,107.88,35.28,1200,9.20,548.00,1211,D,Cropland,LC,Changwu Agricultural and Ecological Experimental Station,42.86,485.71,11.69,1.30,0.5,8.99,69.89,33.36,2.10 ,8.06,13.00,72.00,15.00
639,79,A1,128.15,42.15,850.00 ,2.90,700.00,864,D,Forest,GC,Changbai Mountain tiol ture Reserve,223.59,5395.76,139.09,7.49,1.2,18.56,243.31 ,47.02 ,5.17 ,5.8,40,43,17
640,79,A1,128.15,42.15,850.00 ,2.90,700.00,864,D,Forest,GC,Changbai Mountain tiol ture Reserve,301.53,6797.56,167.00,10.06,1.2,16.60,243.31 ,47.02 ,5.17 ,5.8,40,43,17
641,79,A1,128.15,42.15,850.00 ,2.90,700.00,864,D,Forest,GC,Changbai Mountain tiol ture Reserve,308.61,7334.95,189.75,11.01,1.2,17.23,243.31 ,47.02 ,5.17 ,5.8,40,43,17
642,79,A1,128.15,42.15,850.00 ,2.90,700.00,864,D,Forest,GC,Changbai Mountain tiol ture Reserve,314.54,7536.74,190.39,10.61,1.2,17.95,243.31 ,47.02 ,5.17 ,5.8,40,43,17
643,79,A1,128.15,42.15,850.00 ,2.90,700.00,864,D,Forest,GC,Changbai Mountain tiol ture Reserve,285.34,6337.80,176.01,10.23,1.2,17.21,243.31 ,47.02 ,5.17 ,5.8,40,43,17
644,80,A1,12.96,47.05,1300,1.90,1850.00,532,E,Grassland,LC,"Mt. Sonnblick, north of Innsbruck (Austria)",,5190.00,162.00,12.23,0.7,13.25,221.35 ,25.00 ,8.86 ,4.80,52.50,40.50,8.50
645,80,A1,12.96,47.05,1600,3.80,1480.00,532,E,Forest,LC,"Mt. Sonnblick, north of Innsbruck (Austria)",162.00,3300.00,97.00,5.19,0.7,18.70,221.35 ,25.00 ,8.86 ,4.30,52.50,40.50,8.50
646,80,A1,12.96,47.05,2100,5.90,1067.00,532,E,Forest,LC,"Mt. Sonnblick, north of Innsbruck (Austria)",222.00,3110.00,93.00,5.01,0.7,18.56,221.35 ,25.00 ,8.86 ,4.50,52.50,40.50,8.50
647,81,A1,108.28,15.14,485,19.45,1422.00,1579,A,Cropland,GC,"Guangxi Zhuang Autonomous Region, southwest Chi",38.59,672.20,14.14,1.70,0.6,8.32,529.42,37.72,14.04 ,7.03,30,40,28
648,81,A1,108.28,15.14,485,19.45,1422.00,1579,A,Cropland,GC,"Guangxi Zhuang Autonomous Region, southwest Chi",57.31,829.88,17.56,1.90,0.6,9.24,549.08,33.36,16.46 ,5.99,30,40,28
649,81,A1,108.28,15.14,485,19.45,1422.00,1579,A,Cropland,GC,"Guangxi Zhuang Autonomous Region, southwest Chi",46.10,639.00,16.47,2.01,0.6,8.19,454.50,37.27,12.19 ,6.13,30,40,28
650,81,A1,108.28,15.14,485,19.45,1422.00,1579,A,Cropland,GC,"Guangxi Zhuang Autonomous Region, southwest Chi",61.50,1136.93,29.42,2.58,0.6,11.40,1041.00,91.14,11.42 ,7.15,30,40,28
651,81,A1,108.28,15.14,485,19.45,1422.00,1579,A,Forest,GC,"Guangxi Zhuang Autonomous Region, southwest Chi",120.97,2074.69,61.52,3.84,0.6,16.02,2405.75,175.40,13.72 ,7.33,30,40,28
652,82,A1,111.42,33.47,732,15.10,894.00,1244,C,Forest,GC,"Baotianman ture Reserve, Hen Province, Central Chi",268.86,2090.67,41.60,2.75,0.3,15.13,139.84 ,60.07 ,2.33 ,6.0,63,14,23
653,83,A1,126.53,45.80,117,4.10,556.00,1123,D,Forest,GC,Haerbin,38.00,783.00,27.60,2.11,0.8,13.08,253.64 ,81.89 ,3.10 ,6.91,25.20,66.90,7.90
654,83,A1,117.28,34.21,35,14.90,694.00,1468,C,Forest,GC,Xuzhou,18.00,339.00,14.10,1.26,0.7,11.19,164.28 ,64.38 ,2.55 ,7.32,23.70,67.90,8.40
655,83,A1,112.97,28.20,54,18.30,1496.00,1161,C,Forest,GC,Changsha,57.00,711.00,27.30,2.89,0.3,9.45,181.90 ,57.22 ,3.18 ,5.27,23.90,69.40,6.70
656,83,A1,108.88,18.72,1066,24.20,1955.00,1413,A,Forest,GC,Jiangfengling,59.00,673.00,25.70,2.21,0.8,11.63,110.87 ,98.46 ,1.13 ,5.27,22.50,70.10,7.40
657,84,A1,117.36,26.19,315,19.10,1750.00,1342,C,Forest,GC,"Sanming, Chi",98.00,1442.00,51.80,2.75,0.3,18.84,124.17 ,50.72 ,2.45 ,4.08,16.40,37.30,46.30
658,84,A1,117.36,26.19,315,19.10,1750.00,1342,C,Forest,GC,"Sanming, Chi",58.00,898.00,30.00,1.91,0.3,15.71,124.17 ,50.72 ,2.45 ,4.44,15.20,34.90,50.00
659,84,A1,117.36,26.19,301,19.10,1750.00,1342,C,Forest,GC,"Sanming, Chi",52.00,581.00,18.60,1.13,0.3,16.46,124.17 ,50.72 ,2.45 ,4.47,11.10,39.00,50.00
660,84,A1,117.36,26.19,303,19.10,1750.00,1342,C,Forest,GC,"Sanming, Chi",61.00,712.00,20.90,1.29,0.3,16.20,124.17 ,50.72 ,2.45 ,4.52,12.30,37.50,50.30
661,84,A1,117.36,26.19,315,19.10,1750.00,1342,C,Forest,GC,"Sanming, Chi",85.00,671.00,27.00,1.47,0.3,18.37,124.17 ,50.72 ,2.45 ,4.10,16.30,40.60,43.10
662,84,A1,117.36,26.19,315,19.10,1750.00,1342,C,Forest,GC,"Sanming, Chi",42.00,298.00,12.70,1.06,0.3,11.98,124.17 ,50.72 ,2.45 ,4.28,17.50,36.60,45.80
663,84,A1,117.36,26.19,301,19.10,1750.00,1342,C,Forest,GC,"Sanming, Chi",35.00,262.00,10.70,0.75,0.3,14.27,124.17 ,50.72 ,2.45 ,4.39,13.30,40.80,45.80
664,84,A1,117.36,26.19,303,19.10,1750.00,1342,C,Forest,GC,"Sanming, Chi",44.00,309.00,11.70,0.86,0.3,13.60,124.17 ,50.72 ,2.45 ,4.35,16.60,41.10,42.40
665,85,A1,115.43,39.97,1400,5.40,500.00,1398,B,Forest,GC,Mt. Dongling,114.38,2910.71,67.20,5.18,0.5,12.97,123.81 ,78.47 ,1.58 ,7.08,49.00,46.00,5.00
666,85,A1,115.42,39.95,1250,5.70,507.00,1370,B,Forest,GC,Mt. Dongling,83.28,1969.70,42.10,2.98,0.5,14.13,123.81 ,78.47 ,1.58 ,6.53,52.00,42.00,6.00
667,86,A1,92.93,34.85,4668,-3.80,383.00,973,E,Grassland,GC,Beiluhe Observation and Research Station,67.20,853.00,22.50,1.57,0.4,14.33,67.00 ,103.91 ,0.64 ,8.58,40,48,12
668,86,A1,92.93,34.85,4668,-3.80,383.00,973,E,Grassland,GC,Beiluhe Observation and Research Station,47.75,383.00,13.79,0.96,0.4,14.36,67.00 ,103.91 ,0.64 ,8.57,40,48,12
669,87,A1,125.27,48.97,315,3.30,525.00,994,D,Grassland,GC,"Keshan Farm, in Heilongjiang province of northeastern Chi",111.40,1955.15,35.61,2.85,0.9,12.50,227.24 ,99.50 ,2.28 ,6.42,40.50,25.30,34.10
670,87,A1,125.28,48.98,350,3.30,525.00,989,D,Grassland,GC,"Keshan Farm, in Heilongjiang province of northeastern Chi",77.41,1548.58,25.37,1.85,0.4,13.72,227.24 ,99.50 ,2.28 ,6.50,32.90,30.80,35.60
671,87,A1,125.30,49.00,317,3.30,525.00,990,D,Grassland,GC,"Keshan Farm, in Heilongjiang province of northeastern Chi",48.90,1092.79,15.62,1.22,0.4,12.80,164.15 ,106.63 ,1.54 ,6.59,30.60,33.60,35.20
672,87,A1,125.32,49.02,328,3.30,525.00,989,D,Grassland,GC,"Keshan Farm, in Heilongjiang province of northeastern Chi",29.93,676.60,10.37,0.83,0.4,12.50,164.15 ,106.63 ,1.54 ,6.67,31.10,30.60,37.80
673,87,A1,125.33,49.03,373,3.30,525.00,989,D,Cropland,GC,"Keshan Farm, in Heilongjiang province of northeastern Chi",100.30,1501.82,30.44,2.41,0.4,12.63,164.15 ,106.63 ,1.54 ,6.25,38.80,25.20,35.60
674,87,A1,125.35,49.05,370,3.30,525.00,991,D,Cropland,GC,"Keshan Farm, in Heilongjiang province of northeastern Chi",71.77,1066.64,17.37,1.38,0.9,12.58,164.15 ,106.63 ,1.54 ,6.46,32.10,31.60,35.80
675,87,A1,125.37,49.07,330,3.30,525.00,988,D,Cropland,GC,"Keshan Farm, in Heilongjiang province of northeastern Chi",40.63,687.48,12.68,1.11,0.9,11.43,164.15 ,106.63 ,1.54 ,6.53,30.80,31.60,37.40
676,87,A1,125.38,49.08,309,3.30,525.00,992,D,Cropland,GC,"Keshan Farm, in Heilongjiang province of northeastern Chi",23.06,505.50,9.27,0.82,0.9,11.30,164.15 ,106.63 ,1.54 ,6.55,28.40,33.70,38.10
677,89,A1,124.80,43.50,207,5.50,575.00,1169,D,Cropland,LC,"Gongzhuling, Jilin Province, Chi",45.39,510.83,18.20,1.42,1.2,12.82,36.20,72.27 ,0.50 ,7.73,48,34,18
678,89,A1,124.80,43.50,207,5.50,575.00,1169,D,Cropland,LC,"Gongzhuling, Jilin Province, Chi",63.49,610.24,19.10,1.53,1.2,12.48,94.40,72.27 ,1.31 ,7.61,48,34,18
679,89,A1,124.80,43.50,207,5.50,575.00,1169,D,Cropland,LC,"Gongzhuling, Jilin Province, Chi",85.39,939.91,23.80,1.93,1.2,12.33,136.50,72.27 ,1.89 ,7.56,48,34,18
680,89,A1,124.80,43.50,207,5.50,575.00,1169,D,Cropland,LC,"Gongzhuling, Jilin Province, Chi",99.71,999.93,25.60,2.13,1.2,12.02,158.90,72.27 ,2.20 ,7.75,48,34,18
681,89,A1,124.80,43.50,207,5.50,575.00,1169,D,Cropland,LC,"Gongzhuling, Jilin Province, Chi",89.29,1011.11,29.50,2.72,1.2,10.85,225.70,72.27 ,3.12 ,7.79,48,34,18
682,89,A1,124.80,43.50,207,5.50,575.00,1169,D,Cropland,LC,"Gongzhuling, Jilin Province, Chi",106.14,1085.66,31.10,2.94,1.2,10.58,233.70,72.27 ,3.23 ,7.64,48,34,18
683,90,A1,101.20,37.62,3220,-1.20,489.00,1022,D,Grassland,GC,Haibei Alpine grassland Ecosystem Research Station,186.00,3363.00,66.70,6.75,0.5,9.88,216.42 ,115.02 ,1.88 ,7.21,46,38,16
684,90,A1,101.20,37.62,3220,-1.20,489.00,1022,D,Grassland,GC,Haibei Alpine grassland Ecosystem Research Station,174.00,3742.00,59.90,6.08,0.5,9.85,216.42 ,115.02 ,1.88 ,7.11,46,38,16
685,90,A1,101.20,37.62,3220,-1.20,489.00,1022,D,Grassland,GC,Haibei Alpine grassland Ecosystem Research Station,153.00,3569.00,57.80,5.93,0.5,9.75,216.42 ,115.02 ,1.88 ,7.57,46,38,16
686,90,A1,101.20,37.62,3220,-1.20,489.00,1022,D,Grassland,GC,Haibei Alpine grassland Ecosystem Research Station,159.00,4054.00,61.70,6.10,0.5,10.11,216.42 ,115.02 ,1.88 ,7.13,46,38,16
687,88,A1,100.75,33.10,3500,2.20,672.00,906,D,Grassland,GC,"Maqu county, Gansu province, Chi",202.30,4867.10,119.00,7.20,0.6,16.53,171.04,110.25 ,1.55 ,6.07,44,47,9
688,88,A1,100.75,33.10,3500,2.20,672.00,906,D,Grassland,GC,"Maqu county, Gansu province, Chi",102.00,2380.00,68.00,4.20,0.6,16.19,497.66,110.25 ,4.51 ,6.13,44,47,9
689,88,A1,100.75,33.10,3500,2.20,672.00,906,D,Grassland,GC,"Maqu county, Gansu province, Chi",55.00,1440.00,50.00,3.00,0.6,16.67,821.03,110.25 ,7.45 ,6.32,44,47,9
690,88,A1,100.75,33.10,3500,2.20,672.00,906,D,Wetland,GC,"Maqu county, Gansu province, Chi",279.00,4315.20,186.00,8.10,0.6,22.96,163.15,110.25 ,1.48 ,6.06,44,47,9
691,88,A1,100.75,33.10,3500,2.20,672.00,906,D,Wetland,GC,"Maqu county, Gansu province, Chi",479.40,3412.20,282.00,8.80,0.6,32.05,498.19,110.25 ,4.52 ,5.91,44,47,9
692,88,A1,100.75,33.10,3500,2.20,672.00,906,D,Wetland,GC,"Maqu county, Gansu province, Chi",339.00,3559.50,339.00,8.70,0.6,38.97,832.80,110.25 ,7.55 ,5.86,44,47,9
693,88,A1,100.75,33.10,3500,2.20,672.00,906,D,Grassland,GC,"Maqu county, Gansu province, Chi",138.70,3547.80,73.00,4.90,0.6,14.90,167.63,110.25 ,1.52 ,6.23,44,47,9
694,88,A1,100.75,33.10,3500,2.20,672.00,906,D,Grassland,GC,"Maqu county, Gansu province, Chi",48.00,1084.80,24.00,1.80,0.6,13.33,497.11,110.25 ,4.51 ,6.39,44,47,9
695,88,A1,100.75,33.10,3500,2.20,672.00,906,D,Grassland,GC,"Maqu county, Gansu province, Chi",34.00,666.40,17.00,1.20,0.6,14.17,832.37,110.25 ,7.55 ,6.60,44,47,9
696,88,A1,100.75,33.10,3500,2.20,672.00,906,D,Wetland,GC,"Maqu county, Gansu province, Chi",339.90,6489.00,309.00,10.10,0.6,30.59,167.63,110.25 ,1.52 ,5.49,44,47,9
697,88,A1,100.75,33.10,3500,2.20,672.00,906,D,Wetland,GC,"Maqu county, Gansu province, Chi",224.40,2898.50,187.00,8.30,0.6,22.53,491.33,110.25 ,4.46 ,5.59,44,47,9
698,88,A1,100.75,33.10,3500,2.20,672.00,906,D,Wetland,GC,"Maqu county, Gansu province, Chi",289.50,2740.60,193.00,8.40,0.6,22.98,832.37,110.25 ,7.55 ,5.60,44,47,9
699,91,A1,108.83,18.62,125,20.00,2200.00,1674,A,Forest,GC,Jiangfenglin,79.27,1473.08,25.87,2.07,0.3,12.50,110.87 ,98.46 ,1.13 ,4.41,46,36,18
700,92,A1,108.88,18.72,870,24.70,2265.00,1413,A,Forest,GC,JFL,64.79,1304.29,21.50,1.70,0.8,12.65,110.87 ,98.46 ,1.13 ,4.41,44,32,16.66
701,92,A1,108.88,18.72,870,24.70,2265.00,1413,A,Forest,GC,JFL,79.51,1467.70,25.90,2.10,0.8,12.33,110.87 ,98.46 ,1.13 ,4.49,44,32,9.04
702,92,A1,117.95,27.65,700,18.00,1889.00,1330,C,Forest,GC,WYS,104.54,1473.98,32.50,2.20,0.3,14.77,145.69 ,49.60 ,2.94 ,4.62,48,12,11.17
703,92,A1,117.35,30.02,375,9.20,1650.00,1100,C,Forest,GC,GNJ,123.68,1519.23,45.10,3.20,0.5,14.09,198.85 ,59.02 ,3.37 ,4.53,40,15,13.11
704,92,A1,115.43,39.97,1300,5.40,505.00,1398,B,Forest,GC,DLS,85.40,2038.16,41.20,3.40,0.5,12.12,123.81 ,78.47 ,1.58 ,6.53,40,48,5.47
705,92,A1,115.43,39.97,1300,5.40,505.00,1398,B,Forest,GC,DLS,116.32,2951.90,65.70,5.20,0.5,12.63,123.81 ,78.47 ,1.58 ,6.53,40,48,5.00
706,92,A1,129.18,48.12,350,-0.50,654.00,946,D,Forest,GC,WY,135.46,3747.41,92.40,6.60,0.7,14.00,267.85 ,47.10 ,5.69 ,5.50,42,43,6.82
707,92,A1,121.50,50.93,825,-5.40,481.00,789,D,Forest,GC,GH,175.21,6161.17,377.80,14.70,1.2,25.70,280.77 ,44.04 ,6.38 ,4.70,44,37,19
708,93,A1,112.53,23.17,275,20.41,1833.00,1285,C,Forest,GC,Sub_Forest,76.25,929.46,38.45,2.84,0.2,13.54,224.12 ,66.63 ,3.36 ,3.82,36,21,43
709,93,A1,111.41,21.84,833,18.65,2102.00,1288,C,Grassland,GC,Sub_Grassland,77.50,1361.00,37.66,4.02,0.3,9.37,191.07 ,59.19 ,3.23 ,4.83,39,17,43
710,93,A1,113.21,23.10,2,22.47,1731.00,1246,C,Cropland,GC,Sub_Arable,70.00,564.32,33.08,3.40,0.6,9.73,165.02 ,64.63 ,2.55 ,5.67,37,46,17
711,93,A1,128.05,42.23,1021,1.78,711.00,894,D,Forest,GC,Temp_Forest,132.50,5510.37,98.11,6.83,1.4,14.36,243.31 ,47.02 ,5.17 ,5.82,46,35,19
712,93,A1,119.55,49.19,681,-1.47,338.00,978,D,Grassland,GC,Temp_Grassland,198.75,2556.02,34.50,3.61,0.8,9.56,174.55 ,103.48 ,1.69 ,6.29,44,36,20
713,93,A1,126.55,47.27,165,2.53,519.00,1049,D,Cropland,GC,Temp_Arable,112.50,1029.05,27.52,1.92,0.4,14.33,248.78 ,85.80 ,2.90 ,6.15,42,37,21
714,94,A1,-89.38,43.28,307,7.38,842.00,1065,D,Cropland,GC,Arlington Agricultural Research Station,83.00,1330.00,20.53,1.74,0.5,11.79,150.11 ,90.12 ,1.67 ,6.7,58,21,20
715,94,A1,-89.38,43.28,307,7.38,842.00,1065,D,Cropland,GC,Arlington Agricultural Research Station,88.00,1427.00,22.55,1.98,0.5,11.41,150.11 ,90.12 ,1.67 ,6.7,58,21,20
716,94,A1,-89.38,43.28,307,7.38,842.00,1065,D,Cropland,GC,Arlington Agricultural Research Station,92.00,1467.00,22.18,1.98,0.5,11.20,150.11 ,90.12 ,1.67 ,6.7,58,21,20
717,94,A1,-89.38,43.28,307,7.38,842.00,1065,D,Cropland,GC,Arlington Agricultural Research Station,98.00,1383.00,17.56,1.49,0.5,11.82,150.11 ,90.12 ,1.67 ,6.7,58,21,20
718,94,A1,-89.38,43.28,307,7.38,842.00,1065,D,Cropland,GC,Arlington Agricultural Research Station,104.00,1339.00,18.68,1.61,0.5,11.61,150.11 ,90.12 ,1.67 ,6.7,58,21,20
719,94,A1,-89.38,43.28,307,7.38,842.00,1065,D,Cropland,GC,Arlington Agricultural Research Station,89.00,1356.00,17.26,1.54,0.5,11.18,150.11 ,90.12 ,1.67 ,6.7,58,21,20
720,94,A1,-89.38,43.28,307,7.38,842.00,1065,D,Cropland,GC,Arlington Agricultural Research Station,84.00,903.00,8.77,0.97,0.5,9.08,150.11 ,90.12 ,1.67 ,6.7,58,21,20
721,94,A1,-89.38,43.28,307,7.38,842.00,1065,D,Cropland,GC,Arlington Agricultural Research Station,77.00,928.00,9.43,1.06,0.5,8.90,150.11 ,90.12 ,1.67 ,6.7,58,21,20
722,94,A1,-89.38,43.28,307,7.38,842.00,1065,D,Cropland,GC,Arlington Agricultural Research Station,77.00,860.00,8.37,0.97,0.5,8.62,150.11 ,90.12 ,1.67 ,6.7,58,21,20
723,94,A1,-89.38,43.28,307,7.38,842.00,1065,D,Cropland,GC,Arlington Agricultural Research Station,59.00,694.00,6.12,0.74,0.5,8.31,150.11 ,90.12 ,1.67 ,6.7,58,21,20
724,94,A1,-89.38,43.28,307,7.38,842.00,1065,D,Cropland,GC,Arlington Agricultural Research Station,55.00,786.00,6.96,0.85,0.5,8.21,150.11 ,90.12 ,1.67 ,6.7,58,21,20
725,94,A1,-89.38,43.28,307,7.38,842.00,1065,D,Cropland,GC,Arlington Agricultural Research Station,66.00,724.00,6.31,0.78,0.5,8.11,150.11 ,90.12 ,1.67 ,6.7,58,21,20
726,95,A1,117.48,27.73,630,16.40,1825.00,1266,C,Forest,GC,"Wuyishan tiol Park, Fujian Province, Chi",59.95,884.42,37.00,2.30,0.3,16.09,121.08 ,51.97 ,2.33 ,4.96,64.60,25.10,10.30
727,95,A1,117.48,27.73,1050,15.20,2561.00,1266,C,Forest,GC,"Wuyishan tiol Park, Fujian Province, Chi",67.67,1240.22,54.50,2.60,0.3,20.96,121.08 ,51.97 ,2.33 ,4.42,60.40,27.00,12.60
728,95,A1,117.48,27.73,1450,12.40,2675.00,1266,C,Forest,GC,"Wuyishan tiol Park, Fujian Province, Chi",78.90,1677.05,72.50,3.50,0.3,20.71,121.08 ,51.97 ,2.33 ,4.78,39.60,47.80,12.60
729,95,A1,117.48,27.73,1850,10.70,2942.00,1266,C,Forest,GC,"Wuyishan tiol Park, Fujian Province, Chi",68.08,1313.23,62.90,4.90,0.3,12.84,121.08 ,51.97 ,2.33 ,4.43,43.30,41.10,15.00
730,96,A1,124.23,43.32,144,6.90,614.00,1236,D,Cropland,GC,"Lishu Conversation Tillage Research, Jilin Province, Northeast Chi",,,13.92,1.38,0.5,10.05,212.67 ,80.03 ,2.66 ,6.6,51,25,24
731,96,A1,124.23,43.32,144,6.90,614.00,1236,D,Cropland,GC,"Lishu Conversation Tillage Research, Jilin Province, Northeast Chi",,,15.18,1.50,0.5,10.10,212.67 ,80.03 ,2.66 ,6.6,51,25,24
732,96,A1,124.23,43.32,144,6.90,614.00,1236,D,Cropland,GC,"Lishu Conversation Tillage Research, Jilin Province, Northeast Chi",,,14.40,1.46,0.5,9.86,212.67 ,80.03 ,2.66 ,6.6,51,25,24
733,96,A1,124.23,43.32,144,6.90,614.00,1236,D,Cropland,GC,"Lishu Conversation Tillage Research, Jilin Province, Northeast Chi",,,15.75,1.52,0.5,10.35,212.67 ,80.03 ,2.66 ,6.6,51,25,24
734,96,A1,124.23,43.32,144,6.90,614.00,1236,D,Cropland,GC,"Lishu Conversation Tillage Research, Jilin Province, Northeast Chi",,,10.43,1.00,0.5,10.43,212.67 ,80.03 ,2.66 ,6.6,51,25,24
735,96,A1,124.23,43.32,144,6.90,614.00,1236,D,Cropland,GC,"Lishu Conversation Tillage Research, Jilin Province, Northeast Chi",,,10.47,1.06,0.5,9.88,212.67 ,80.03 ,2.66 ,6.6,51,25,24
736,96,A1,124.23,43.32,144,6.90,614.00,1236,D,Cropland,GC,"Lishu Conversation Tillage Research, Jilin Province, Northeast Chi",,,9.66,1.00,0.5,9.66,212.67 ,80.03 ,2.66 ,6.6,51,25,24
737,96,A1,124.23,43.32,144,6.90,614.00,1236,D,Cropland,GC,"Lishu Conversation Tillage Research, Jilin Province, Northeast Chi",,,9.14,0.99,0.5,9.23,212.67 ,80.03 ,2.66 ,6.6,51,25,24
738,97,A1,47.57,15.05,900,6.20,1178.00,2801,B,Forest,GC,Hochschwab,250.00,10756.59,487.00,20.72,0.7,23.50,643.00,58.45,11.00 ,4.90,30,51,18
739,97,A1,47.57,15.05,1300,4.15,1451.50,2801,B,Forest,GC,Hochschwab,250.00,10856.59,374.00,15.45,0.7,24.20,641.00,89.03,7.20 ,6.70,30,51,18
740,97,A1,47.57,15.05,1900,2.10,1725.00,2801,B,Grassland,GC,Hochschwab,340.00,9384.96,372.00,25.14,0.7,14.80,624.00,78.00,8.00 ,6.50,30,51,18
741,97,A1,47.07,13.00,1300,5.90,1067.00,3243,B,Forest,GC,Rauris,200.00,4785.27,105.00,5.68,0.6,18.50,168.00,32.94,5.10 ,4.40,38,43,19
742,97,A1,47.07,13.00,1600,3.90,1458.50,3243,B,Forest,GC,Rauris,170.00,4842.48,117.00,6.09,0.6,19.20,182.00,33.70,5.40 ,4.70,38,43,19
743,97,A1,47.07,13.00,2100,1.90,1850.00,3243,B,Grassland,GC,Rauris,220.00,4413.80,177.00,10.35,0.6,17.10,383.00,75.10,5.10 ,4.80,38,43,19
744,98,A1,105.77,26.26,1374,15.10,1315.00,1104,C,Cropland,GC,"Puding Karst Critical ZoneObservatory (CZO) in Guizhou Province, southwest Chi",48.58,266.68,24.61,2.51,0.5,9.80,120.16 ,83.39 ,1.44 ,6.77,47,29,23
745,98,A1,105.77,26.26,1374,15.10,1315.00,1104,C,Cropland,GC,"Puding Karst Critical ZoneObservatory (CZO) in Guizhou Province, southwest Chi",31.05,161.09,21.03,2.08,0.5,10.09,120.16 ,83.39 ,1.44 ,6.92,47,29,23
746,98,A1,105.77,26.26,1374,15.10,1315.00,1104,C,Cropland,GC,"Puding Karst Critical ZoneObservatory (CZO) in Guizhou Province, southwest Chi",24.54,113.61,11.99,1.49,0.5,8.07,120.16 ,83.39 ,1.44 ,7.20,47,29,23
747,98,A1,105.77,26.26,1374,15.10,1315.00,1104,C,Cropland,GC,"Puding Karst Critical ZoneObservatory (CZO) in Guizhou Province, southwest Chi",31.55,172.29,8.10,1.49,0.5,5.45,120.16 ,83.39 ,1.44 ,7.12,47,29,23
748,98,A1,105.77,26.26,1374,15.10,1315.00,1104,C,Cropland,GC,"Puding Karst Critical ZoneObservatory (CZO) in Guizhou Province, southwest Chi",126.21,503.07,30.37,3.04,0.5,9.99,120.16 ,83.39 ,1.44 ,7.17,47,29,23
749,98,A1,105.77,26.26,1374,15.10,1315.00,1104,C,Cropland,GC,"Puding Karst Critical ZoneObservatory (CZO) in Guizhou Province, southwest Chi",71.12,331.38,27.26,2.65,0.5,10.30,120.16 ,83.39 ,1.44 ,7.33,47,29,23
750,98,A1,105.77,26.26,1374,15.10,1315.00,1104,C,Cropland,GC,"Puding Karst Critical ZoneObservatory (CZO) in Guizhou Province, southwest Chi",53.59,245.82,24.14,2.43,0.5,9.96,120.16 ,83.39 ,1.44 ,7.38,47,29,23
751,98,A1,105.77,26.26,1374,15.10,1315.00,1104,C,Cropland,GC,"Puding Karst Critical ZoneObservatory (CZO) in Guizhou Province, southwest Chi",156.26,953.82,46.41,4.51,0.5,10.29,120.16 ,83.39 ,1.44 ,6.84,47,29,23
752,98,A1,105.77,26.26,1374,15.10,1315.00,1104,C,Cropland,GC,"Puding Karst Critical ZoneObservatory (CZO) in Guizhou Province, southwest Chi",135.73,689.96,35.67,3.11,0.5,11.48,120.16 ,83.39 ,1.44 ,6.72,47,29,23
753,98,A1,105.77,26.26,1374,15.10,1315.00,1104,C,Cropland,GC,"Puding Karst Critical ZoneObservatory (CZO) in Guizhou Province, southwest Chi",75.63,287.90,20.56,2.03,0.5,10.12,120.16 ,83.39 ,1.44 ,7.10,47,29,23
754,98,A1,105.77,26.26,1374,15.10,1315.00,1104,C,Forest,GC,"Puding Karst Critical ZoneObservatory (CZO) in Guizhou Province, southwest Chi",202.34,1094.06,65.10,4.46,0.5,14.61,120.16 ,83.39 ,1.44 ,6.95,47,29,23
755,98,A1,105.77,26.26,1374,15.10,1315.00,1104,C,Forest,GC,"Puding Karst Critical ZoneObservatory (CZO) in Guizhou Province, southwest Chi",188.81,854.25,50.78,4.41,0.5,11.52,120.16 ,83.39 ,1.44 ,6.96,47,29,23
756,98,A1,105.77,26.26,1374,15.10,1315.00,1104,C,Forest,GC,"Puding Karst Critical ZoneObservatory (CZO) in Guizhou Province, southwest Chi",87.15,345.98,27.41,2.66,0.5,10.29,120.16 ,83.39 ,1.44 ,7.12,47,29,23
757,98,A1,105.77,26.26,1374,15.10,1315.00,1104,C,Forest,GC,"Puding Karst Critical ZoneObservatory (CZO) in Guizhou Province, southwest Chi",50.08,172.28,15.26,1.76,0.5,8.68,120.16 ,83.39 ,1.44 ,7.69,47,29,23
758,98,A1,105.77,26.26,1462,15.10,1315.00,1104,C,Forest,GC,"Puding Karst Critical ZoneObservatory (CZO) in Guizhou Province, southwest Chi",217.86,1106.08,77.88,7.31,0.5,10.65,120.16 ,83.39 ,1.44 ,6.62,47,29,23
759,98,A1,105.77,26.26,1462,15.10,1315.00,1104,C,Forest,GC,"Puding Karst Critical ZoneObservatory (CZO) in Guizhou Province, southwest Chi",163.27,659.92,47.66,4.59,0.5,10.37,120.16 ,83.39 ,1.44 ,7.10,47,29,23
760,98,A1,105.77,26.26,1462,15.10,1315.00,1104,C,Forest,GC,"Puding Karst Critical ZoneObservatory (CZO) in Guizhou Province, southwest Chi",135.23,518.28,35.51,3.76,0.5,9.45,120.16 ,83.39 ,1.44 ,7.22,47,29,23
761,98,A1,105.77,26.26,1462,15.10,1315.00,1104,C,Forest,GC,"Puding Karst Critical ZoneObservatory (CZO) in Guizhou Province, southwest Chi",74.12,232.40,21.49,3.67,0.5,5.85,120.16 ,83.39 ,1.44 ,7.10,47,29,23
762,98,A1,101.25,21.90,641,22.00,1550.00,1491,C,Forest,GC,Xishuangban ture re- serves,89.51,1333.24,21.20,1.70,0.1,12.47,199.09 ,66.87 ,2.98 ,4.50,37,45,18
763,98,A1,101.25,21.90,641,22.00,1550.00,1491,C,Forest,GC,Xishuangban ture re- serves,149.76,2122.62,29.30,2.70,0.1,10.85,199.09 ,66.87 ,2.98 ,4.40,37,45,18
764,100,A1,90.08,30.85,4333,1.30,477.00,1053,D,Grassland,GC,"Damxung Grassland Station, Tibetan Plateau
",53.29,786.13,18.60,1.92,0.6,9.70,249.19 ,94.15 ,2.65 ,6.90,67.00,18.00,15.00
765,101,A1,124.67,43.60,206,5.29,575.00,1183,D,Cropland,GC,"Gongzhuling, Jilin Province of Chi",79.33,892.64,15.60,1.65,0.7,9.45,299.33 ,72.27 ,4.14 ,6.30,52,22,26
766,102,A1,123.57,41.82,53,7.97,680.00,1201,D,Cropland,LC,"Shenyang Experimental Ecology Station, Shenyang, Chi",56.20,520.00,10.50,0.90,0.4,11.67,157.76 ,83.32 ,1.89 ,6.00,51,27,21
767,103,A1,125.42,44.32,221,4.90,520.00,1188,D,Cropland,GC,"Dehui, Jilin, Chi",80.00,421.00,16.30,1.39,0.3,11.73,214.19 ,83.56 ,2.56 ,6.50,54,22,25
768,103,A1,125.42,44.32,221,4.90,520.00,1188,D,Cropland,GC,"Dehui, Jilin, Chi",115.67,744.00,16.30,1.39,0.3,11.73,214.19 ,83.56 ,2.56 ,6.50,54,22,25
769,104,A1,122.38,41.53,11,8.68,597.00,1302,D,Cropland,GC,"Shenyang Experimental Ecology Station, Shenyang, Chi",60.10,577.03,9.05,0.96,0.3,9.43,129.86 ,89.68 ,1.45 ,6.00,41,39,20
770,105,A1,124.67,43.60,65,5.29,575.00,1183,D,Cropland,GC,"Gongzhuling, Jilin Province of Chi",45.44,718.42,17.40,1.65,0.7,10.55,299.33 ,72.27 ,4.14 ,6.30,52,22,26
771,106,A1,124.67,43.50,180,5.30,589.00,1176,D,Cropland,LC,"Gongzhuling, Jilin Province of Chi",52.84,849.78,15.56,1.47,0.4,10.59,299.33 ,72.27 ,4.14 ,6.0,48,30,22
772,107,A1,124.23,43.32,144,5.80,577.00,1236,D,Cropland,LC,"Lishu Conversation Tillage Research, Jilin Province, Northeast Chi",40.31,484.15,11.30,1.20,0.5,9.42,212.67 ,80.03 ,2.66 ,7.10,24.80,47.70,27.50
773,108,A1,112.53,23.17,275,21.00,1927.00,1307,C,Forest,GC,"Dinghu Mountain ture Reserve, Guangdong Provience",69.10,920.90,30.17,2.10,0.2,14.35,224.12 ,66.63 ,3.36 ,5.2,43,28,29
774,108,A1,112.53,23.17,275,21.00,1927.00,1307,C,Forest,GC,"Dinghu Mountain ture Reserve, Guangdong Provience",48.90,458.70,10.53,0.90,0.2,11.67,224.12 ,66.63 ,3.36 ,5.2,43,28,29
775,108,A1,112.53,23.17,275,21.00,1927.00,1307,C,Forest,GC,"Dinghu Mountain ture Reserve, Guangdong Provience",33.70,265.80,7.92,0.82,0.2,9.61,224.12 ,66.63 ,3.36 ,5.2,43,28,29
776,108,A1,112.53,23.17,275,21.00,1927.00,1307,C,Forest,GC,"Dinghu Mountain ture Reserve, Guangdong Provience",24.40,196.90,5.32,0.63,0.2,8.44,224.12 ,66.63 ,3.36 ,5.2,43,28,29
777,108,A1,112.53,23.17,275,21.00,1927.00,1307,C,Forest,GC,"Dinghu Mountain ture Reserve, Guangdong Provience",78.80,1317.00,30.85,1.96,0.2,15.76,224.12 ,66.63 ,3.36 ,5.2,43,28,29
778,108,A1,112.53,23.17,275,21.00,1927.00,1307,C,Forest,GC,"Dinghu Mountain ture Reserve, Guangdong Provience",60.70,788.80,18.43,1.31,0.2,14.04,224.12 ,66.63 ,3.36 ,5.2,43,28,29
779,108,A1,112.53,23.17,275,21.00,1927.00,1307,C,Forest,GC,"Dinghu Mountain ture Reserve, Guangdong Provience",40.30,389.00,9.71,0.82,0.2,11.82,224.12 ,66.63 ,3.36 ,5.2,43,28,29
780,108,A1,112.53,23.17,275,21.00,1927.00,1307,C,Forest,GC,"Dinghu Mountain ture Reserve, Guangdong Provience",35.70,283.40,7.11,0.87,0.2,8.14,224.12 ,66.63 ,3.36 ,5.2,43,28,29
781,108,A1,112.53,23.17,275,21.00,1927.00,1307,C,Forest,GC,"Dinghu Mountain ture Reserve, Guangdong Provience",119.10,1324.10,34.86,2.34,0.2,14.88,224.12 ,66.63 ,3.36 ,5.2,43,28,29
782,108,A1,112.53,23.17,275,21.00,1927.00,1307,C,Forest,GC,"Dinghu Mountain ture Reserve, Guangdong Provience",121.10,897.40,20.41,1.48,0.2,13.81,224.12 ,66.63 ,3.36 ,5.2,43,28,29
783,108,A1,112.53,23.17,275,21.00,1927.00,1307,C,Forest,GC,"Dinghu Mountain ture Reserve, Guangdong Provience",85.70,488.90,10.76,1.00,0.2,10.77,224.12 ,66.63 ,3.36 ,5.2,43,28,29
784,108,A1,112.53,23.17,275,21.00,1927.00,1307,C,Forest,GC,"Dinghu Mountain ture Reserve, Guangdong Provience",38.00,224.60,5.75,0.65,0.2,8.84,224.12 ,66.63 ,3.36 ,5.2,43,28,29
785,108,A1,112.53,23.17,275,21.00,1927.00,1307,C,Forest,GC,"Dinghu Mountain ture Reserve, Guangdong Provience",159.60,1277.50,37.02,2.34,0.2,15.82,224.12 ,66.63 ,3.36 ,5.2,43,28,29
786,108,A1,112.53,23.17,275,21.00,1927.00,1307,C,Forest,GC,"Dinghu Mountain ture Reserve, Guangdong Provience",119.60,871.40,20.89,1.53,0.2,13.69,224.12 ,66.63 ,3.36 ,5.2,43,28,29
787,108,A1,112.53,23.17,275,21.00,1927.00,1307,C,Forest,GC,"Dinghu Mountain ture Reserve, Guangdong Provience",78.30,573.40,12.18,1.00,0.2,12.21,224.12 ,66.63 ,3.36 ,5.2,43,28,29
788,108,A1,112.53,23.17,275,21.00,1927.00,1307,C,Forest,GC,"Dinghu Mountain ture Reserve, Guangdong Provience",50.30,305.60,7.17,0.78,0.2,9.22,224.12 ,66.63 ,3.36 ,5.2,43,28,29
789,108,A1,112.53,23.17,275,21.00,1927.00,1307,C,Forest,GC,"Dinghu Mountain ture Reserve, Guangdong Provience",168.90,2052.50,47.70,3.52,0.2,13.53,224.12 ,66.63 ,3.36 ,5.2,43,28,29
790,108,A1,112.53,23.17,275,21.00,1927.00,1307,C,Forest,GC,"Dinghu Mountain ture Reserve, Guangdong Provience",259.70,849.30,25.65,2.16,0.2,11.89,224.12 ,66.63 ,3.36 ,5.2,43,28,29
791,108,A1,112.53,23.17,275,21.00,1927.00,1307,C,Forest,GC,"Dinghu Mountain ture Reserve, Guangdong Provience",161.40,670.10,17.30,1.61,0.2,10.72,224.12 ,66.63 ,3.36 ,5.2,43,28,29
792,108,A1,112.53,23.17,275,21.00,1927.00,1307,C,Forest,GC,"Dinghu Mountain ture Reserve, Guangdong Provience",125.90,462.20,12.29,1.25,0.2,9.82,224.12 ,66.63 ,3.36 ,5.2,43,28,29
793,109,A1,112.68,23.17,-63,22.12,1742.00,1322,C,Forest,GC,"Dinghu Mountain ture Reserve, Guangdong Provience",84.29,1452.83,42.50,3.05,0.6,13.93,224.12 ,66.63 ,3.36 ,5.5,37,46,17
794,110,A1,112.53,23.17,125,20.63,1869.10,1307,C,Forest,GC,"Dinghu Mountain ture Reserve, Guangdong Provience",63.74,1089.12,27.67,1.45,0.2,19.08,224.12 ,66.63 ,3.36 ,3.77,43,28,29
795,110,A1,112.53,23.17,325,20.63,1869.10,1307,C,Forest,GC,"Dinghu Mountain ture Reserve, Guangdong Provience",82.14,1153.23,33.57,2.25,0.2,14.92,224.12 ,66.63 ,3.36 ,3.55,43,28,29
796,110,A1,123.30,41.60,33,8.10,978.70,1198,D,Cropland,GC,"Sujiatun, Shenyang",24.31,454.56,15.50,1.56,0.8,9.95,285.00 ,52.32 ,5.45 ,6.04,12.77,72.69,14.54
797,111,A1,123.30,41.60,33,8.10,978.70,1198,D,Cropland,GC,"Sujiatun, Shenyang",25.31,488.05,15.75,1.56,0.8,10.11,285.00 ,52.32 ,5.45 ,6.04,12.77,72.69,14.54
798,111,A1,123.30,41.60,33,8.10,978.70,1198,D,Cropland,GC,"Sujiatun, Shenyang",23.76,482.73,16.57,1.62,0.8,10.23,285.00 ,52.32 ,5.45 ,6.04,12.77,72.69,14.54
799,111,A1,123.30,41.60,33,8.10,978.70,1198,D,Cropland,GC,"Sujiatun, Shenyang",31.09,477.37,16.64,1.63,0.8,10.22,285.00 ,52.32 ,5.45 ,6.04,12.77,72.69,14.54
800,111,A1,123.30,41.60,33,8.10,978.70,1198,D,Cropland,GC,"Sujiatun, Shenyang",29.66,521.02,17.37,1.68,0.8,10.31,285.00 ,52.32 ,5.45 ,6.04,12.77,72.69,14.54
801,111,A1,123.30,41.60,33,8.10,978.70,1198,D,Cropland,GC,"Sujiatun, Shenyang",30.88,522.40,18.42,1.75,0.8,10.52,285.00 ,52.32 ,5.45 ,6.04,12.77,72.69,14.54
802,112,A1,118.63,37.79,6,12.80,540.00,1544,D,Cropland,GC,"Bohai Farm, Dongying City, Shandong Province",84.38,282.60,8.81,0.91,0.5,9.68,180.00 ,74.00 ,2.43 ,7.82,67.60,28.00,4.35
803,112,A1,118.63,37.79,6,12.80,540.00,1544,D,Cropland,GC,"Bohai Farm, Dongying City, Shandong Province",117.70,160.94,5.43,0.61,0.5,8.90,180.00 ,74.00 ,2.43 ,8.14,68.80,26.70,4.44
804,113,A1,124.67,41.19,622,6.10,926.30,1027,D,Forest,GC,"Forest Farm, Liaoning Province",28.24,494.12,18.77,1.03,0.5,18.22,235.95 ,49.90 ,4.73 ,5.46,43,41,16
805,113,A1,124.67,41.19,622,6.10,926.30,1027,D,Forest,GC,"Forest Farm, Liaoning Province",65.29,1245.59,27.38,2.32,0.5,11.80,235.95 ,49.90 ,4.73 ,5.06,43,41,16
806,113,A1,124.67,41.19,622,6.10,926.30,1027,D,Forest,GC,"Forest Farm, Liaoning Province",60.59,1327.94,26.88,2.30,0.5,11.69,235.95 ,49.90 ,4.73 ,4.64,43,41,16
807,114,A1,114.67,37.83,50.1,13.23,479.00,1457,B,Cropland,GC,"Luancheng Agricultural Ecosystem Experimental Station, CAS",14.32,312.07,9.97,0.87,0.4,11.48,233.49 ,65.21 ,3.58 ,7.8,14.70,73.40,11.80
808,114,A1,114.67,37.83,52,13.23,479.00,1457,B,Cropland,GC,"Luancheng Agricultural Ecosystem Experimental Station, CAS",17.02,367.74,12.91,1.10,0.4,11.79,233.49 ,65.21 ,3.58 ,7.8,13.60,74.50,11.90
809,114,A1,114.67,37.83,52,13.23,479.00,1457,B,Cropland,GC,"Luancheng Agricultural Ecosystem Experimental Station, CAS",17.78,374.39,12.27,1.05,0.4,11.73,233.49 ,65.21 ,3.58 ,7.8,14.10,75.80,10.00
810,114,A1,114.67,37.83,52,13.23,479.00,1457,B,Cropland,GC,"Luancheng Agricultural Ecosystem Experimental Station, CAS",24.42,339.85,14.58,1.22,0.4,11.91,233.49 ,65.21 ,3.58 ,7.8,14.20,75.30,10.40
811,114,A1,114.67,37.83,52,13.23,479.00,1457,B,Cropland,GC,"Luancheng Agricultural Ecosystem Experimental Station, CAS",23.22,438.64,14.07,1.18,0.4,11.88,233.49 ,65.21 ,3.58 ,7.8,14.60,74.30,11.10
812,114,A1,114.67,37.83,52,13.23,479.00,1457,B,Cropland,GC,"Luancheng Agricultural Ecosystem Experimental Station, CAS",22.01,357.03,11.89,1.02,0.4,11.70,233.49 ,65.21 ,3.58 ,7.8,13.40,71.00,15.60
813,115,A1,117.32,21.32,300,19.10,1749.00,1362,C,Forest,GC,"Sanming Forest Ecological Station, Fujian Province",23.44,417.93,11.05,0.95,0.4,11.63,89.34 ,53.81 ,1.66 ,4.50,39,22,39
814,116,A1,112.30,28.12,36.1,16.80,1553.70,1194,C,Cropland,GC,"Agricultural Technology Extension Center, Ningxiang County, Hun Province",45.59,705.49,20.23,1.81,0.3,11.18,164.29 ,68.71 ,2.39 ,7.15,21.80,71.62,6.56
815,116,A1,112.30,28.12,36.1,16.80,1553.70,1194,C,Cropland,GC,"Agricultural Technology Extension Center, Ningxiang County, Hun Province",58.15,791.21,20.69,1.85,0.3,11.18,164.29 ,68.71 ,2.39 ,6.48,19.76,73.80,6.43
816,116,A1,112.30,28.12,36.1,16.80,1553.70,1194,C,Cropland,GC,"Agricultural Technology Extension Center, Ningxiang County, Hun Province",67.40,1021.98,24.94,2.20,0.3,11.34,164.29 ,68.71 ,2.39 ,6.64,27.01,66.98,6.00
817,116,A1,112.30,28.12,36.1,16.80,1553.70,1194,C,Cropland,GC,"Agricultural Technology Extension Center, Ningxiang County, Hun Province",93.17,1101.10,29.04,2.54,0.3,11.44,164.29 ,68.71 ,2.39 ,6.85,48,12,40
818,116,A1,112.30,28.12,36.1,16.80,1553.70,1194,C,Cropland,GC,"Agricultural Technology Extension Center, Ningxiang County, Hun Province",95.81,1206.59,33.57,2.91,0.3,11.52,164.29 ,68.71 ,2.39 ,6.85,48,12,40
819,117,A1,117.60,21.32,300,19.10,1749.00,1390,C,Forest,GC,"Sanming Forest Ecological Station, Fujian Province",92.41,1059.43,39.40,2.11,0.3,18.67,89.34 ,53.81 ,1.66 ,4.08,16.36,38.94,44.71
820,117,A1,117.60,21.32,315,19.10,1749.00,1390,C,Forest,GC,"Sanming Forest Ecological Station, Fujian Province",51.10,596.74,21.35,1.49,0.3,14.38,89.34 ,53.81 ,1.66 ,4.44,9.75,35.75,47.90
821,117,A1,117.60,21.32,335,19.10,1749.00,1390,C,Forest,GC,"Sanming Forest Ecological Station, Fujian Province",47.62,450.56,14.55,1.04,0.3,13.99,89.34 ,53.81 ,1.66 ,4.37,12.21,39.91,47.89
822,117,A1,117.60,21.32,330,19.10,1749.00,1390,C,Forest,GC,"Sanming Forest Ecological Station, Fujian Province",50.04,505.87,14.65,0.99,0.3,14.80,89.34 ,53.81 ,1.66 ,4.47,12.62,40.46,46.93
823,117,A1,117.60,21.32,313,19.10,1749.00,1390,C,Forest,GC,"Sanming Forest Ecological Station, Fujian Province",43.25,423.00,16.30,1.08,0.3,15.16,89.34 ,53.81 ,1.66 ,4.52,14.42,39.27,46.31
824,118,A1,128.27,42.42,750,4.30,745.00,903,D,Forest,GC,"Changbai Mountain ture Reserve, Jilin Province ",39.50,528.50,14.63,1.37,0.9,10.68,243.31 ,47.02 ,5.17 ,5.30,44,38,18
825,119,A1,123.57,41.82,75,7.20,730.00,1201,D,Cropland,GC,"Shenyang Experimental Ecology Station, Shenyang, Chi",19.07,617.45,11.05,0.95,0.4,11.63,157.76 ,83.32 ,1.89 ,6.65,51,27,21
826,119,A1,123.57,41.82,75,7.20,730.00,1201,D,Cropland,GC,"Shenyang Experimental Ecology Station, Shenyang, Chi",16.73,391.52,10.60,0.82,0.4,12.93,157.76 ,83.32 ,1.89 ,5.02,51,27,21
827,119,A1,123.57,41.82,75,7.20,730.00,1201,D,Cropland,GC,"Shenyang Experimental Ecology Station, Shenyang, Chi",24.12,621.34,14.23,1.23,0.4,11.57,157.76 ,83.32 ,1.89 ,6.52,51,27,21
828,119,A1,123.57,41.82,75,7.20,730.00,1201,D,Cropland,GC,"Shenyang Experimental Ecology Station, Shenyang, Chi",82.49,866.84,13.07,1.01,0.4,12.94,157.76 ,83.32 ,1.89 ,5.71,51,27,21
829,119,A1,123.57,41.82,75,7.20,730.00,1201,D,Cropland,GC,"Shenyang Experimental Ecology Station, Shenyang, Chi",164.98,667.13,10.90,0.82,0.4,13.29,157.76 ,83.32 ,1.89 ,6.81,51,27,21
830,119,A1,123.57,41.82,75,7.20,730.00,1201,D,Cropland,GC,"Shenyang Experimental Ecology Station, Shenyang, Chi",151.36,678.18,10.57,0.97,0.4,10.90,157.76 ,83.32 ,1.89 ,5.14,51,27,21
831,119,A1,123.57,41.82,75,7.20,730.00,1201,D,Cropland,GC,"Shenyang Experimental Ecology Station, Shenyang, Chi",29.18,827.29,10.86,1.06,0.4,10.25,157.76 ,83.32 ,1.89 ,6.66,51,27,21
832,119,A1,123.57,41.82,75,7.20,730.00,1201,D,Cropland,GC,"Shenyang Experimental Ecology Station, Shenyang, Chi",74.32,1109.16,13.44,1.32,0.4,10.18,157.76 ,83.32 ,1.89 ,6.69,51,27,21
833,119,A1,123.57,41.82,75,7.20,730.00,1201,D,Cropland,GC,"Shenyang Experimental Ecology Station, Shenyang, Chi",52.44,634.21,6.83,0.70,0.4,9.76,157.76 ,83.32 ,1.89 ,5.54,51,27,21
834,119,A1,123.57,41.82,75,7.20,730.00,1201,D,Cropland,GC,"Shenyang Experimental Ecology Station, Shenyang, Chi",43.65,637.78,7.39,0.69,0.4,10.71,157.76 ,83.32 ,1.89 ,5.49,51,27,21
835,119,A1,123.57,41.82,75,7.20,730.00,1201,D,Cropland,GC,"Shenyang Experimental Ecology Station, Shenyang, Chi",23.29,770.63,9.50,0.87,0.4,10.92,157.76 ,83.32 ,1.89 ,6.68,51,27,21
836,119,A1,123.57,41.82,75,7.20,730.00,1201,D,Cropland,GC,"Shenyang Experimental Ecology Station, Shenyang, Chi",25.30,666.95,7.40,0.74,0.4,10.00,157.76 ,83.32 ,1.89 ,6.67,51,27,21
837,119,A1,123.57,41.82,75,7.20,730.00,1201,D,Cropland,GC,"Shenyang Experimental Ecology Station, Shenyang, Chi",64.16,671.17,9.03,0.83,0.4,10.88,157.76 ,83.32 ,1.89 ,6.57,51,27,21
838,119,A1,123.57,41.82,75,7.20,730.00,1201,D,Cropland,GC,"Shenyang Experimental Ecology Station, Shenyang, Chi",27.15,858.85,8.67,0.81,0.4,10.70,157.76 ,83.32 ,1.89 ,5.07,51,27,21
839,119,A1,123.57,41.82,75,7.20,730.00,1201,D,Cropland,GC,"Shenyang Experimental Ecology Station, Shenyang, Chi",29.00,959.26,8.33,0.80,0.4,10.41,157.76 ,83.32 ,1.89 ,6.05,51,27,21
840,119,A1,123.57,41.82,75,7.20,730.00,1201,D,Cropland,GC,"Shenyang Experimental Ecology Station, Shenyang, Chi",57.07,1047.24,9.81,0.97,0.4,10.11,157.76 ,83.32 ,1.89 ,5.61,51,27,21
841,119,A1,123.57,41.82,75,7.20,730.00,1201,D,Cropland,GC,"Shenyang Experimental Ecology Station, Shenyang, Chi",18.37,573.51,3.67,0.46,0.4,7.98,157.76 ,83.32 ,1.89 ,6.71,51,27,21
842,119,A1,123.57,41.82,75,7.20,730.00,1201,D,Cropland,GC,"Shenyang Experimental Ecology Station, Shenyang, Chi",16.38,599.85,3.83,0.44,0.4,8.70,157.76 ,83.32 ,1.89 ,5.60,51,27,21
843,119,A1,123.57,41.82,75,7.20,730.00,1201,D,Cropland,GC,"Shenyang Experimental Ecology Station, Shenyang, Chi",20.69,376.23,5.40,0.56,0.4,9.64,157.76 ,83.32 ,1.89 ,6.42,51,27,21
844,119,A1,123.57,41.82,75,7.20,730.00,1201,D,Cropland,GC,"Shenyang Experimental Ecology Station, Shenyang, Chi",9.40,320.83,4.10,0.47,0.4,8.72,157.76 ,83.32 ,1.89 ,6.18,51,27,21
845,119,A1,123.57,41.82,75,7.20,730.00,1201,D,Cropland,GC,"Shenyang Experimental Ecology Station, Shenyang, Chi",22.33,626.86,4.58,0.47,0.4,9.74,157.76 ,83.32 ,1.89 ,6.77,51,27,21
846,119,A1,123.57,41.82,75,7.20,730.00,1201,D,Cropland,GC,"Shenyang Experimental Ecology Station, Shenyang, Chi",47.50,547.84,5.24,0.60,0.4,8.73,157.76 ,83.32 ,1.89 ,6.29,51,27,21
847,119,A1,123.57,41.82,75,7.20,730.00,1201,D,Cropland,GC,"Shenyang Experimental Ecology Station, Shenyang, Chi",203.24,492.42,4.07,0.46,0.4,8.85,157.76 ,83.32 ,1.89 ,6.21,51,27,21
848,119,A1,123.57,41.82,75,7.20,730.00,1201,D,Cropland,GC,"Shenyang Experimental Ecology Station, Shenyang, Chi",60.73,308.11,4.69,0.52,0.4,9.02,157.76 ,83.32 ,1.89 ,6.55,51,27,21
849,120,A1,101.32,37.60,3215 ,-1.20,489.00,966,D,Grassland,GC,Haibei Alpine grassland Ecosystem Research Station,319.41,3021.94,70.90,5.70,0.9,12.44,627.00,61.20,10.25 ,8.01,35.50,6.20,58.40
850,120,A1,101.32,37.60,3215 ,-1.20,489.00,966,D,Grassland,GC,Haibei Alpine grassland Ecosystem Research Station,199.41,471.41,17.60,1.70,0.9,10.35,135.00,12.70,10.63 ,6.8,6.50,21.70,71.80
851,120,A1,123.51,44.59,144,5.10,373.73,1340,D,Grassland,GC,NM1,8.18,184.20,4.60,0.58,0.1,7.88,217.25 ,82.71 ,2.63 ,9.07,70.26,26.60,3.15
852,120,A1,121.04,44.52,269,5.80,320.32,1463,B,Grassland,GC,NM2,18.46,366.70,8.99,0.95,0.6,9.43,195.43 ,93.85 ,2.08 ,7.69,76.37,20.39,3.24
853,120,A1,120.33,45.11,660,3.72,320.40,1314,D,Grassland,GC,NM3,57.05,1184.28,24.82,2.39,0.4,10.38,136.65 ,97.49 ,1.40 ,7.66,46.34,46.68,6.98
854,120,A1,118.36,44.77,1019,0.56,336.32,1193,D,Grassland,GC,NM4,50.31,785.79,15.11,1.42,0.8,10.61,164.51 ,104.44 ,1.58 ,7.51,64.47,30.23,5.31
855,120,A1,116.52,44.26,1129,1.17,262.91,1223,B,Grassland,GC,NM5,49.45,806.71,16.86,1.77,0.8,9.52,161.87 ,104.03 ,1.56 ,7.39,62.68,30.71,6.61
856,120,A1,116.67,43.55,1272,0.16,321.51,1191,B,Grassland,GC,NM6,53.64,1162.55,20.69,2.21,0.8,9.35,190.62 ,104.97 ,1.82 ,7.74,57.90,35.10,6.99
857,120,A1,117.68,44.51,1024,1.96,287.23,1193,D,Grassland,GC,NM7,63.93,1180.12,21.07,2.30,0.6,9.16,163.22 ,103.78 ,1.57 ,7.83,53.51,40.47,6.02
858,120,A1,114.89,44.01,1101,0.10,234.31,1342,B,Grassland,GC,NM8,24.49,390.14,7.70,0.97,0.6,7.94,170.67 ,104.05 ,1.64 ,7.92,64.19,30.89,4.92
859,120,A1,113.50,43.84,1022,2.47,177.63,1458,B,Grassland,GC,NM9,14.43,230.16,6.11,0.57,0.6,10.67,121.49 ,94.40 ,1.29 ,7.80,66.93,28.89,4.18
860,120,A1,112.15,43.63,955,3.69,140.25,1544,B,Grassland,GC,NM10,4.05,84.04,1.80,0.26,0.6,7.05,110.37 ,94.09 ,1.17 ,7.96,86.52,11.31,2.16
861,120,A1,95.45,31.46,4104,0.41,516.55,1008,D,Grassland,GC,XZ1,178.38,2278.49,52.90,4.83,0.5,10.95,321.36 ,98.51 ,3.26 ,7.36,31.14,55.18,13.68
862,120,A1,93.53,31.85,4509,-1.50,447.31,934,E,Grassland,GC,XZ2,71.85,1565.78,45.84,3.80,1.1,12.07,309.45 ,112.10 ,2.76 ,6.78,50.70,39.99,9.31
863,120,A1,92.01,31.64,4587,-4.37,417.82,1112,E,Grassland,GC,XZ3,72.18,1656.35,38.05,3.53,1.2,10.79,310.87 ,111.37 ,2.79 ,7.11,70.11,23.98,5.90
864,120,A1,90.74,31.38,4617,-6.76,439.08,1222,E,Grassland,GC,XZ4,8.91,208.40,5.10,0.69,0.8,7.34,199.49 ,98.92 ,2.02 ,8.03,83.47,12.45,4.08
865,120,A1,89.72,31.54,4588,-3.06,369.83,1275,E,Grassland,GC,XZ5,12.74,322.16,9.49,1.15,1.8,8.22,25.95 ,89.51 ,0.29 ,8.07,62.25,27.20,10.55
866,120,A1,87.82,31.87,4570,-2.57,324.25,1372,D,Grassland,GC,XZ6,11.01,153.59,4.84,0.77,0.8,6.33,78.45 ,103.68 ,0.76 ,8.19,82.46,12.29,5.25
867,120,A1,85.84,31.92,4938,-3.77,313.48,1225,D,Grassland,GC,XZ7,63.77,354.70,11.95,1.12,0.7,10.71,69.19 ,121.36 ,0.57 ,8.34,48.18,41.47,10.36
868,120,A1,83.34,32.41,4578,-3.90,264.28,1327,D,Grassland,GC,XZ8,11.35,230.25,6.84,0.90,0.7,7.63,45.01 ,110.60 ,0.41 ,8.20,52.25,32.47,15.29
869,120,A1,81.23,32.30,4558,-3.49,242.85,1263,D,Grassland,GC,XZ9,3.45,53.52,2.77,0.30,0.7,9.36,61.04 ,99.26 ,0.61 ,8.43,75.46,17.08,7.47
870,120,A1,80.15,32.48,4328,-1.27,159.76,1332,E,Grassland,GC,XZ10,3.39,55.75,3.04,0.34,0.7,9.05,15.01 ,80.31 ,0.19 ,8.25,76.66,16.41,6.93
871,120,A1,113.36,36.29,804,11.85,469.90,1407,D,Grassland,GC,HT1,14.73,428.49,10.87,1.27,1.2,8.53,130.80 ,86.39 ,1.51 ,8.07,45.85,42.42,11.73
872,120,A1,112.29,35.99,894,9.96,492.65,1378,D,Grassland,GC,HT2,19.44,481.31,11.38,1.41,0.4,8.09,184.99 ,46.59 ,3.97 ,7.92,32.96,57.39,9.64
873,120,A1,111.64,35.99,833,10.66,471.77,1428,B,Grassland,GC,HT3,11.19,314.79,10.62,1.21,0.6,8.79,209.79 ,52.57 ,3.99 ,8.16,48.44,41.56,10.00
874,120,A1,110.18,36.07,966,10.72,444.47,1411,D,Grassland,GC,HT4,9.04,188.98,8.11,1.03,1.1,7.88,136.65 ,72.59 ,1.88 ,8.10,54.03,37.07,8.90
875,120,A1,109.24,36.74,1268,9.50,415.74,1388,D,Grassland,GC,HT5,8.41,186.55,7.76,0.95,1.1,8.19,128.06 ,73.34 ,1.75 ,8.18,79.21,16.70,4.10
876,120,A1,107.92,36.93,1383,7.46,365.08,1311,B,Grassland,GC,HT6,11.43,307.11,9.98,1.21,0.5,8.27,126.84 ,76.98 ,1.65 ,7.99,71.13,22.76,6.11
877,120,A1,107.19,37.58,1535,5.23,329.29,1384,B,Grassland,GC,HT7,5.13,117.72,4.67,0.59,0.5,7.86,77.17 ,77.41 ,1.00 ,8.15,79.04,16.75,4.20
878,120,A1,105.78,37.42,1293,5.87,266.96,1482,B,Grassland,GC,HT8,10.60,76.32,6.16,0.60,0.7,10.30,104.72 ,80.74 ,1.30 ,8.18,67.72,25.30,6.98
879,120,A1,104.92,37.44,1378,7.56,194.90,1482,B,Grassland,GC,HT9,4.00,15.62,4.59,0.35,0.7,13.29,56.37 ,76.39 ,0.74 ,8.44,80.25,15.45,4.30
880,120,A1,104.44,37.46,1714,7.71,179.58,1474,B,Grassland,GC,HT10,4.87,50.53,4.42,0.66,0.7,6.74,97.59 ,84.17 ,1.16 ,8.46,48.53,42.55,8.92
881,120,A1,118.40,29.14,158,15.72,1858.41,1243,C,Forest,GC,GT,78.62,1207.33,40.34,2.20,0.5,18.30,224.02 ,56.90 ,3.94 ,6.24,47.53,46.31,6.16
882,120,A1,121.78,29.80,168,16.58,1380.41,1196,C,Forest,GC,TT,131.05,1887.63,48.08,3.39,0.5,14.19,252.35 ,58.57 ,4.31 ,4.86,24.78,65.49,9.73
883,120,A1,110.80,30.11,1767,15.07,1345.14,960,C,Forest,GC,HP,74.32,1448.81,44.14,3.49,0.7,12.66,197.07 ,53.66 ,3.67 ,7.38,18.53,72.20,9.28
884,120,A1,101.02,24.53,2505,14.96,1112.81,1084,C,Forest,GC,AL,243.03,4164.88,122.33,8.31,0.8,14.73,121.37 ,72.97 ,1.66 ,5.32,40.65,52.11,7.25
885,120,A1,105.76,26.25,1445,15.76,1204.51,1105,C,Forest,GC,TL,179.25,3370.17,86.16,7.30,0.4,11.81,120.16 ,83.39 ,1.44 ,7.17,37.24,55.49,7.28
886,120,A1,108.33,24.74,295,19.38,1528.82,1266,C,Forest,GC,HJ,77.25,1583.99,58.90,4.81,0.3,12.24,166.51 ,47.72 ,3.49 ,7.54,17.24,69.27,13.49
887,120,A1,116.31,36.22,42,13.05,654.17,1468,D,Forest,GC,TS,30.98,834.82,22.93,1.82,0.5,12.59,146.80 ,73.14 ,2.01 ,4.99,69.61,25.43,4.97
888,120,A1,107.36,33.26,894,11.35,914.49,1142,C,Forest,GC,TB,42.65,1284.85,34.93,2.89,0.4,12.09,225.43 ,53.39 ,4.22 ,6.09,30.92,58.30,10.78
889,120,A1,117.45,40.63,823,6.45,618.24,1324,D,Forest,GC,WL,66.31,1799.32,50.01,3.86,0.4,12.97,135.25 ,81.66 ,1.66 ,5.61,46.55,44.63,8.81
890,120,A1,127.55,45.30,323,1.06,682.52,1036,D,Forest,GC,ME,213.11,4112.81,104.69,9.37,1.1,11.17,324.92 ,51.22 ,6.34 ,5.99,25.59,64.71,9.70
891,120,A1,126.26,42.62,316,3.40,799.35,1052,D,Forest,GC,LW,154.71,4163.33,111.99,8.78,0.9,12.76,229.06 ,81.58 ,2.81 ,6.37,28.66,62.99,8.35
892,120,A1,124.94,42.02,557,4.59,836.23,1102,D,Forest,GC,QY,68.66,1832.82,66.59,5.15,0.5,12.94,262.65 ,51.14 ,5.14 ,5.97,31.76,58.07,10.17
893,120,A1,127.38,43.51,326,2.64,721.01,1019,D,Forest,GC,JH,166.67,3863.93,70.97,6.39,0.8,11.10,100.70 ,114.65 ,0.88 ,5.97,27.53,62.03,10.44
894,120,A1,112.54,23.17,240,21.83,1927.00,1306,C,Forest,GC,DH,45.24,890.50,27.68,1.68,0.2,16.51,224.12 ,66.63 ,3.36 ,5.63,35.60,56.59,7.80
895,120,A1,128.89,47.18,401,0.01,648.34,969,D,Forest,GC,LS,118.04,3215.38,66.57,4.30,1.1,15.50,241.06 ,46.82 ,5.15 ,6.35,39.45,48.55,12.00
896,120,A1,114.44,24.57,562,18.22,1769.93,1192,C,Forest,GC,JL,130.43,1368.70,39.05,2.56,0.4,15.24,100.45 ,52.81 ,1.90 ,6.05,34.36,55.24,10.40
897,120,A1,115.48,39.97,972,6.55,539.07,1412,B,Forest,GC,DL,52.76,1550.76,38.18,3.00,0.6,12.74,123.81 ,78.47 ,1.58 ,6.87,94.12,5.28,0.60
898,120,A1,128.09,42.40,758,2.79,691.00,921,D,Forest,GC,CB,206.02,4271.27,71.51,6.07,0.7,11.79,243.31 ,47.02 ,5.17 ,6.13,24.86,68.25,6.89
899,120,A1,110.49,31.32,1510,8.50,1446.71,993,C,Forest,GC,SN,89.26,1489.96,36.13,3.63,1.1,9.96,161.16 ,51.20 ,3.15 ,6.89,60.44,34.61,4.95
900,120,A1,112.10,36.68,1668,5.98,644.38,1184,D,Forest,GC,TY,40.44,1279.34,36.92,2.19,0.5,16.89,138.76 ,77.41 ,1.79 ,6.72,26.48,61.00,12.52
901,120,A1,108.86,18.74,809,23.15,2265.80,1466,A,Forest,GC,JF,87.27,1073.13,28.97,1.87,0.3,15.51,110.87 ,98.46 ,1.13 ,6.38,46.07,44.07,9.86
902,120,A1,123.29,51.76,850,-3.67,472.96,760,D,Forest,GC,HZ,101.25,1511.91,42.40,3.67,1.7,11.56,236.98 ,42.92 ,5.52 ,6.64,51.36,41.49,7.15
903,121,A2,-6.93,52.83,56.00,9.40,824.00,720,C,Cropland,GC,"Teagasc Crops, Carlow, Ireland",180.00,257.00,22.28,2.28,0.5,9.77,242.06 ,71.37 ,3.39 ,6.00,72.00,23.00,5.00
904,121,A2,-6.93,52.83,56.00,9.40,824.00,720,C,Cropland,GC,"Teagasc Crops, Carlow, Ireland",129.00,184.00,17.95,1.97,0.5,9.13,242.06 ,71.37 ,3.39 ,6.00,72.00,23.00,5.00
905,121,A2,-6.93,52.83,56.00,9.40,824.00,720,C,Cropland,GC,"Teagasc Crops, Carlow, Ireland",135.00,193.00,18.02,1.90,0.5,9.46,242.06 ,71.37 ,3.39 ,6.00,72.00,23.00,5.00
906,121,A2,-6.93,52.83,56.00,9.40,824.00,720,C,Cropland,GC,"Teagasc Crops, Carlow, Ireland",173.00,246.00,17.89,1.95,0.5,9.17,242.06 ,71.37 ,3.39 ,6.00,72.00,23.00,5.00
907,122,A2,124.40,43.36,65.00,5.60,595.00,1203,D,Cropland,GC,"Gongzhuling, Jilin, Chi",61.00,962.00,15.56,1.47,0.9,10.59,212.67 ,80.03 ,2.66 ,7.0,50,29,21
908,122,A2,124.40,43.36,65.00,5.60,595.00,1203,D,Cropland,GC,"Gongzhuling, Jilin, Chi",55.00,985.00,15.56,1.47,0.9,10.59,212.67 ,80.03 ,2.66 ,7.0,50,29,21
909,122,A2,124.40,43.36,65.00,5.60,595.00,1203,D,Cropland,GC,"Gongzhuling, Jilin, Chi",46.00,895.00,15.56,1.47,0.9,10.59,212.67 ,80.03 ,2.66 ,7.0,50,29,21
910,122,A2,124.40,43.36,65.00,5.60,595.00,1203,D,Cropland,GC,"Gongzhuling, Jilin, Chi",53.00,1027.00,15.56,1.47,0.9,10.59,212.67 ,80.03 ,2.66 ,7.0,50,29,21
911,122,A2,124.40,43.36,65.00,5.60,595.00,1203,D,Cropland,GC,"Gongzhuling, Jilin, Chi",46.00,1056.00,15.56,1.47,0.9,10.59,212.67 ,80.03 ,2.66 ,7.0,50,29,21
912,122,A2,124.40,43.36,65.00,5.60,595.00,1203,D,Cropland,GC,"Gongzhuling, Jilin, Chi",49.00,1019.00,15.56,1.47,0.9,10.59,212.67 ,80.03 ,2.66 ,7.0,50,29,21
913,122,A2,124.40,43.36,65.00,5.60,595.00,1203,D,Cropland,GC,"Gongzhuling, Jilin, Chi",47.00,995.00,15.56,1.47,0.9,10.59,212.67 ,80.03 ,2.66 ,7.0,50,29,21
914,122,A2,124.40,43.36,65.00,5.60,595.00,1203,D,Cropland,GC,"Gongzhuling, Jilin, Chi",44.00,897.00,15.56,1.47,0.9,10.59,212.67 ,80.03 ,2.66 ,7.0,50,29,21
915,122,A2,124.40,43.36,65.00,5.60,595.00,1203,D,Cropland,GC,"Gongzhuling, Jilin, Chi",47.00,963.00,15.56,1.47,0.9,10.59,212.67 ,80.03 ,2.66 ,7.0,50,29,21
916,122,A2,124.40,43.36,65.00,5.60,595.00,1203,D,Cropland,GC,"Gongzhuling, Jilin, Chi",47.00,894.00,15.56,1.47,0.9,10.59,212.67 ,80.03 ,2.66 ,7.0,50,29,21
917,123,A2,17.39,59.49,8.00,5.20,635.00,746,D,Cropland,GC,"Ultu, Sweden",69.00,239.00,16.00,1.40,0.7,11.40,506.90 ,39.19 ,12.93 ,7.60,40.85,52.00,7.15
918,123,A2,17.39,59.49,8.00,5.20,635.00,746,D,Cropland,GC,"Ultu, Sweden",43.00,228.00,16.00,1.40,0.7,11.40,506.90 ,39.19 ,12.93 ,7.60,40.85,52.00,7.15
919,123,A2,17.39,59.49,8.00,5.20,635.00,746,D,Cropland,GC,"Ultu, Sweden",47.00,307.00,16.00,1.40,0.7,11.40,506.90 ,39.19 ,12.93 ,7.60,40.85,52.00,7.15
920,123,A2,17.39,59.49,8.00,5.20,635.00,746,D,Cropland,GC,"Ultu, Sweden",48.00,289.00,16.00,1.40,0.7,11.40,506.90 ,39.19 ,12.93 ,7.60,40.85,52.00,7.15
921,123,A2,17.39,59.49,8.00,5.20,635.00,746,D,Cropland,GC,"Ultu, Sweden",52.00,315.00,16.00,1.40,0.7,11.40,506.90 ,39.19 ,12.93 ,7.60,40.85,52.00,7.15
922,123,A2,17.39,59.49,8.00,5.20,635.00,746,D,Cropland,GC,"Ultu, Sweden",53.00,134.00,16.00,1.40,0.7,11.40,506.90 ,39.19 ,12.93 ,7.60,40.85,52.00,7.15
923,123,A2,17.39,59.49,8.00,5.20,635.00,746,D,Cropland,GC,"Ultu, Sweden",43.00,243.00,16.00,1.40,0.7,11.40,506.90 ,39.19 ,12.93 ,7.60,40.85,52.00,7.15
924,123,A2,17.39,59.49,8.00,5.20,635.00,746,D,Cropland,GC,"Ultu, Sweden",44.00,253.00,16.00,1.40,0.7,11.40,506.90 ,39.19 ,12.93 ,7.60,40.85,52.00,7.15
925,123,A2,17.39,59.49,8.00,5.20,635.00,746,D,Cropland,GC,"Ultu, Sweden",45.00,196.00,16.00,1.40,0.7,11.40,506.90 ,39.19 ,12.93 ,7.60,40.85,52.00,7.15
926,123,A2,17.39,59.49,8.00,5.20,635.00,746,D,Cropland,GC,"Ultu, Sweden",49.00,337.00,16.00,1.40,0.7,11.40,506.90 ,39.19 ,12.93 ,7.60,40.85,52.00,7.15
927,123,A2,17.39,59.49,8.00,5.20,635.00,746,D,Cropland,GC,"Ultu, Sweden",47.00,435.00,16.00,1.40,0.7,11.40,506.90 ,39.19 ,12.93 ,7.60,40.85,52.00,7.15
928,123,A2,17.39,59.49,8.00,5.20,635.00,746,D,Cropland,GC,"Ultu, Sweden",47.00,393.00,16.00,1.40,0.7,11.40,506.90 ,39.19 ,12.93 ,7.60,40.85,52.00,7.15
929,123,A2,17.39,59.49,8.00,5.20,635.00,746,D,Cropland,GC,"Ultu, Sweden",42.00,392.00,16.00,1.40,0.7,11.40,506.90 ,39.19 ,12.93 ,7.60,40.85,52.00,7.15
930,123,A2,17.39,59.49,8.00,5.20,635.00,746,D,Cropland,GC,"Ultu, Sweden",54.00,294.00,16.00,1.40,0.7,11.40,506.90 ,39.19 ,12.93 ,7.60,40.85,52.00,7.15
931,123,A2,17.39,59.49,8.00,5.20,635.00,746,D,Cropland,GC,"Ultu, Sweden",51.00,260.00,16.00,1.40,0.7,11.40,506.90 ,39.19 ,12.93 ,7.60,40.85,52.00,7.15
932,123,A2,17.39,59.49,8.00,5.20,635.00,746,D,Cropland,GC,"Ultu, Sweden",39.00,187.00,16.00,1.40,0.7,11.40,506.90 ,39.19 ,12.93 ,7.60,40.85,52.00,7.15
933,123,A2,17.39,59.49,8.00,5.20,635.00,746,D,Cropland,GC,"Ultu, Sweden",57.00,364.00,16.00,1.40,0.7,11.40,506.90 ,39.19 ,12.93 ,7.60,40.85,52.00,7.15
934,123,A2,17.39,59.49,8.00,5.20,635.00,746,D,Cropland,GC,"Ultu, Sweden",16.00,43.00,16.00,1.40,0.7,11.40,506.90 ,39.19 ,12.93 ,7.60,40.85,52.00,7.15
935,123,A2,17.39,59.49,8.00,5.20,635.00,746,D,Cropland,GC,"Ultu, Sweden",20.00,114.00,16.00,1.40,0.7,11.40,506.90 ,39.19 ,12.93 ,7.60,40.85,52.00,7.15
936,123,A2,17.39,59.49,8.00,5.20,635.00,746,D,Cropland,GC,"Ultu, Sweden",19.00,91.00,16.00,1.40,0.7,11.40,506.90 ,39.19 ,12.93 ,7.60,40.85,52.00,7.15
937,123,A2,17.39,59.49,8.00,5.20,635.00,746,D,Cropland,GC,"Ultu, Sweden",22.00,99.00,16.00,1.40,0.7,11.40,506.90 ,39.19 ,12.93 ,7.60,40.85,52.00,7.15
938,123,A2,17.39,59.49,8.00,5.20,635.00,746,D,Cropland,GC,"Ultu, Sweden",24.00,118.00,16.00,1.40,0.7,11.40,506.90 ,39.19 ,12.93 ,7.60,40.85,52.00,7.15
939,123,A2,17.39,59.49,8.00,5.20,635.00,746,D,Cropland,GC,"Ultu, Sweden",18.00,79.00,16.00,1.40,0.7,11.40,506.90 ,39.19 ,12.93 ,7.60,40.85,52.00,7.15
940,123,A2,17.39,59.49,8.00,5.20,635.00,746,D,Cropland,GC,"Ultu, Sweden",22.00,93.00,16.00,1.40,0.7,11.40,506.90 ,39.19 ,12.93 ,7.60,40.85,52.00,7.15
941,123,A2,17.39,59.49,8.00,5.20,635.00,746,D,Cropland,GC,"Ultu, Sweden",21.00,81.00,16.00,1.40,0.7,11.40,506.90 ,39.19 ,12.93 ,7.60,40.85,52.00,7.15
942,123,A2,17.39,59.49,8.00,5.20,635.00,746,D,Cropland,GC,"Ultu, Sweden",22.00,101.00,16.00,1.40,0.7,11.40,506.90 ,39.19 ,12.93 ,7.60,40.85,52.00,7.15
943,123,A2,17.39,59.49,8.00,5.20,635.00,746,D,Cropland,GC,"Ultu, Sweden",18.00,84.00,16.00,1.40,0.7,11.40,506.90 ,39.19 ,12.93 ,7.60,40.85,52.00,7.15
944,123,A2,17.39,59.49,8.00,5.20,635.00,746,D,Cropland,GC,"Ultu, Sweden",17.00,90.00,16.00,1.40,0.7,11.40,506.90 ,39.19 ,12.93 ,7.60,40.85,52.00,7.15
945,123,A2,17.39,59.49,8.00,5.20,635.00,746,D,Cropland,GC,"Ultu, Sweden",18.00,106.00,16.00,1.40,0.7,11.40,506.90 ,39.19 ,12.93 ,7.60,40.85,52.00,7.15
946,123,A2,17.39,59.49,8.00,5.20,635.00,746,D,Cropland,GC,"Ultu, Sweden",20.00,122.00,16.00,1.40,0.7,11.40,506.90 ,39.19 ,12.93 ,7.60,40.85,52.00,7.15
947,123,A2,17.39,59.49,8.00,5.20,635.00,746,D,Cropland,GC,"Ultu, Sweden",18.00,64.00,16.00,1.40,0.7,11.40,506.90 ,39.19 ,12.93 ,7.60,40.85,52.00,7.15
948,123,A2,17.39,59.49,8.00,5.20,635.00,746,D,Cropland,GC,"Ultu, Sweden",21.00,86.00,16.00,1.40,0.7,11.40,506.90 ,39.19 ,12.93 ,7.60,40.85,52.00,7.15
949,123,A2,17.39,59.49,8.00,5.20,635.00,746,D,Cropland,GC,"Ultu, Sweden",19.00,77.00,16.00,1.40,0.7,11.40,506.90 ,39.19 ,12.93 ,7.60,40.85,52.00,7.15
950,123,A2,17.39,59.49,8.00,5.20,635.00,746,D,Cropland,GC,"Ultu, Sweden",18.00,92.00,16.00,1.40,0.7,11.40,506.90 ,39.19 ,12.93 ,7.60,40.85,52.00,7.15
951,124,A2,10.27,49.52,390.00,10.80,570.00,858,C,forest,GC,"Ebrach, Germany",79.00,664.00,27.20,1.5,0.5,18.13333333,197.59 ,75.88 ,2.60 ,3.90,80.00,13.00,7.00
952,124,A2,10.27,49.52,390.00,10.80,570.00,858,C,forest,GC,"Ebrach, Germany",9.00,124.00,8.60,1.5,0.5,5.733333333,197.59 ,75.88 ,2.60 ,3.90,80.00,13.00,7.00
953,124,A2,10.27,49.52,390.00,10.80,570.00,858,C,forest,GC,"Ebrach, Germany",7.00,91.00,4.90,1.5,0.5,3.266666667,197.59 ,75.88 ,2.60 ,3.90,80.00,13.00,7.00
954,124,A2,10.27,49.52,390.00,10.80,570.00,858,C,forest,GC,"Ebrach, Germany",17.00,194.00,9.00,1.5,0.5,6,197.59 ,75.88 ,2.60 ,3.90,80.00,13.00,7.00
955,124,A2,10.27,49.52,390.00,10.80,570.00,858,C,forest,GC,"Ebrach, Germany",13.00,91.00,2.50,1.5,0.5,1.666666667,197.59 ,75.88 ,2.60 ,3.90,80.00,13.00,7.00
956,124,A2,10.27,49.52,390.00,10.80,570.00,858,C,forest,GC,"Ebrach, Germany",972.00,4303.00,27.20,1.5,0.5,18.13333333,197.59 ,75.88 ,2.60 ,3.90,80.00,13.00,7.00
957,124,A2,10.27,49.52,390.00,10.80,570.00,858,C,forest,GC,"Ebrach, Germany",191.00,1045.00,8.60,1.5,0.5,5.733333333,197.59 ,75.88 ,2.60 ,3.90,80.00,13.00,7.00
958,124,A2,10.27,49.52,390.00,10.80,570.00,858,C,forest,GC,"Ebrach, Germany",119.00,376.00,4.90,1.5,0.5,3.266666667,197.59 ,75.88 ,2.60 ,3.90,80.00,13.00,7.00
959,124,A2,10.27,49.52,390.00,10.80,570.00,858,C,forest,GC,"Ebrach, Germany",107.00,453.00,9.00,1.5,0.5,6,197.59 ,75.88 ,2.60 ,3.90,80.00,13.00,7.00
960,124,A2,10.27,49.52,390.00,10.80,570.00,858,C,forest,GC,"Ebrach, Germany",79.00,214.00,2.50,1.5,0.5,1.666666667,197.59 ,75.88 ,2.60 ,3.90,80.00,13.00,7.00
961,124,A2,10.27,49.52,390.00,10.80,570.00,858,C,forest,GC,"Ebrach, Germany",62.00,2426.00,27.20,1.5,0.5,18.13333333,197.59 ,75.88 ,2.60 ,3.90,80.00,13.00,7.00
962,124,A2,10.27,49.52,390.00,10.80,570.00,858,C,forest,GC,"Ebrach, Germany",6.00,271.00,8.60,1.5,0.5,5.733333333,197.59 ,75.88 ,2.60 ,3.90,80.00,13.00,7.00
963,124,A2,10.27,49.52,390.00,10.80,570.00,858,C,forest,GC,"Ebrach, Germany",7.00,351.00,4.90,1.5,0.5,3.266666667,197.59 ,75.88 ,2.60 ,3.90,80.00,13.00,7.00
964,124,A2,10.27,49.52,390.00,10.80,570.00,858,C,forest,GC,"Ebrach, Germany",29.00,851.00,9.00,1.5,0.5,6,197.59 ,75.88 ,2.60 ,3.90,80.00,13.00,7.00
965,124,A2,10.27,49.52,390.00,10.80,570.00,858,C,forest,GC,"Ebrach, Germany",10.00,393.00,2.50,1.5,0.5,1.666666667,197.59 ,75.88 ,2.60 ,3.90,80.00,13.00,7.00
966,124,A2,10.27,49.52,390.00,10.80,570.00,858,C,forest,GC,"Ebrach, Germany",94.00,2344.00,27.20,1.5,0.5,18.13333333,197.59 ,75.88 ,2.60 ,3.90,80.00,13.00,7.00
967,124,A2,10.27,49.52,390.00,10.80,570.00,858,C,forest,GC,"Ebrach, Germany",10.00,291.00,8.60,1.5,0.5,5.733333333,197.59 ,75.88 ,2.60 ,3.90,80.00,13.00,7.00
968,124,A2,10.27,49.52,390.00,10.80,570.00,858,C,forest,GC,"Ebrach, Germany",9.00,324.00,4.90,1.5,0.5,3.266666667,197.59 ,75.88 ,2.60 ,3.90,80.00,13.00,7.00
969,124,A2,10.27,49.52,390.00,10.80,570.00,858,C,forest,GC,"Ebrach, Germany",38.00,1065.00,9.00,1.5,0.5,6,197.59 ,75.88 ,2.60 ,3.90,80.00,13.00,7.00
970,124,A2,10.27,49.52,390.00,10.80,570.00,858,C,forest,GC,"Ebrach, Germany",10.00,341.00,2.50,1.5,0.5,1.666666667,197.59 ,75.88 ,2.60 ,3.90,80.00,13.00,7.00
971,125,A2,11.41,49.53,490.00,8.30,587.00,836,D,forest,GC,"NE-Bavaria, Germany",,,15.00,0.30,0.8,50.00,396.94 ,59.86 ,6.63 ,6.8,35,42,2.00
972,125,A2,11.41,49.53,490.00,8.30,587.00,836,D,forest,GC,"NE-Bavaria, Germany",,,10.00,0.10,0.8,100.00,396.94 ,59.86 ,6.63 ,6.8,35,42,2.00
973,125,A2,11.23,49.44,520.00,8.20,956.00,837,D,forest,GC,"NE-Bavaria, Germany",,,112.00,8.40,0.7,13.33,324.66 ,63.02 ,5.15 ,6.6,31,13,23.00
974,125,A2,11.23,49.44,520.00,8.20,956.00,837,D,forest,GC,"NE-Bavaria, Germany",,,11.00,0.90,0.7,12.22,324.66 ,63.02 ,5.15 ,6.6,31,13,7.00
975,126,A2,133.31,47.35,54.00,1.90,600.00,900,D,Grassland,GC,"Sanjiang, Chi",131.00,1889.00,37.83,3.59,0.7,10.50,384.90 ,51.71 ,7.44 ,5.50,51,27,22
976,126,A2,133.31,47.35,54.00,1.90,600.00,900,D,Cropland,GC,"Sanjiang, Chi",97.00,1398.00,26.11,2.33,0.7,11.20,384.90 ,51.71 ,7.44 ,5.19,51,27,22
977,126,A2,133.31,47.35,54.00,1.90,600.00,900,D,Cropland,GC,"Sanjiang, Chi",92.00,1318.00,25.75,2.31,0.7,11.10,384.90 ,51.71 ,7.44 ,5.09,51,27,22
978,126,A2,133.31,47.35,54.00,1.90,600.00,900,D,Cropland,GC,"Sanjiang, Chi",83.00,1199.00,25.49,2.22,0.7,11.70,384.90 ,51.71 ,7.44 ,5.19,51,27,22
979,126,A2,133.31,47.35,54.00,1.90,600.00,900,D,Cropland,GC,"Sanjiang, Chi",118.00,1697.00,34.72,3.50,0.7,9.90,384.90 ,51.71 ,7.44 ,5.44,51,27,22
980,126,A2,133.31,47.35,54.00,1.90,600.00,900,D,Cropland,GC,"Sanjiang, Chi",134.00,1920.00,36.23,3.59,0.7,10.10,384.90 ,51.71 ,7.44 ,5.43,51,27,22
981,127,A2,101.19,37.36,3215.00,-1.20,489.00,743,D,Grassland,GC,"Haibei, Chi",319.00,3011.00,70.90,5.70,0.9,12.60,627.00,61.20,10.25 ,8.01,35.50,6.20,58.40
982,127,A2,101.19,37.36,3215.00,-1.20,489.00,743,D,Grassland,GC,"Haibei, Chi",201.00,491.00,17.60,1.70,0.9,10.40,135.00,12.70,10.63 ,8.01,6.50,21.70,71.80
983,128,A2,-88.18,46.13,422.00,18.00,578.00,895,D,forest,GC,"Ottawa tiol Forest, USA",97.00,610.00,31.03,2.31,0.5,13.46,513.26 ,63.00 ,8.15 ,6.1,20,68,8
984,128,A2,-88.18,46.13,422.00,18.00,578.00,895,D,forest,GC,"Ottawa tiol Forest, USA",63.00,557.00,27.96,1.89,0.5,14.70,513.26 ,63.00 ,8.15 ,6.1,20,68,8
985,128,A2,-88.18,46.13,422.00,18.00,578.00,895,D,forest,GC,"Ottawa tiol Forest, USA",40.00,498.00,29.14,1.75,0.5,16.71,513.26 ,63.00 ,8.15 ,6.1,20,68,8
986,129,A2,10.25,52.25,90.00,10.30,621.00,842,D,forest,LC,"Lower Saxony, Germany",210.00,2730.00,59.90,4.30,0.5,13.93,610.00,85.99 ,7.09 ,3.90,8.00,77.00,15.00
987,129,A2,10.25,52.25,90.00,10.30,621.00,842,D,forest,LC,"Lower Saxony, Germany",140.00,2640.00,58.00,2.40,0.5,24.17,520.00,85.99 ,6.05 ,3.90,55.00,39.00,6.00
988,129,A2,10.25,52.25,90.00,10.30,621.00,842,D,Cropland,LC,"Lower Saxony, Germany",140.00,1180.00,18.60,1.80,0.5,10.33,450.00,85.99 ,5.23 ,7.00,10.00,55.00,35.00
989,129,A2,10.25,52.25,90.00,10.30,621.00,842,D,Cropland,LC,"Lower Saxony, Germany",120.00,1190.00,15.10,1.40,0.5,10.79,360.00,85.99 ,4.19 ,7.30,10.00,56.00,34.00
990,129,A2,10.25,52.25,90.00,10.30,621.00,842,D,Cropland,LC,"Lower Saxony, Germany",110.00,1400.00,14.00,1.20,0.5,11.67,200.00,85.99 ,2.33 ,7.80,16.00,66.00,18.00
991,129,A2,10.25,52.25,90.00,10.30,621.00,842,D,Cropland,LC,"Lower Saxony, Germany",67.00,980.00,7.80,0.70,0.5,11.14,180.00,85.99 ,2.09 ,7.40,84.00,8.00,8.00
992,130,A2,127.9333333,45.00,216,4.10,556.00,1036,D,Cropland,GC,"Mid-temperate paddy soils, Chi",38.00,783.00,27.60,2.11,0.7,13.08,324.92 ,51.22 ,6.34 ,6.91,25.20,66.90,7.90
993,130,A2,117.57,34.86,68,14.90,694.00,1430,D,Cropland,GC,"Warm-temperate paddy soils, Chi",18.00,339.00,14.10,1.26,0.3,11.19,176.90 ,71.69 ,2.47 ,7.32,23.70,67.90,8.40
994,130,A2,113.85,27.62,101,18.30,1496.00,1217,C,Cropland,GC,"Subtropic paddy soils, Chi",57.00,711.00,27.30,2.89,0.3,9.45,201.00 ,88.63 ,2.27 ,5.27,23.90,69.40,6.70
995,130,A2,115.00,14.00,1011,24.20,1955.00,1485,A,Cropland,GC,"Tropic paddy soils, Chi",59.00,673.00,25.70,2.21,0.3,11.63,255.98 ,60.95 ,4.20 ,5.27,22.50,70.10,7.40
996,131,A2,117.36,26.19,315.00,19.10,1750.00,1342,C,forest,GC,"Sanming, Chi",98.00,1442.00,51.80,2.75,0.3,18.80,124.17 ,50.72 ,2.45 ,4.08,16.40,37.30,46.30
997,131,A2,117.36,26.19,315.00,19.10,1750.00,1342,C,forest,GC,"Sanming, Chi",58.00,898.00,30.00,1.91,0.3,15.60,124.17 ,50.72 ,2.45 ,4.44,15.20,34.90,50.00
998,131,A2,117.36,26.19,301.00,19.10,1750.00,1342,C,forest,GC,"Sanming, Chi",52.00,581.00,18.60,1.13,0.3,16.50,124.17 ,50.72 ,2.45 ,4.47,11.10,39.00,50.00
999,131,A2,117.36,26.19,303.00,19.10,1750.00,1342,C,forest,GC,"Sanming, Chi",61.00,712.00,20.90,1.29,0.3,16.20,124.17 ,50.72 ,2.45 ,4.52,12.30,37.50,50.30
1000,131,A2,117.36,26.19,315.00,19.10,1750.00,1342,C,forest,GC,"Sanming, Chi",85.00,671.00,27.00,1.47,0.3,18.30,124.17 ,50.72 ,2.45 ,4.10,16.30,40.60,43.10
1001,131,A2,117.36,26.19,315.00,19.10,1750.00,1342,C,forest,GC,"Sanming, Chi",42.00,298.00,12.70,1.06,0.3,12.00,124.17 ,50.72 ,2.45 ,4.28,17.50,36.60,45.80
1002,131,A2,117.36,26.19,301.00,19.10,1750.00,1342,C,forest,GC,"Sanming, Chi",35.00,262.00,10.70,0.75,0.3,14.30,124.17 ,50.72 ,2.45 ,4.39,13.30,40.80,45.80
1003,131,A2,117.36,26.19,303.00,19.10,1750.00,1342,C,forest,GC,"Sanming, Chi",44.00,309.00,11.70,0.86,0.3,13.70,124.17 ,50.72 ,2.45 ,4.35,16.60,41.10,42.40
1004,132,A2,124.48,43.30,65.00,5.60,595.00,1195,D,Cropland,GC,"Gongzhuling, Jilin, Chi",45.00,710.00,17.40,1.65,0.9,10.55,212.67 ,80.03 ,2.66 ,6.30,23.00,50.00,27.00
1005,132,A2,124.48,43.30,65.00,5.60,595.00,1195,D,Cropland,GC,"Gongzhuling, Jilin, Chi",45.00,712.00,17.40,1.65,0.9,10.55,212.67 ,80.03 ,2.66 ,6.30,23.00,50.00,27.00
1006,133,A2,123.24,41.31,55.00,7.50,700.00,1213,D,Cropland,GC,"Shenyang, Chi",47.00,504.00,10.50,1.7,0.9,6.176470588,326.87,76.81 ,4.26 ,5.38,13.00,66.37,20.67
1007,133,A2,123.24,41.31,55.00,7.50,700.00,1213,D,Cropland,GC,"Shenyang, Chi",52.00,552.00,10.50,1.7,0.9,6.176470588,326.87,76.81 ,4.26 ,5.38,13.00,66.37,20.67
1008,133,A2,123.24,41.31,55.00,7.50,700.00,1213,D,Cropland,GC,"Shenyang, Chi",53.00,565.00,10.50,1.7,0.9,6.176470588,326.87,76.81 ,4.26 ,5.38,13.00,66.37,20.67
1009,133,A2,123.24,41.31,55.00,7.50,700.00,1213,D,Cropland,GC,"Shenyang, Chi",55.00,578.00,10.50,1.7,0.9,6.176470588,326.87,76.81 ,4.26 ,5.38,13.00,66.37,20.67
1010,133,A2,123.24,41.31,55.00,7.50,700.00,1213,D,Cropland,GC,"Shenyang, Chi",53.00,611.00,10.50,1.7,0.9,6.176470588,326.87,76.81 ,4.26 ,5.38,13.00,66.37,20.67
1011,133,A2,123.24,41.31,55.00,7.50,700.00,1213,D,Cropland,GC,"Shenyang, Chi",55.00,594.00,10.50,1.7,0.9,6.176470588,326.87,76.81 ,4.26 ,5.38,13.00,66.37,20.67
1012,133,A2,123.24,41.31,55.00,7.50,700.00,1213,D,Cropland,GC,"Shenyang, Chi",52.00,614.00,10.50,1.7,0.9,6.176470588,326.87,76.81 ,4.26 ,5.38,13.00,66.37,20.67
1013,133,A2,123.24,41.31,55.00,7.50,700.00,1213,D,Cropland,GC,"Shenyang, Chi",54.00,637.00,10.50,1.7,0.9,6.176470588,326.87,76.81 ,4.26 ,5.38,13.00,66.37,20.67
1014,133,A2,123.24,41.31,55.00,7.50,700.00,1213,D,Cropland,GC,"Shenyang, Chi",51.00,645.00,10.50,1.7,0.9,6.176470588,326.87,76.81 ,4.26 ,5.38,13.00,66.37,20.67
1015,134,A2,128.17,42.26,600.00,2.60,708.00,887,D,forest,GC,"Changbai Mountains, Chi",50.00,372.00,89.20,7.47,1.2,11.90,243.31 ,47.02 ,5.17 ,5.86,32.20,56.70,11.10
1016,134,A2,118.09,27.03,381.00,18.70,1664.00,1327,C,forest,GC,"Wanmulin, Chi",42.00,107.00,46.30,3.01,0.5,15.40,178.51 ,51.21 ,3.49 ,4.13,55.20,31.40,13.40
1017,134,A2,112.27,34.49,441.00,12.20,528.00,1434,C,Cropland,GC,"Luoyang, Chi",5.00,9.00,19.00,1.35,0.7,14.40,180.36 ,67.22 ,2.68 ,8.24,41.70,48.00,10.30
1018,135,A2,122.23,41.32,5.00,7.60,629.00,1321,D,Cropland,GC,"CAS Institute of Applied Ecology, Chi",72.00,461.00,6.67,1.22,0.6,5.47,134.54 ,88.20 ,1.53 ,6.50,54,27,19
1019,136,A2,124.40,43.36,65.00,5.60,595.00,1203,D,Cropland,GC,"Gongzhuling, Jilin, Chi",43.00,708.00,12.51,1.52,0.9,8.23,212.67,10.65,19.97 ,7.0,50,29,21
1020,137,A2,-82.44,42.13,188.00,8.90,832.00,1080,D,Cropland,GC,"Hon. Eugene F. Whelan, Ontario, Cada",100.00,942.00,24.00,2.40,1.0,10.10,206.31 ,78.77 ,2.62 ,5.4,28.00,35.00,37.00
1021,137,A2,-82.44,42.13,188.00,8.90,832.00,1080,D,Cropland,GC,"Hon. Eugene F. Whelan, Ontario, Cada",116.00,1002.00,23.50,2.30,1.0,10.10,206.31 ,78.77 ,2.62 ,5.4,28.00,35.00,37.00
1022,137,A2,-82.44,42.13,188.00,8.90,832.00,1080,D,Cropland,GC,"Hon. Eugene F. Whelan, Ontario, Cada",120.00,1066.00,23.80,2.40,1.0,10.10,206.31 ,78.77 ,2.62 ,5.4,28.00,35.00,37.00
1023,137,A2,-82.44,42.13,188.00,8.90,832.00,1080,D,Cropland,GC,"Hon. Eugene F. Whelan, Ontario, Cada",124.00,1097.00,24.50,2.40,1.0,10.00,206.31 ,78.77 ,2.62 ,5.4,28.00,35.00,37.00
1024,137,A2,-82.44,42.13,188.00,8.90,832.00,1080,D,Cropland,GC,"Hon. Eugene F. Whelan, Ontario, Cada",100.00,936.00,20.50,2.00,1.0,10.60,206.31 ,78.77 ,2.62 ,5.4,28.00,35.00,37.00
1025,137,A2,-82.44,42.13,188.00,8.90,832.00,1080,D,Cropland,GC,"Hon. Eugene F. Whelan, Ontario, Cada",110.00,953.00,22.00,2.00,1.0,10.80,206.31 ,78.77 ,2.62 ,5.4,28.00,35.00,37.00
1026,137,A2,-82.44,42.13,188.00,8.90,832.00,1080,D,Cropland,GC,"Hon. Eugene F. Whelan, Ontario, Cada",100.00,883.00,19.80,2.10,1.0,9.40,206.31 ,78.77 ,2.62 ,5.4,28.00,35.00,37.00
1027,137,A2,-82.44,42.13,188.00,8.90,832.00,1080,D,Cropland,GC,"Hon. Eugene F. Whelan, Ontario, Cada",120.00,987.00,24.10,2.40,1.0,9.90,206.31 ,78.77 ,2.62 ,5.4,28.00,35.00,37.00
1028,137,A2,-82.44,42.13,188.00,8.90,832.00,1080,D,Cropland,GC,"Hon. Eugene F. Whelan, Ontario, Cada",130.00,1097.00,23.80,2.40,1.0,9.90,206.31 ,78.77 ,2.62 ,5.4,28.00,35.00,37.00
1029,137,A2,-82.44,42.13,188.00,8.90,832.00,1080,D,Cropland,GC,"Hon. Eugene F. Whelan, Ontario, Cada",107.00,997.00,23.20,2.30,1.0,10.20,206.31 ,78.77 ,2.62 ,5.4,28.00,35.00,37.00
1030,137,A2,-82.44,42.13,188.00,8.90,832.00,1080,D,Cropland,GC,"Hon. Eugene F. Whelan, Ontario, Cada",117.00,993.00,22.20,2.10,1.0,10.50,206.31 ,78.77 ,2.62 ,5.4,28.00,35.00,37.00
1031,137,A2,-82.44,42.13,188.00,8.90,832.00,1080,D,Cropland,GC,"Hon. Eugene F. Whelan, Ontario, Cada",126.00,1167.00,28.00,2.70,1.0,10.40,206.31 ,78.77 ,2.62 ,5.4,28.00,35.00,37.00
1032,137,A2,-82.44,42.13,188.00,8.90,832.00,1080,D,Cropland,GC,"Hon. Eugene F. Whelan, Ontario, Cada",110.00,946.00,22.10,2.20,1.0,10.10,206.31 ,78.77 ,2.62 ,5.4,28.00,35.00,37.00
1033,137,A2,-82.44,42.13,188.00,8.90,832.00,1080,D,Cropland,GC,"Hon. Eugene F. Whelan, Ontario, Cada",120.00,1044.00,22.70,2.00,1.0,11.20,206.31 ,78.77 ,2.62 ,5.4,28.00,35.00,37.00
1034,137,A2,-82.44,42.13,188.00,8.90,831.00,1080,D,Cropland,GC,"Hon. Eugene F. Whelan, Ontario, Cada",161.00,958.00,23.16,0.1,1.0,231.60 ,206.31 ,78.77 ,2.62 ,5.4,28.00,35.00,37.00
1035,137,A2,-82.44,42.13,188.00,8.90,831.00,1080,D,Cropland,GC,"Hon. Eugene F. Whelan, Ontario, Cada",142.00,1080.00,23.16,0.1,1.0,231.60 ,206.31 ,78.77 ,2.62 ,5.4,28.00,35.00,37.00
1036,137,A2,-82.44,42.13,188.00,8.90,831.00,1080,D,Cropland,GC,"Hon. Eugene F. Whelan, Ontario, Cada",203.00,1430.00,23.16,0.1,1.0,231.60 ,206.31 ,78.77 ,2.62 ,5.4,28.00,35.00,37.00
1037,137,A2,-82.44,42.13,188.00,8.90,831.00,1080,D,Cropland,GC,"Hon. Eugene F. Whelan, Ontario, Cada",133.00,1001.00,23.16,0.1,1.0,231.60 ,206.31 ,78.77 ,2.62 ,5.4,28.00,35.00,37.00
1038,137,A2,-82.44,42.13,188.00,8.90,831.00,1080,D,Cropland,GC,"Hon. Eugene F. Whelan, Ontario, Cada",133.00,918.00,23.16,0.1,1.0,231.60 ,206.31 ,78.77 ,2.62 ,5.4,28.00,35.00,37.00
1039,137,A2,-82.44,42.13,188.00,8.90,831.00,1080,D,Cropland,GC,"Hon. Eugene F. Whelan, Ontario, Cada",107.00,1020.00,23.16,0.1,1.0,231.60 ,206.31 ,78.77 ,2.62 ,5.4,28.00,35.00,37.00
1040,137,A2,-82.44,42.13,188.00,8.90,831.00,1080,D,Cropland,GC,"Hon. Eugene F. Whelan, Ontario, Cada",189.00,952.00,23.16,0.1,1.0,231.60 ,206.31 ,78.77 ,2.62 ,5.4,28.00,35.00,37.00
1041,137,A2,-82.44,42.13,188.00,8.90,831.00,1080,D,Cropland,GC,"Hon. Eugene F. Whelan, Ontario, Cada",139.00,1373.00,23.16,0.1,1.0,231.60 ,206.31 ,78.77 ,2.62 ,5.4,28.00,35.00,37.00
1042,137,A2,-82.44,42.13,188.00,8.90,831.00,1080,D,Cropland,GC,"Hon. Eugene F. Whelan, Ontario, Cada",256.00,1825.00,23.16,0.1,1.0,231.60 ,206.31 ,78.77 ,2.62 ,5.4,28.00,35.00,37.00
1043,137,A2,-82.44,42.13,188.00,8.90,831.00,1080,D,Cropland,GC,"Hon. Eugene F. Whelan, Ontario, Cada",152.00,1008.00,23.16,0.1,1.0,231.60 ,206.31 ,78.77 ,2.62 ,5.4,28.00,35.00,37.00
1044,137,A2,-82.44,42.13,188.00,8.90,831.00,1080,D,Cropland,GC,"Hon. Eugene F. Whelan, Ontario, Cada",124.00,1262.00,23.16,0.1,1.0,231.60 ,206.31 ,78.77 ,2.62 ,5.4,28.00,35.00,37.00
1045,137,A2,-82.44,42.13,188.00,8.90,831.00,1080,D,Cropland,GC,"Hon. Eugene F. Whelan, Ontario, Cada",137.00,1020.00,23.16,0.1,1.0,231.60 ,206.31 ,78.77 ,2.62 ,5.4,28.00,35.00,37.00
1046,137,A2,-82.44,42.13,188.00,8.90,831.00,1080,D,Cropland,GC,"Hon. Eugene F. Whelan, Ontario, Cada",98.00,1181.00,23.16,0.1,1.0,231.60 ,206.31 ,78.77 ,2.62 ,5.4,28.00,35.00,37.00
1047,137,A2,-82.44,42.13,188.00,8.90,831.00,1080,D,Cropland,GC,"Hon. Eugene F. Whelan, Ontario, Cada",269.00,2172.00,23.16,0.1,1.0,231.60 ,206.31 ,78.77 ,2.62 ,5.4,28.00,35.00,37.00
1048,137,A2,-82.44,42.13,188.00,8.90,831.00,1080,D,Cropland,GC,"Hon. Eugene F. Whelan, Ontario, Cada",134.00,1002.00,23.16,0.1,1.0,231.60 ,206.31 ,78.77 ,2.62 ,5.4,28.00,35.00,37.00
1049,137,A2,-82.44,42.13,188.00,8.90,831.00,1080,D,Cropland,GC,"Hon. Eugene F. Whelan, Ontario, Cada",90.00,1113.00,23.16,0.1,1.0,231.60 ,206.31 ,78.77 ,2.62 ,5.4,28.00,35.00,37.00
1050,137,A2,-82.44,42.13,188.00,8.90,831.00,1080,D,Cropland,GC,"Hon. Eugene F. Whelan, Ontario, Cada",279.00,2308.00,23.16,0.1,1.0,231.60 ,206.31 ,78.77 ,2.62 ,5.4,28.00,35.00,37.00
1051,137,A2,-82.44,42.13,188.00,8.90,831.00,1080,D,Cropland,GC,"Hon. Eugene F. Whelan, Ontario, Cada",169.00,971.00,23.16,0.1,1.0,231.60 ,206.31 ,78.77 ,2.62 ,5.4,28.00,35.00,37.00
1052,137,A2,-82.44,42.13,188.00,8.90,831.00,1080,D,Cropland,GC,"Hon. Eugene F. Whelan, Ontario, Cada",154.00,1014.00,23.16,0.1,1.0,231.60 ,206.31 ,78.77 ,2.62 ,5.4,28.00,35.00,37.00
1053,137,A2,-82.44,42.13,188.00,8.90,831.00,1080,D,Cropland,GC,"Hon. Eugene F. Whelan, Ontario, Cada",163.00,1113.00,23.16,0.1,1.0,231.60 ,206.31 ,78.77 ,2.62 ,5.4,28.00,35.00,37.00
1054,137,A2,-82.44,42.13,188.00,8.90,831.00,1080,D,Cropland,GC,"Hon. Eugene F. Whelan, Ontario, Cada",124.00,989.00,23.16,0.1,1.0,231.60 ,206.31 ,78.77 ,2.62 ,5.4,28.00,35.00,37.00
1055,137,A2,-82.44,42.13,188.00,8.90,831.00,1080,D,Cropland,GC,"Hon. Eugene F. Whelan, Ontario, Cada",131.00,958.00,23.16,0.1,1.0,231.60 ,206.31 ,78.77 ,2.62 ,5.4,28.00,35.00,37.00
1056,137,A2,-82.44,42.13,188.00,8.90,831.00,1080,D,Cropland,GC,"Hon. Eugene F. Whelan, Ontario, Cada",89.00,964.00,23.16,0.1,1.0,231.60 ,206.31 ,78.77 ,2.62 ,5.4,28.00,35.00,37.00
1057,137,A2,-82.44,42.13,188.00,8.90,831.00,1080,D,Cropland,GC,"Hon. Eugene F. Whelan, Ontario, Cada",105.00,865.00,23.16,0.1,1.0,231.60 ,206.31 ,78.77 ,2.62 ,5.4,28.00,35.00,37.00
1058,137,A2,-82.44,42.13,188.00,8.90,831.00,1080,D,Cropland,GC,"Hon. Eugene F. Whelan, Ontario, Cada",233.00,1150.00,23.16,0.1,1.0,231.60 ,206.31 ,78.77 ,2.62 ,5.4,28.00,35.00,37.00
1059,137,A2,-82.44,42.13,188.00,8.90,831.00,1080,D,Cropland,GC,"Hon. Eugene F. Whelan, Ontario, Cada",85.00,989.00,23.16,0.1,1.0,231.60 ,206.31 ,78.77 ,2.62 ,5.4,28.00,35.00,37.00
1060,137,A2,-82.44,42.13,188.00,8.90,831.00,1080,D,Cropland,GC,"Hon. Eugene F. Whelan, Ontario, Cada",99.00,890.00,23.16,0.1,1.0,231.60 ,206.31 ,78.77 ,2.62 ,5.4,28.00,35.00,37.00
1061,137,A2,-82.44,42.13,188.00,8.90,831.00,1080,D,Cropland,GC,"Hon. Eugene F. Whelan, Ontario, Cada",241.00,1255.00,23.16,0.1,1.0,231.60 ,206.31 ,78.77 ,2.62 ,5.4,28.00,35.00,37.00
1062,137,A2,-82.44,42.13,188.00,8.90,831.00,1080,D,Cropland,GC,"Hon. Eugene F. Whelan, Ontario, Cada",149.00,1039.00,23.16,0.1,1.0,231.60 ,206.31 ,78.77 ,2.62 ,5.4,28.00,35.00,37.00
1063,137,A2,-82.44,42.13,188.00,8.90,831.00,1080,D,Cropland,GC,"Hon. Eugene F. Whelan, Ontario, Cada",136.00,940.00,23.16,0.1,1.0,231.60 ,206.31 ,78.77 ,2.62 ,5.4,28.00,35.00,37.00
1064,137,A2,-82.44,42.13,188.00,8.90,831.00,1080,D,Cropland,GC,"Hon. Eugene F. Whelan, Ontario, Cada",109.00,1076.00,23.16,0.1,1.0,231.60 ,206.31 ,78.77 ,2.62 ,5.4,28.00,35.00,37.00
1065,137,A2,-82.44,42.13,188.00,8.90,831.00,1080,D,Cropland,GC,"Hon. Eugene F. Whelan, Ontario, Cada",113.00,952.00,23.16,0.1,1.0,231.60 ,206.31 ,78.77 ,2.62 ,5.4,28.00,35.00,37.00
1066,137,A2,-82.44,42.13,188.00,8.90,831.00,1080,D,Cropland,GC,"Hon. Eugene F. Whelan, Ontario, Cada",104.00,890.00,23.16,0.1,1.0,231.60 ,206.31 ,78.77 ,2.62 ,5.4,28.00,35.00,37.00
1067,137,A2,-82.44,42.13,188.00,8.90,831.00,1080,D,Cropland,GC,"Hon. Eugene F. Whelan, Ontario, Cada",85.00,896.00,23.16,0.1,1.0,231.60 ,206.31 ,78.77 ,2.62 ,5.4,28.00,35.00,37.00
1068,137,A2,-82.44,42.13,188.00,8.90,831.00,1080,D,Cropland,GC,"Hon. Eugene F. Whelan, Ontario, Cada",82.00,933.00,23.16,0.1,1.0,231.60 ,206.31 ,78.77 ,2.62 ,5.4,28.00,35.00,37.00
1069,137,A2,-82.44,42.13,188.00,8.90,831.00,1080,D,Cropland,GC,"Hon. Eugene F. Whelan, Ontario, Cada",204.00,1200.00,23.16,0.1,1.0,231.60 ,206.31 ,78.77 ,2.62 ,5.4,28.00,35.00,37.00
1070,137,A2,-82.44,42.13,188.00,8.90,831.00,1080,D,Cropland,GC,"Hon. Eugene F. Whelan, Ontario, Cada",89.00,927.00,23.16,0.1,1.0,231.60 ,206.31 ,78.77 ,2.62 ,5.4,28.00,35.00,37.00
1071,137,A2,-82.44,42.13,188.00,8.90,831.00,1080,D,Cropland,GC,"Hon. Eugene F. Whelan, Ontario, Cada",81.00,915.00,23.16,0.1,1.0,231.60 ,206.31 ,78.77 ,2.62 ,5.4,28.00,35.00,37.00
1072,137,A2,-82.44,42.13,188.00,8.90,831.00,1080,D,Cropland,GC,"Hon. Eugene F. Whelan, Ontario, Cada",224.00,1206.00,23.16,0.1,1.0,231.60 ,206.31 ,78.77 ,2.62 ,5.4,28.00,35.00,37.00
1073,137,A2,-82.44,42.13,188.00,8.90,831.00,1080,D,Cropland,GC,"Hon. Eugene F. Whelan, Ontario, Cada",131.00,885.00,23.16,0.1,1.0,231.60 ,206.31 ,78.77 ,2.62 ,5.4,28.00,35.00,37.00
1074,137,A2,-82.44,42.13,188.00,8.90,831.00,1080,D,Cropland,GC,"Hon. Eugene F. Whelan, Ontario, Cada",140.00,1373.00,23.16,0.1,1.0,231.60 ,206.31 ,78.77 ,2.62 ,5.4,28.00,35.00,37.00
1075,137,A2,-82.44,42.13,188.00,8.90,831.00,1080,D,Cropland,GC,"Hon. Eugene F. Whelan, Ontario, Cada",119.00,939.00,23.16,0.1,1.0,231.60 ,206.31 ,78.77 ,2.62 ,5.4,28.00,35.00,37.00
1076,137,A2,-82.44,42.13,188.00,8.90,831.00,1080,D,Cropland,GC,"Hon. Eugene F. Whelan, Ontario, Cada",124.00,1261.00,23.16,0.1,1.0,231.60 ,206.31 ,78.77 ,2.62 ,5.4,28.00,35.00,37.00
1077,137,A2,-82.44,42.13,188.00,8.90,831.00,1080,D,Cropland,GC,"Hon. Eugene F. Whelan, Ontario, Cada",109.00,943.00,23.16,0.1,1.0,231.60 ,206.31 ,78.77 ,2.62 ,5.4,28.00,35.00,37.00
1078,137,A2,-82.44,42.13,188.00,8.90,831.00,1080,D,Cropland,GC,"Hon. Eugene F. Whelan, Ontario, Cada",99.00,1181.00,23.16,0.1,1.0,231.60 ,206.31 ,78.77 ,2.62 ,5.4,28.00,35.00,37.00
1079,137,A2,-82.44,42.13,188.00,8.90,831.00,1080,D,Cropland,GC,"Hon. Eugene F. Whelan, Ontario, Cada",106.00,925.00,23.16,0.1,1.0,231.60 ,206.31 ,78.77 ,2.62 ,5.4,28.00,35.00,37.00
1080,137,A2,-82.44,42.13,188.00,8.90,831.00,1080,D,Cropland,GC,"Hon. Eugene F. Whelan, Ontario, Cada",91.00,1122.00,23.16,0.1,1.0,231.60 ,206.31 ,78.77 ,2.62 ,5.4,28.00,35.00,37.00
1081,137,A2,-82.44,42.13,188.00,8.90,831.00,1080,D,Cropland,GC,"Hon. Eugene F. Whelan, Ontario, Cada",134.00,858.00,23.16,0.1,1.0,231.60 ,206.31 ,78.77 ,2.62 ,5.4,28.00,35.00,37.00
1082,137,A2,-82.44,42.13,188.00,8.90,831.00,1080,D,Cropland,GC,"Hon. Eugene F. Whelan, Ontario, Cada",156.00,1006.00,23.16,0.1,1.0,231.60 ,206.31 ,78.77 ,2.62 ,5.4,28.00,35.00,37.00
1083,137,A2,-82.44,42.13,188.00,8.90,831.00,1080,D,Cropland,GC,"Hon. Eugene F. Whelan, Ontario, Cada",113.00,903.00,23.16,0.1,1.0,231.60 ,206.31 ,78.77 ,2.62 ,5.4,28.00,35.00,37.00
1084,137,A2,-82.44,42.13,188.00,8.90,831.00,1080,D,Cropland,GC,"Hon. Eugene F. Whelan, Ontario, Cada",132.00,961.00,23.16,0.1,1.0,231.60 ,206.31 ,78.77 ,2.62 ,5.4,28.00,35.00,37.00
1085,137,A2,-82.44,42.13,188.00,8.90,831.00,1080,D,Cropland,GC,"Hon. Eugene F. Whelan, Ontario, Cada",109.00,952.00,23.16,0.1,1.0,231.60 ,206.31 ,78.77 ,2.62 ,5.4,28.00,35.00,37.00
1086,137,A2,-82.44,42.13,188.00,8.90,831.00,1080,D,Cropland,GC,"Hon. Eugene F. Whelan, Ontario, Cada",104.00,858.00,23.16,0.1,1.0,231.60 ,206.31 ,78.77 ,2.62 ,5.4,28.00,35.00,37.00
1087,137,A2,-82.44,42.13,188.00,8.90,831.00,1080,D,Cropland,GC,"Hon. Eugene F. Whelan, Ontario, Cada",106.00,921.00,23.16,0.1,1.0,231.60 ,206.31 ,78.77 ,2.62 ,5.4,28.00,35.00,37.00
1088,137,A2,-82.44,42.13,188.00,8.90,831.00,1080,D,Cropland,GC,"Hon. Eugene F. Whelan, Ontario, Cada",99.00,890.00,23.16,0.1,1.0,231.60 ,206.31 ,78.77 ,2.62 ,5.4,28.00,35.00,37.00
1089,137,A2,-82.44,42.13,188.00,8.90,831.00,1080,D,Cropland,GC,"Hon. Eugene F. Whelan, Ontario, Cada",146.00,939.00,23.16,0.1,1.0,231.60 ,206.31 ,78.77 ,2.62 ,5.4,28.00,35.00,37.00
1090,137,A2,-82.44,42.13,188.00,8.90,831.00,1080,D,Cropland,GC,"Hon. Eugene F. Whelan, Ontario, Cada",137.00,934.00,23.16,0.1,1.0,231.60 ,206.31 ,78.77 ,2.62 ,5.4,28.00,35.00,37.00
1091,137,A2,-82.44,42.13,188.00,8.90,831.00,1080,D,Cropland,GC,"Hon. Eugene F. Whelan, Ontario, Cada",122.00,849.00,23.16,0.1,1.0,231.60 ,206.31 ,78.77 ,2.62 ,5.4,28.00,35.00,37.00
1092,137,A2,-82.44,42.13,188.00,8.90,831.00,1080,D,Cropland,GC,"Hon. Eugene F. Whelan, Ontario, Cada",107.00,890.00,23.16,0.1,1.0,231.60 ,206.31 ,78.77 ,2.62 ,5.4,28.00,35.00,37.00
1093,137,A2,-82.44,42.13,188.00,8.90,831.00,1080,D,Cropland,GC,"Hon. Eugene F. Whelan, Ontario, Cada",90.00,885.00,23.16,0.1,1.0,231.60 ,206.31 ,78.77 ,2.62 ,5.4,28.00,35.00,37.00
1094,137,A2,-82.44,42.13,188.00,8.90,831.00,1080,D,Cropland,GC,"Hon. Eugene F. Whelan, Ontario, Cada",84.00,925.00,23.16,0.1,1.0,231.60 ,206.31 ,78.77 ,2.62 ,5.4,28.00,35.00,37.00
1095,137,A2,-82.44,42.13,188.00,8.90,831.00,1080,D,Cropland,GC,"Hon. Eugene F. Whelan, Ontario, Cada",87.00,916.00,23.16,0.1,1.0,231.60 ,206.31 ,78.77 ,2.62 ,5.4,28.00,35.00,37.00
1096,137,A2,-82.44,42.13,188.00,8.90,831.00,1080,D,Cropland,GC,"Hon. Eugene F. Whelan, Ontario, Cada",81.00,907.00,23.16,0.1,1.0,231.60 ,206.31 ,78.77 ,2.62 ,5.4,28.00,35.00,37.00
1097,137,A2,-82.44,42.13,188.00,8.90,831.00,1080,D,Cropland,GC,"Hon. Eugene F. Whelan, Ontario, Cada",189.00,942.00,23.16,0.1,1.0,231.60 ,206.31 ,78.77 ,2.62 ,5.4,28.00,35.00,37.00
1098,137,A2,-82.44,42.13,188.00,8.90,831.00,1080,D,Cropland,GC,"Hon. Eugene F. Whelan, Ontario, Cada",101.00,891.00,23.16,0.1,1.0,231.60 ,206.31 ,78.77 ,2.62 ,5.4,28.00,35.00,37.00
1099,137,A2,-82.44,42.13,188.00,8.90,831.00,1080,D,Cropland,GC,"Hon. Eugene F. Whelan, Ontario, Cada",153.00,1004.00,23.16,0.1,1.0,231.60 ,206.31 ,78.77 ,2.62 ,5.4,28.00,35.00,37.00
1100,137,A2,-82.44,42.13,188.00,8.90,831.00,1080,D,Cropland,GC,"Hon. Eugene F. Whelan, Ontario, Cada",108.00,1052.00,23.16,0.1,1.0,231.60 ,206.31 ,78.77 ,2.62 ,5.4,28.00,35.00,37.00
1101,137,A2,-82.44,42.13,188.00,8.90,831.00,1080,D,Cropland,GC,"Hon. Eugene F. Whelan, Ontario, Cada",137.00,1010.00,23.16,0.1,1.0,231.60 ,206.31 ,78.77 ,2.62 ,5.4,28.00,35.00,37.00
1102,137,A2,-82.44,42.13,188.00,8.90,831.00,1080,D,Cropland,GC,"Hon. Eugene F. Whelan, Ontario, Cada",118.00,1082.00,23.16,0.1,1.0,231.60 ,206.31 ,78.77 ,2.62 ,5.4,28.00,35.00,37.00
1103,137,A2,-82.44,42.13,188.00,8.90,831.00,1080,D,Cropland,GC,"Hon. Eugene F. Whelan, Ontario, Cada",134.00,996.00,23.16,0.1,1.0,231.60 ,206.31 ,78.77 ,2.62 ,5.4,28.00,35.00,37.00
1104,137,A2,-82.44,42.13,188.00,8.90,831.00,1080,D,Cropland,GC,"Hon. Eugene F. Whelan, Ontario, Cada",118.00,1118.00,23.16,0.1,1.0,231.60 ,206.31 ,78.77 ,2.62 ,5.4,28.00,35.00,37.00
1105,137,A2,-82.44,42.13,188.00,8.90,831.00,1080,D,Cropland,GC,"Hon. Eugene F. Whelan, Ontario, Cada",168.00,963.00,23.16,0.1,1.0,231.60 ,206.31 ,78.77 ,2.62 ,5.4,28.00,35.00,37.00
1106,137,A2,-82.44,42.13,188.00,8.90,831.00,1080,D,Cropland,GC,"Hon. Eugene F. Whelan, Ontario, Cada",164.00,906.00,23.16,0.1,1.0,231.60 ,206.31 ,78.77 ,2.62 ,5.4,28.00,35.00,37.00
1107,137,A2,-82.44,42.13,188.00,8.90,831.00,1080,D,Cropland,GC,"Hon. Eugene F. Whelan, Ontario, Cada",124.00,978.00,23.16,0.1,1.0,231.60 ,206.31 ,78.77 ,2.62 ,5.4,28.00,35.00,37.00
1108,137,A2,-82.44,42.13,188.00,8.90,831.00,1080,D,Cropland,GC,"Hon. Eugene F. Whelan, Ontario, Cada",126.00,954.00,23.16,0.1,1.0,231.60 ,206.31 ,78.77 ,2.62 ,5.4,28.00,35.00,37.00
1109,137,A2,-82.44,42.13,188.00,8.90,831.00,1080,D,Cropland,GC,"Hon. Eugene F. Whelan, Ontario, Cada",89.00,951.00,23.16,0.1,1.0,231.60 ,206.31 ,78.77 ,2.62 ,5.4,28.00,35.00,37.00
1110,137,A2,-82.44,42.13,188.00,8.90,831.00,1080,D,Cropland,GC,"Hon. Eugene F. Whelan, Ontario, Cada",108.00,930.00,23.16,0.1,1.0,231.60 ,206.31 ,78.77 ,2.62 ,5.4,28.00,35.00,37.00
1111,137,A2,-82.44,42.13,188.00,8.90,831.00,1080,D,Cropland,GC,"Hon. Eugene F. Whelan, Ontario, Cada",86.00,984.00,23.16,0.1,1.0,231.60 ,206.31 ,78.77 ,2.62 ,5.4,28.00,35.00,37.00
1112,137,A2,-82.44,42.13,188.00,8.90,831.00,1080,D,Cropland,GC,"Hon. Eugene F. Whelan, Ontario, Cada",107.00,912.00,23.16,0.1,1.0,231.60 ,206.31 ,78.77 ,2.62 ,5.4,28.00,35.00,37.00
1113,137,A2,-82.44,42.13,188.00,8.90,831.00,1080,D,Cropland,GC,"Hon. Eugene F. Whelan, Ontario, Cada",149.00,1043.00,23.16,0.1,1.0,231.60 ,206.31 ,78.77 ,2.62 ,5.4,28.00,35.00,37.00
1114,137,A2,-82.44,42.13,188.00,8.90,831.00,1080,D,Cropland,GC,"Hon. Eugene F. Whelan, Ontario, Cada",137.00,942.00,23.16,0.1,1.0,231.60 ,206.31 ,78.77 ,2.62 ,5.4,28.00,35.00,37.00
1115,137,A2,-82.44,42.13,188.00,8.90,831.00,1080,D,Cropland,GC,"Hon. Eugene F. Whelan, Ontario, Cada",113.00,945.00,23.16,0.1,1.0,231.60 ,206.31 ,78.77 ,2.62 ,5.4,28.00,35.00,37.00
1116,137,A2,-82.44,42.13,188.00,8.90,831.00,1080,D,Cropland,GC,"Hon. Eugene F. Whelan, Ontario, Cada",141.00,933.00,23.16,0.1,1.0,231.60 ,206.31 ,78.77 ,2.62 ,5.4,28.00,35.00,37.00
1117,137,A2,-82.44,42.13,188.00,8.90,831.00,1080,D,Cropland,GC,"Hon. Eugene F. Whelan, Ontario, Cada",83.00,882.00,23.16,0.1,1.0,231.60 ,206.31 ,78.77 ,2.62 ,5.4,28.00,35.00,37.00
1118,137,A2,-82.44,42.13,188.00,8.90,831.00,1080,D,Cropland,GC,"Hon. Eugene F. Whelan, Ontario, Cada",142.00,909.00,23.16,0.1,1.0,231.60 ,206.31 ,78.77 ,2.62 ,5.4,28.00,35.00,37.00
1119,137,A2,-82.44,42.13,188.00,8.90,831.00,1080,D,Cropland,GC,"Hon. Eugene F. Whelan, Ontario, Cada",90.00,912.00,23.16,0.1,1.0,231.60 ,206.31 ,78.77 ,2.62 ,5.4,28.00,35.00,37.00
1120,137,A2,-82.44,42.13,188.00,8.90,831.00,1080,D,Cropland,GC,"Hon. Eugene F. Whelan, Ontario, Cada",151.00,939.00,23.16,0.1,1.0,231.60 ,206.31 ,78.77 ,2.62 ,5.4,28.00,35.00,37.00
1121,137,A2,-82.44,42.13,188.00,8.90,831.00,1080,D,Cropland,GC,"Hon. Eugene F. Whelan, Ontario, Cada",93.00,925.00,23.16,0.1,1.0,231.60 ,206.31 ,78.77 ,2.62 ,5.4,28.00,35.00,37.00
1122,137,A2,-82.44,42.13,188.00,8.90,831.00,1080,D,Cropland,GC,"Hon. Eugene F. Whelan, Ontario, Cada",256.00,1828.00,23.16,0.1,1.0,231.60 ,206.31 ,78.77 ,2.62 ,5.4,28.00,35.00,37.00
1123,137,A2,-82.44,42.13,188.00,8.90,831.00,1080,D,Cropland,GC,"Hon. Eugene F. Whelan, Ontario, Cada",144.00,1082.00,23.16,0.1,1.0,231.60 ,206.31 ,78.77 ,2.62 ,5.4,28.00,35.00,37.00
1124,137,A2,-82.44,42.13,188.00,8.90,831.00,1080,D,Cropland,GC,"Hon. Eugene F. Whelan, Ontario, Cada",269.00,2179.00,23.16,0.1,1.0,231.60 ,206.31 ,78.77 ,2.62 ,5.4,28.00,35.00,37.00
1125,137,A2,-82.44,42.13,188.00,8.90,831.00,1080,D,Cropland,GC,"Hon. Eugene F. Whelan, Ontario, Cada",154.00,1082.00,23.16,0.1,1.0,231.60 ,206.31 ,78.77 ,2.62 ,5.4,28.00,35.00,37.00
1126,137,A2,-82.44,42.13,188.00,8.90,831.00,1080,D,Cropland,GC,"Hon. Eugene F. Whelan, Ontario, Cada",279.00,2306.00,23.16,0.1,1.0,231.60 ,206.31 ,78.77 ,2.62 ,5.4,28.00,35.00,37.00
1127,137,A2,-82.44,42.13,188.00,8.90,831.00,1080,D,Cropland,GC,"Hon. Eugene F. Whelan, Ontario, Cada",148.00,1179.00,23.16,0.1,1.0,231.60 ,206.31 ,78.77 ,2.62 ,5.4,28.00,35.00,37.00
1128,137,A2,-82.44,42.13,188.00,8.90,831.00,1080,D,Cropland,GC,"Hon. Eugene F. Whelan, Ontario, Cada",161.00,1112.00,23.16,0.1,1.0,231.60 ,206.31 ,78.77 ,2.62 ,5.4,28.00,35.00,37.00
1129,137,A2,-82.44,42.13,188.00,8.90,831.00,1080,D,Cropland,GC,"Hon. Eugene F. Whelan, Ontario, Cada",160.00,1149.00,23.16,0.1,1.0,231.60 ,206.31 ,78.77 ,2.62 ,5.4,28.00,35.00,37.00
1130,137,A2,-82.44,42.13,188.00,8.90,831.00,1080,D,Cropland,GC,"Hon. Eugene F. Whelan, Ontario, Cada",232.00,1164.00,23.16,0.1,1.0,231.60 ,206.31 ,78.77 ,2.62 ,5.4,28.00,35.00,37.00
1131,137,A2,-82.44,42.13,188.00,8.90,831.00,1080,D,Cropland,GC,"Hon. Eugene F. Whelan, Ontario, Cada",168.00,1097.00,23.16,0.1,1.0,231.60 ,206.31 ,78.77 ,2.62 ,5.4,28.00,35.00,37.00
1132,137,A2,-82.44,42.13,188.00,8.90,831.00,1080,D,Cropland,GC,"Hon. Eugene F. Whelan, Ontario, Cada",243.00,1261.00,23.16,0.1,1.0,231.60 ,206.31 ,78.77 ,2.62 ,5.4,28.00,35.00,37.00
1133,137,A2,-82.44,42.13,188.00,8.90,831.00,1080,D,Cropland,GC,"Hon. Eugene F. Whelan, Ontario, Cada",172.00,1328.00,23.16,0.1,1.0,231.60 ,206.31 ,78.77 ,2.62 ,5.4,28.00,35.00,37.00
1134,137,A2,-82.44,42.13,188.00,8.90,831.00,1080,D,Cropland,GC,"Hon. Eugene F. Whelan, Ontario, Cada",109.00,1067.00,23.16,0.1,1.0,231.60 ,206.31 ,78.77 ,2.62 ,5.4,28.00,35.00,37.00
1135,137,A2,-82.44,42.13,188.00,8.90,831.00,1080,D,Cropland,GC,"Hon. Eugene F. Whelan, Ontario, Cada",178.00,1209.00,23.16,0.1,1.0,231.60 ,206.31 ,78.77 ,2.62 ,5.4,28.00,35.00,37.00
1136,137,A2,-82.44,42.13,188.00,8.90,831.00,1080,D,Cropland,GC,"Hon. Eugene F. Whelan, Ontario, Cada",204.00,1216.00,23.16,0.1,1.0,231.60 ,206.31 ,78.77 ,2.62 ,5.4,28.00,35.00,37.00
1137,137,A2,-82.44,42.13,188.00,8.90,831.00,1080,D,Cropland,GC,"Hon. Eugene F. Whelan, Ontario, Cada",182.00,1104.00,23.16,0.1,1.0,231.60 ,206.31 ,78.77 ,2.62 ,5.4,28.00,35.00,37.00
1138,137,A2,-82.44,42.13,188.00,8.90,831.00,1080,D,Cropland,GC,"Hon. Eugene F. Whelan, Ontario, Cada",224.00,1201.00,23.16,0.1,1.0,231.60 ,206.31 ,78.77 ,2.62 ,5.4,28.00,35.00,37.00
1139,138,A2,8.39,49.52,144.00,10.10,765.00,948,C,forest,GC,"Merck, Darmstadt, Germany",52.00,4606.00,443.00,12.80,0.5,34.61,466.14 ,52.40 ,8.90 ,6.4,44,25,29
1140,138,A2,8.39,49.52,144.00,10.10,765.00,948,C,forest,GC,"Merck, Darmstadt, Germany",85.00,4228.00,444.00,14.30,0.5,31.05,466.14 ,52.40 ,8.90 ,6.4,44,25,29
1141,138,A2,8.39,49.52,144.00,10.10,765.00,948,C,forest,GC,"Merck, Darmstadt, Germany",85.00,3655.00,437.00,14.70,0.5,29.73,466.14 ,52.40 ,8.90 ,6.4,44,25,29
1142,138,A2,8.39,49.52,144.00,10.10,765.00,948,C,forest,GC,"Merck, Darmstadt, Germany",128.00,5242.00,437.00,17.20,0.5,25.41,466.14 ,52.40 ,8.90 ,6.4,44,25,29
1143,138,A2,8.39,49.52,144.00,10.10,765.00,948,C,forest,GC,"Merck, Darmstadt, Germany",150.00,5987.00,439.00,20.30,0.5,21.63,466.14 ,52.40 ,8.90 ,6.4,44,25,29
1144,138,A2,8.39,49.52,144.00,10.10,765.00,948,C,forest,GC,"Merck, Darmstadt, Germany",382.00,6116.00,423.00,21.40,0.5,19.77,466.14 ,52.40 ,8.90 ,6.4,44,25,29
1145,139,A2,128.06,42.24,600.00,2.60,708.00,894,D,forest,GC,"Changbai Mountains, Chi",,346.00,58.67,5.61,1.2,10.46,243.31 ,47.02 ,5.17 ,4.08,31.94,43.70,24.36
1146,140,A2,123.26,41.46,229.00,7.60,629.00,1201,D,Cropland,GC,"Shenyang Agricultural University, Chi",59.00,759.00,17.85,1.21,0.4,14.77,189.37 ,76.81 ,2.47 ,6.00,21.08,58.06,19.39
1147,140,A2,123.26,41.46,229.00,7.60,629.00,1201,D,Cropland,GC,"Shenyang Agricultural University, Chi",50.00,808.00,15.90,1.29,0.4,12.35,506.17,76.81 ,6.59 ,6.00,21.08,58.06,19.39
1148,140,A2,123.26,41.46,229.00,7.60,629.00,1201,D,Cropland,GC,"Shenyang Agricultural University, Chi",65.00,862.00,15.52,1.35,0.4,11.46,360.18,76.81 ,4.69 ,6.00,21.08,58.06,19.39
1149,140,A2,123.26,41.46,229.00,7.60,629.00,1201,D,Cropland,GC,"Shenyang Agricultural University, Chi",69.00,1035.00,15.41,1.40,0.4,11.01,364.29,76.81 ,4.74 ,6.00,21.08,58.06,19.39
1150,140,A2,123.26,41.46,229.00,7.60,629.00,1201,D,Cropland,GC,"Shenyang Agricultural University, Chi",68.00,956.00,14.73,1.41,0.4,10.47,312.91,76.81 ,4.07 ,6.00,21.08,58.06,19.39
1151,140,A2,123.26,41.46,229.00,7.60,629.00,1201,D,Cropland,GC,"Shenyang Agricultural University, Chi",67.00,902.00,14.78,1.44,0.4,10.27,317.23,76.81 ,4.13 ,6.00,21.08,58.06,19.39
1152,140,A2,123.26,41.46,229.00,7.60,629.00,1201,D,Cropland,GC,"Shenyang Agricultural University, Chi",77.00,858.00,14.69,1.53,0.4,9.58,368.10,76.81 ,4.79 ,6.00,21.08,58.06,19.39
1153,140,A2,123.26,41.46,229.00,7.60,629.00,1201,D,Cropland,GC,"Shenyang Agricultural University, Chi",60.00,897.00,14.74,1.55,0.4,9.53,281.41,76.81 ,3.66 ,6.00,21.08,58.06,19.39
1154,140,A2,123.26,41.46,229.00,7.60,629.00,1201,D,Cropland,GC,"Shenyang Agricultural University, Chi",65.00,838.00,14.50,1.55,0.4,9.38,387.85,76.81 ,5.05 ,6.00,21.08,58.06,19.39
1155,140,A2,123.26,41.46,229.00,7.60,629.00,1201,D,Cropland,GC,"Shenyang Agricultural University, Chi",30.00,696.00,17.85,1.21,0.4,14.77,189.37 ,76.81 ,2.47 ,6.00,21.08,58.06,19.39
1156,140,A2,123.26,41.46,229.00,7.60,629.00,1201,D,Cropland,GC,"Shenyang Agricultural University, Chi",42.00,601.00,15.90,1.29,0.4,12.35,506.17,76.81 ,6.59 ,6.00,21.08,58.06,19.39
1157,140,A2,123.26,41.46,229.00,7.60,629.00,1201,D,Cropland,GC,"Shenyang Agricultural University, Chi",40.00,769.00,15.52,1.35,0.4,11.46,360.18,76.81 ,4.69 ,6.00,21.08,58.06,19.39
1158,140,A2,123.26,41.46,229.00,7.60,629.00,1201,D,Cropland,GC,"Shenyang Agricultural University, Chi",56.00,765.00,15.41,1.40,0.4,11.01,364.29,76.81 ,4.74 ,6.00,21.08,58.06,19.39
1159,140,A2,123.26,41.46,229.00,7.60,629.00,1201,D,Cropland,GC,"Shenyang Agricultural University, Chi",52.00,848.00,14.73,1.41,0.4,10.47,312.91,76.81 ,4.07 ,6.00,21.08,58.06,19.39
1160,140,A2,123.26,41.46,229.00,7.60,629.00,1201,D,Cropland,GC,"Shenyang Agricultural University, Chi",59.00,834.00,14.78,1.44,0.4,10.27,317.23,76.81 ,4.13 ,6.00,21.08,58.06,19.39
1161,140,A2,123.26,41.46,229.00,7.60,629.00,1201,D,Cropland,GC,"Shenyang Agricultural University, Chi",50.00,755.00,14.69,1.53,0.4,9.58,368.10,76.81 ,4.79 ,6.00,21.08,58.06,19.39
1162,140,A2,123.26,41.46,229.00,7.60,629.00,1201,D,Cropland,GC,"Shenyang Agricultural University, Chi",48.00,765.00,14.74,1.55,0.4,9.53,281.41,76.81 ,3.66 ,6.00,21.08,58.06,19.39
1163,140,A2,123.26,41.46,229.00,7.60,629.00,1201,D,Cropland,GC,"Shenyang Agricultural University, Chi",40.00,676.00,14.50,1.55,0.4,9.38,387.85,76.81 ,5.05 ,6.00,21.08,58.06,19.39
1164,140,A2,123.26,41.46,229.00,7.60,629.00,1201,D,Cropland,GC,"Shenyang Agricultural University, Chi",112.00,1210.00,17.85,1.21,0.4,14.77,189.37 ,76.81 ,2.47 ,6.00,21.08,58.06,19.39
1165,140,A2,123.26,41.46,229.00,7.60,629.00,1201,D,Cropland,GC,"Shenyang Agricultural University, Chi",114.00,1693.00,15.90,1.29,0.4,12.35,506.17,76.81 ,6.59 ,6.00,21.08,58.06,19.39
1166,140,A2,123.26,41.46,229.00,7.60,629.00,1201,D,Cropland,GC,"Shenyang Agricultural University, Chi",129.00,1861.00,15.52,1.35,0.4,11.46,360.18,76.81 ,4.69 ,6.00,21.08,58.06,19.39
1167,140,A2,123.26,41.46,229.00,7.60,629.00,1201,D,Cropland,GC,"Shenyang Agricultural University, Chi",142.00,1822.00,15.41,1.40,0.4,11.01,364.29,76.81 ,4.74 ,6.00,21.08,58.06,19.39
1168,140,A2,123.26,41.46,229.00,7.60,629.00,1201,D,Cropland,GC,"Shenyang Agricultural University, Chi",129.00,1925.00,14.73,1.41,0.4,10.47,312.91,76.81 ,4.07 ,6.00,21.08,58.06,19.39
1169,140,A2,123.26,41.46,229.00,7.60,629.00,1201,D,Cropland,GC,"Shenyang Agricultural University, Chi",139.00,1985.00,14.78,1.44,0.4,10.27,317.23,76.81 ,4.13 ,6.00,21.08,58.06,19.39
1170,140,A2,123.26,41.46,229.00,7.60,629.00,1201,D,Cropland,GC,"Shenyang Agricultural University, Chi",140.00,1847.00,14.69,1.53,0.4,9.58,368.10,76.81 ,4.79 ,6.00,21.08,58.06,19.39
1171,140,A2,123.26,41.46,229.00,7.60,629.00,1201,D,Cropland,GC,"Shenyang Agricultural University, Chi",156.00,1738.00,14.74,1.55,0.4,9.53,281.41,76.81 ,3.66 ,6.00,21.08,58.06,19.39
1172,140,A2,123.26,41.46,229.00,7.60,629.00,1201,D,Cropland,GC,"Shenyang Agricultural University, Chi",154.00,1709.00,14.50,1.55,0.4,9.38,387.85,76.81 ,5.05 ,6.00,21.08,58.06,19.39
1173,140,A2,123.26,41.46,229.00,7.60,629.00,1201,D,Cropland,GC,"Shenyang Agricultural University, Chi",73.00,1020.00,17.85,1.21,0.4,14.77,189.37 ,76.81 ,2.47 ,6.00,21.08,58.06,19.39
1174,140,A2,123.26,41.46,229.00,7.60,629.00,1201,D,Cropland,GC,"Shenyang Agricultural University, Chi",73.00,1202.00,15.90,1.29,0.4,12.35,506.17,76.81 ,6.59 ,6.00,21.08,58.06,19.39
1175,140,A2,123.26,41.46,229.00,7.60,629.00,1201,D,Cropland,GC,"Shenyang Agricultural University, Chi",79.00,1192.00,15.52,1.35,0.4,11.46,360.18,76.81 ,4.69 ,6.00,21.08,58.06,19.39
1176,140,A2,123.26,41.46,229.00,7.60,629.00,1201,D,Cropland,GC,"Shenyang Agricultural University, Chi",85.00,1361.00,15.41,1.40,0.4,11.01,364.29,76.81 ,4.74 ,6.00,21.08,58.06,19.39
1177,140,A2,123.26,41.46,229.00,7.60,629.00,1201,D,Cropland,GC,"Shenyang Agricultural University, Chi",82.00,1329.00,14.73,1.41,0.4,10.47,312.91,76.81 ,4.07 ,6.00,21.08,58.06,19.39
1178,140,A2,123.26,41.46,229.00,7.60,629.00,1201,D,Cropland,GC,"Shenyang Agricultural University, Chi",90.00,1311.00,14.78,1.44,0.4,10.27,317.23,76.81 ,4.13 ,6.00,21.08,58.06,19.39
1179,140,A2,123.26,41.46,229.00,7.60,629.00,1201,D,Cropland,GC,"Shenyang Agricultural University, Chi",90.00,1183.00,14.69,1.53,0.4,9.58,368.10,76.81 ,4.79 ,6.00,21.08,58.06,19.39
1180,140,A2,123.26,41.46,229.00,7.60,629.00,1201,D,Cropland,GC,"Shenyang Agricultural University, Chi",86.00,1192.00,14.74,1.55,0.4,9.53,281.41,76.81 ,3.66 ,6.00,21.08,58.06,19.39
1181,140,A2,123.26,41.46,229.00,7.60,629.00,1201,D,Cropland,GC,"Shenyang Agricultural University, Chi",84.00,1202.00,14.50,1.55,0.4,9.38,387.85,76.81 ,5.05 ,6.00,21.08,58.06,19.39
1182,140,A2,124.40,43.36,65.00,5.60,595.00,1203,D,Cropland,GC,"Gongzhuling, Jilin, Chi",74.00,714.00,25.25,1.65,0.9,15.26,212.67 ,80.03 ,2.66 ,6.30,26.03,49.81,23.28
1183,140,A2,124.40,43.36,65.00,5.60,595.00,1203,D,Cropland,GC,"Gongzhuling, Jilin, Chi",78.00,759.00,23.76,1.87,0.9,12.73,585.11,80.03 ,7.31 ,6.30,26.03,49.81,23.28
1184,140,A2,124.40,43.36,65.00,5.60,595.00,1203,D,Cropland,GC,"Gongzhuling, Jilin, Chi",82.00,750.00,22.13,1.77,0.9,12.49,379.32,80.03 ,4.74 ,6.30,26.03,49.81,23.28
1185,140,A2,124.40,43.36,65.00,5.60,595.00,1203,D,Cropland,GC,"Gongzhuling, Jilin, Chi",101.00,819.00,20.87,1.82,0.9,11.46,316.60,80.03 ,3.96 ,6.30,26.03,49.81,23.28
1186,140,A2,124.40,43.36,65.00,5.60,595.00,1203,D,Cropland,GC,"Gongzhuling, Jilin, Chi",89.00,894.00,20.64,1.93,0.9,10.67,253.91,80.03 ,3.17 ,6.30,26.03,49.81,23.28
1187,140,A2,124.40,43.36,65.00,5.60,595.00,1203,D,Cropland,GC,"Gongzhuling, Jilin, Chi",85.00,831.00,19.46,1.87,0.9,10.43,252.38,80.03 ,3.15 ,6.30,26.03,49.81,23.28
1188,140,A2,124.40,43.36,65.00,5.60,595.00,1203,D,Cropland,GC,"Gongzhuling, Jilin, Chi",77.00,723.00,20.42,2.02,0.9,10.09,302.95,80.03 ,3.79 ,6.30,26.03,49.81,23.28
1189,140,A2,124.40,43.36,65.00,5.60,595.00,1203,D,Cropland,GC,"Gongzhuling, Jilin, Chi",83.00,768.00,19.53,1.97,0.9,9.91,264.51,80.03 ,3.31 ,6.30,26.03,49.81,23.28
1190,140,A2,124.40,43.36,65.00,5.60,595.00,1203,D,Cropland,GC,"Gongzhuling, Jilin, Chi",74.00,749.00,19.01,1.97,0.9,9.67,300.15,80.03 ,3.75 ,6.30,26.03,49.81,23.28
1191,140,A2,124.40,43.36,65.00,5.60,595.00,1203,D,Cropland,GC,"Gongzhuling, Jilin, Chi",66.00,384.00,25.25,1.65,0.9,15.26,212.67 ,80.03 ,2.66 ,6.30,26.03,49.81,23.28
1192,140,A2,124.40,43.36,65.00,5.60,595.00,1203,D,Cropland,GC,"Gongzhuling, Jilin, Chi",55.00,636.00,23.76,1.87,0.9,12.73,585.11,80.03 ,7.31 ,6.30,26.03,49.81,23.28
1193,140,A2,124.40,43.36,65.00,5.60,595.00,1203,D,Cropland,GC,"Gongzhuling, Jilin, Chi",69.00,681.00,22.13,1.77,0.9,12.49,379.32,80.03 ,4.74 ,6.30,26.03,49.81,23.28
1194,140,A2,124.40,43.36,65.00,5.60,595.00,1203,D,Cropland,GC,"Gongzhuling, Jilin, Chi",67.00,740.00,20.87,1.82,0.9,11.46,316.60,80.03 ,3.96 ,6.30,26.03,49.81,23.28
1195,140,A2,124.40,43.36,65.00,5.60,595.00,1203,D,Cropland,GC,"Gongzhuling, Jilin, Chi",75.00,785.00,20.64,1.93,0.9,10.67,253.91,80.03 ,3.17 ,6.30,26.03,49.81,23.28
1196,140,A2,124.40,43.36,65.00,5.60,595.00,1203,D,Cropland,GC,"Gongzhuling, Jilin, Chi",75.00,746.00,19.46,1.87,0.9,10.43,252.38,80.03 ,3.15 ,6.30,26.03,49.81,23.28
1197,140,A2,124.40,43.36,65.00,5.60,595.00,1203,D,Cropland,GC,"Gongzhuling, Jilin, Chi",65.00,673.00,20.42,2.02,0.9,10.09,302.95,80.03 ,3.79 ,6.30,26.03,49.81,23.28
1198,140,A2,124.40,43.36,65.00,5.60,595.00,1203,D,Cropland,GC,"Gongzhuling, Jilin, Chi",64.00,634.00,19.53,1.97,0.9,9.91,264.51,80.03 ,3.31 ,6.30,26.03,49.81,23.28
1199,140,A2,124.40,43.36,65.00,5.60,595.00,1203,D,Cropland,GC,"Gongzhuling, Jilin, Chi",58.00,630.00,19.01,1.97,0.9,9.67,300.15,80.03 ,3.75 ,6.30,26.03,49.81,23.28
1200,140,A2,124.40,43.36,65.00,5.60,595.00,1203,D,Cropland,GC,"Gongzhuling, Jilin, Chi",160.00,1027.00,25.25,1.65,0.9,15.26,212.67 ,80.03 ,2.66 ,6.30,26.03,49.81,23.28
1201,140,A2,124.40,43.36,65.00,5.60,595.00,1203,D,Cropland,GC,"Gongzhuling, Jilin, Chi",171.00,934.00,23.76,1.87,0.9,12.73,585.11,80.03 ,7.31 ,6.30,26.03,49.81,23.28
1202,140,A2,124.40,43.36,65.00,5.60,595.00,1203,D,Cropland,GC,"Gongzhuling, Jilin, Chi",183.00,980.00,22.13,1.77,0.9,12.49,379.32,80.03 ,4.74 ,6.30,26.03,49.81,23.28
1203,140,A2,124.40,43.36,65.00,5.60,595.00,1203,D,Cropland,GC,"Gongzhuling, Jilin, Chi",179.00,1069.00,20.87,1.82,0.9,11.46,316.60,80.03 ,3.96 ,6.30,26.03,49.81,23.28
1204,140,A2,124.40,43.36,65.00,5.60,595.00,1203,D,Cropland,GC,"Gongzhuling, Jilin, Chi",186.00,1315.00,20.64,1.93,0.9,10.67,253.91,80.03 ,3.17 ,6.30,26.03,49.81,23.28
1205,140,A2,124.40,43.36,65.00,5.60,595.00,1203,D,Cropland,GC,"Gongzhuling, Jilin, Chi",193.00,1394.00,19.46,1.87,0.9,10.43,252.38,80.03 ,3.15 ,6.30,26.03,49.81,23.28
1206,140,A2,124.40,43.36,65.00,5.60,595.00,1203,D,Cropland,GC,"Gongzhuling, Jilin, Chi",182.00,1316.00,20.42,2.02,0.9,10.09,302.95,80.03 ,3.79 ,6.30,26.03,49.81,23.28
1207,140,A2,124.40,43.36,65.00,5.60,595.00,1203,D,Cropland,GC,"Gongzhuling, Jilin, Chi",161.00,1317.00,19.53,1.97,0.9,9.91,264.51,80.03 ,3.31 ,6.30,26.03,49.81,23.28
1208,140,A2,124.40,43.36,65.00,5.60,595.00,1203,D,Cropland,GC,"Gongzhuling, Jilin, Chi",160.00,1273.00,19.01,1.97,0.9,9.67,300.15,80.03 ,3.75 ,6.30,26.03,49.81,23.28
1209,140,A2,124.40,43.36,65.00,5.60,595.00,1203,D,Cropland,GC,"Gongzhuling, Jilin, Chi",96.00,809.00,25.25,1.65,0.9,15.26,212.67 ,80.03 ,2.66 ,6.30,26.03,49.81,23.28
1210,140,A2,124.40,43.36,65.00,5.60,595.00,1203,D,Cropland,GC,"Gongzhuling, Jilin, Chi",118.00,854.00,23.76,1.87,0.9,12.73,585.11,80.03 ,7.31 ,6.30,26.03,49.81,23.28
1211,140,A2,124.40,43.36,65.00,5.60,595.00,1203,D,Cropland,GC,"Gongzhuling, Jilin, Chi",120.00,894.00,22.13,1.77,0.9,12.49,379.32,80.03 ,4.74 ,6.30,26.03,49.81,23.28
1212,140,A2,124.40,43.36,65.00,5.60,595.00,1203,D,Cropland,GC,"Gongzhuling, Jilin, Chi",133.00,949.00,20.87,1.82,0.9,11.46,316.60,80.03 ,3.96 ,6.30,26.03,49.81,23.28
1213,140,A2,124.40,43.36,65.00,5.60,595.00,1203,D,Cropland,GC,"Gongzhuling, Jilin, Chi",134.00,1053.00,20.64,1.93,0.9,10.67,253.91,80.03 ,3.17 ,6.30,26.03,49.81,23.28
1214,140,A2,124.40,43.36,65.00,5.60,595.00,1203,D,Cropland,GC,"Gongzhuling, Jilin, Chi",124.00,1120.00,19.46,1.87,0.9,10.43,252.38,80.03 ,3.15 ,6.30,26.03,49.81,23.28
1215,140,A2,124.40,43.36,65.00,5.60,595.00,1203,D,Cropland,GC,"Gongzhuling, Jilin, Chi",109.00,1092.00,20.42,2.02,0.9,10.09,302.95,80.03 ,3.79 ,6.30,26.03,49.81,23.28
1216,140,A2,124.40,43.36,65.00,5.60,595.00,1203,D,Cropland,GC,"Gongzhuling, Jilin, Chi",113.00,1088.00,19.53,1.97,0.9,9.91,264.51,80.03 ,3.31 ,6.30,26.03,49.81,23.28
1217,140,A2,124.40,43.36,65.00,5.60,595.00,1203,D,Cropland,GC,"Gongzhuling, Jilin, Chi",110.00,1055.00,19.01,1.97,0.9,9.67,300.15,80.03 ,3.75 ,6.30,26.03,49.81,23.28
1218,141,A2,111.47,33.20,228.00,15.10,894.00,1271,C,forest,GC,"Baotianman, Chi",267.00,2066.00,41.60,0.7,0.4,59.43 ,139.84 ,60.07 ,2.33 ,7.0,45,13,41
1219,142,A2,10.27,49.52,430.00,7.50,750.00,858,C,forest,GC,"Steinkreuz, Bavaria, Germany",2.00,65.00,56.60,1.5,0.5,37.73 ,197.59 ,75.88 ,2.60 ,6.6,31,13,54
1220,142,A2,10.27,49.52,430.00,7.50,750.00,858,C,forest,GC,"Steinkreuz, Bavaria, Germany",1.00,21.00,18.30,1.5,0.5,12.20 ,197.59 ,75.88 ,2.60 ,6.6,31,13,54
1221,143,A2,8.35,50.40,167.00,9.00,686.00,815,C,Cropland,LC,"University of Kassel, Hessia, Germany",8.00,140.00,3.60,0.40,0.7,9.00,22.00,3.00,7.33 ,8.40,3.00,73.00,24.00
1222,143,A2,9.56,51.32,470.00,9.20,650.00,823,D,Cropland,LC,"G?ttingen, Germany",50.00,620.00,12.70,1.30,0.6,9.77,316.00,47.80,6.61 ,7.70,3.00,79.00,18.00
1223,143,A2,9.56,51.32,470.00,9.20,650.00,823,D,Grassland,LC,"G?ttingen, Germany",64.00,860.00,16.30,1.70,0.6,9.59,325.00,47.00,6.91 ,6.90,6.00,77.00,17.00
1224,143,A2,9.56,51.32,470.00,9.20,650.00,823,D,Cropland,LC,"G?ttingen, Germany",77.00,800.00,17.80,1.80,0.6,9.89,394.00,52.50,7.50 ,7.00,6.00,72.00,22.00
1225,143,A2,9.56,51.32,470.00,9.20,650.00,823,D,Grassland,LC,"G?ttingen, Germany",89.00,1060.00,22.30,2.20,0.6,10.14,522.00,57.80,9.03 ,7.50,6.00,71.00,23.00
1226,143,A2,9.56,51.32,470.00,9.20,650.00,823,D,Cropland,LC,"G?ttingen, Germany",117.00,1130.00,28.90,3.10,0.6,9.32,482.00,60.00,8.03 ,8.00,6.00,69.00,25.00
1227,143,A2,9.56,51.32,470.00,9.20,650.00,823,D,Grassland,LC,"G?ttingen, Germany",148.00,1620.00,40.70,4.10,0.6,9.93,834.00,119.10,7.00 ,8.10,11.00,68.00,21.00
1228,143,A2,8.35,50.40,167.00,9.00,686.00,815,C,Cropland,LC,"University of Kassel, Hessia, Germany",7.00,130.00,3.60,0.40,0.7,9.00,28.00,3.10,9.03 ,8.40,3.00,73.00,24.00
1229,143,A2,9.56,51.32,470.00,9.20,650.00,823,D,Cropland,LC,"G?ttingen, Germany",45.00,550.00,12.70,1.30,0.6,9.77,320.00,47.20,6.78 ,7.70,3.00,79.00,18.00
1230,143,A2,9.56,51.32,470.00,9.20,650.00,823,D,Grassland,LC,"G?ttingen, Germany",57.00,750.00,16.30,1.70,0.6,9.59,380.00,51.00,7.45 ,6.90,6.00,77.00,17.00
1231,143,A2,9.56,51.32,470.00,9.20,650.00,823,D,Cropland,LC,"G?ttingen, Germany",64.00,670.00,17.80,1.80,0.6,9.89,441.00,57.00,7.74 ,7.00,6.00,72.00,22.00
1232,143,A2,9.56,51.32,470.00,9.20,650.00,823,D,Grassland,LC,"G?ttingen, Germany",79.00,950.00,22.30,2.20,0.6,10.14,654.00,82.40,7.94 ,7.50,6.00,71.00,23.00
1233,143,A2,9.56,51.32,470.00,9.20,650.00,823,D,Cropland,LC,"G?ttingen, Germany",118.00,1150.00,28.90,3.10,0.6,9.32,571.00,76.50,7.46 ,8.00,6.00,69.00,25.00
1234,143,A2,9.56,51.32,470.00,9.20,650.00,823,D,Grassland,LC,"G?ttingen, Germany",138.00,1530.00,40.70,4.10,0.6,9.93,868.00,119.70,7.25 ,8.10,11.00,68.00,21.00
1235,144,A2,107.88,35.28,1200.00,9.20,548.00,1211,D,Cropland,GC,"Changwu, Chi",35.00,450.00,8.68,1.02,0.5,8.51,77.03,13.85,5.56 ,7.92,13.00,72.00,15.00
1236,144,A2,107.88,35.28,1200.00,9.20,548.00,1211,D,Cropland,GC,"Changwu, Chi",25.00,350.00,7.99,0.98,0.5,8.15,66.16,8.18,8.09 ,8.23,13.00,72.00,15.00
1237,145,A2,-82.44,42.13,188.00,9.60,791.00,1080,D,Cropland,GC,"Eugene Whelan, Ontario, Cada",135.00,1069.00,24.00,0.1,1.0,240.00 ,206.31 ,78.77 ,2.62 ,5.4,28.00,35.00,37.00
1238,146,A2,8.33,47.22,777.00,9.30,1134.00,879,D,forest,GC,"University of Zurich, Switzerland",52.00,311.00,14.90,1.00,0.6,15.60,287.35 ,57.33 ,5.01 ,5.4,36,42,22
1239,146,A2,8.33,47.22,777.00,9.30,1134.00,879,D,forest,GC,"University of Zurich, Switzerland",151.00,2979.00,323.60,9.80,0.6,33.20,287.35 ,57.33 ,5.01 ,5.4,36,42,22
1240,146,A2,8.33,47.22,777.00,9.30,1134.00,879,D,forest,GC,"University of Zurich, Switzerland",274.00,5771.00,393.10,12.10,0.6,32.40,287.35 ,57.33 ,5.01 ,5.4,36,42,22
1241,146,A2,8.33,47.22,777.00,9.30,1134.00,879,D,forest,GC,"University of Zurich, Switzerland",24.00,227.00,9.50,0.70,0.6,13.00,287.35 ,57.33 ,5.01 ,5.4,36,42,22
1242,146,A2,8.33,47.22,777.00,9.30,1134.00,879,D,forest,GC,"University of Zurich, Switzerland",80.00,638.00,22.90,2.00,0.6,11.20,287.35 ,57.33 ,5.01 ,5.4,36,42,22
1243,147,A2,-88.50,35.37,173.00,13.40,1771.00,1443,C,Cropland,GC,"Jackson, USA",48.00,1045.00,11.25,1.13,0.5,9.85,229.34 ,62.07 ,3.69 ,5.50,69.62,17.00,13.37
1244,147,A2,-88.50,35.37,173.00,13.40,1771.00,1443,C,Cropland,GC,"Jackson, USA",33.00,732.00,9.32,0.95,0.5,9.86,229.34 ,62.07 ,3.69 ,5.50,72.03,10.98,16.99
1245,147,A2,-88.50,35.37,173.00,13.40,1771.00,1443,C,Cropland,GC,"Jackson, USA",38.00,962.00,15.63,1.51,0.5,10.24,229.34 ,62.07 ,3.69 ,5.50,76.15,10.68,13.17
1246,147,A2,-88.50,35.37,173.00,13.40,1771.00,1443,C,Cropland,GC,"Jackson, USA",57.00,996.00,11.98,1.19,0.5,10.06,229.34 ,62.07 ,3.69 ,5.50,71.23,12.65,16.12
1247,147,A2,-88.50,35.37,173.00,13.40,1771.00,1443,C,Cropland,GC,"Jackson, USA",39.00,747.00,10.89,1.08,0.5,10.11,229.34 ,62.07 ,3.69 ,5.50,80.47,8.23,11.30
1248,147,A2,-88.50,35.37,173.00,13.40,1771.00,1443,C,Cropland,GC,"Jackson, USA",28.00,685.00,9.95,0.92,0.5,10.79,229.34 ,62.07 ,3.69 ,5.50,58.50,12.71,28.79
1249,147,A2,-88.50,35.37,173.00,13.40,1771.00,1443,C,Cropland,GC,"Jackson, USA",31.00,745.00,8.37,0.92,0.5,9.08,229.34 ,62.07 ,3.69 ,5.50,69.62,17.00,13.37
1250,147,A2,-88.50,35.37,173.00,13.40,1771.00,1443,C,Cropland,GC,"Jackson, USA",30.00,694.00,8.71,0.90,0.5,9.71,229.34 ,62.07 ,3.69 ,5.50,72.03,10.98,16.99
1251,147,A2,-88.50,35.37,173.00,13.40,1771.00,1443,C,Cropland,GC,"Jackson, USA",50.00,1016.00,11.40,1.20,0.5,9.39,229.34 ,62.07 ,3.69 ,5.50,76.15,10.68,13.17
1252,147,A2,-88.50,35.37,173.00,13.40,1771.00,1443,C,Cropland,GC,"Jackson, USA",35.00,898.00,11.52,1.19,0.5,9.72,229.34 ,62.07 ,3.69 ,5.50,71.23,12.65,16.12
1253,147,A2,-88.50,35.37,173.00,13.40,1771.00,1443,C,Cropland,GC,"Jackson, USA",26.00,780.00,9.05,0.96,0.5,9.55,229.34 ,62.07 ,3.69 ,5.50,80.47,8.23,11.30
1254,147,A2,-88.50,35.37,173.00,13.40,1771.00,1443,C,Cropland,GC,"Jackson, USA",21.00,555.00,10.53,0.94,0.5,11.05,229.34 ,62.07 ,3.69 ,5.50,58.50,12.71,28.79
1255,147,A2,-88.50,35.37,173.00,13.40,1771.00,1443,C,Cropland,GC,"Jackson, USA",35.00,717.00,10.65,1.06,0.5,9.97,229.34 ,62.07 ,3.69 ,5.50,69.62,17.00,13.37
1256,147,A2,-88.50,35.37,173.00,13.40,1771.00,1443,C,Cropland,GC,"Jackson, USA",28.00,585.00,10.40,0.97,0.5,10.67,229.34 ,62.07 ,3.69 ,5.50,72.03,10.98,16.99
1257,147,A2,-88.50,35.37,173.00,13.40,1771.00,1443,C,Cropland,GC,"Jackson, USA",38.00,633.00,13.68,1.38,0.5,9.91,229.34 ,62.07 ,3.69 ,5.50,76.15,10.68,13.17
1258,147,A2,-88.50,35.37,173.00,13.40,1771.00,1443,C,Cropland,GC,"Jackson, USA",41.00,714.00,15.12,1.38,0.5,10.94,229.34 ,62.07 ,3.69 ,5.50,71.23,12.65,16.12
1259,147,A2,-88.50,35.37,173.00,13.40,1771.00,1443,C,Cropland,GC,"Jackson, USA",47.00,802.00,9.85,0.99,0.5,10.00,229.34 ,62.07 ,3.69 ,5.50,80.47,8.23,11.30
1260,147,A2,-88.50,35.37,173.00,13.40,1771.00,1443,C,Cropland,GC,"Jackson, USA",42.00,429.00,11.29,0.99,0.5,11.46,229.34 ,62.07 ,3.69 ,5.50,58.50,12.71,28.79
1261,147,A2,-88.50,35.37,173.00,13.40,1771.00,1443,C,Cropland,GC,"Jackson, USA",32.00,775.00,9.98,1.01,0.5,9.91,229.34 ,62.07 ,3.69 ,5.50,69.62,17.00,13.37
1262,147,A2,-88.50,35.37,173.00,13.40,1771.00,1443,C,Cropland,GC,"Jackson, USA",35.00,429.00,10.57,0.96,0.5,10.89,229.34 ,62.07 ,3.69 ,5.50,72.03,10.98,16.99
1263,147,A2,-88.50,35.37,173.00,13.40,1771.00,1443,C,Cropland,GC,"Jackson, USA",45.00,829.00,13.67,1.28,0.5,10.55,229.34 ,62.07 ,3.69 ,5.50,76.15,10.68,13.17
1264,147,A2,-88.50,35.37,173.00,13.40,1771.00,1443,C,Cropland,GC,"Jackson, USA",48.00,847.00,13.36,1.22,0.5,10.95,229.34 ,62.07 ,3.69 ,5.50,71.23,12.65,16.12
1265,147,A2,-88.50,35.37,173.00,13.40,1771.00,1443,C,Cropland,GC,"Jackson, USA",35.00,1089.00,10.15,0.95,0.5,10.61,229.34 ,62.07 ,3.69 ,5.50,80.47,8.23,11.30
1266,147,A2,-88.50,35.37,173.00,13.40,1771.00,1443,C,Cropland,GC,"Jackson, USA",31.00,865.00,11.68,1.00,0.5,11.66,229.34 ,62.07 ,3.69 ,5.50,58.50,12.71,28.79
1267,147,A2,-88.50,35.37,173.00,13.40,1771.00,1443,C,Cropland,GC,"Jackson, USA",30.00,714.00,8.88,0.93,0.5,10.40,229.34 ,62.07 ,3.69 ,5.50,69.62,17.00,13.37
1268,147,A2,-88.50,35.37,173.00,13.40,1771.00,1443,C,Cropland,GC,"Jackson, USA",23.00,636.00,8.62,0.86,0.5,10.80,229.34 ,62.07 ,3.69 ,5.50,72.03,10.98,16.99
1269,147,A2,-88.50,35.37,173.00,13.40,1771.00,1443,C,Cropland,GC,"Jackson, USA",26.00,1040.00,12.91,1.27,0.5,11.01,229.34 ,62.07 ,3.69 ,5.50,76.15,10.68,13.17
1270,147,A2,-88.50,35.37,173.00,13.40,1771.00,1443,C,Cropland,GC,"Jackson, USA",44.00,934.00,11.58,1.15,0.5,11.00,229.34 ,62.07 ,3.69 ,5.50,71.23,12.65,16.12
1271,147,A2,-88.50,35.37,173.00,13.40,1771.00,1443,C,Cropland,GC,"Jackson, USA",28.00,743.00,9.91,0.98,0.5,11.03,229.34 ,62.07 ,3.69 ,5.50,80.47,8.23,11.30
1272,147,A2,-88.50,35.37,173.00,13.40,1771.00,1443,C,Cropland,GC,"Jackson, USA",40.00,721.00,8.28,0.82,0.5,11.13,229.34 ,62.07 ,3.69 ,5.50,58.50,12.71,28.79
1273,148,A2,124.40,43.36,65.00,5.60,595.00,1203,D,Cropland,GC,"Gongzhuling, Jilin, Chi",9.00,31.00,22.80,1.50,0.9,15.20,212.67 ,80.03 ,2.66 ,6.10,23.00,50.00,27.00
1274,148,A2,124.40,43.36,65.00,5.60,595.00,1203,D,Cropland,GC,"Gongzhuling, Jilin, Chi",9.00,39.00,22.52,1.50,0.9,15.02,212.67 ,80.03 ,2.66 ,6.10,23.00,50.00,27.00
1275,148,A2,124.40,43.36,65.00,5.60,595.00,1203,D,Cropland,GC,"Gongzhuling, Jilin, Chi",13.00,70.00,21.21,1.50,0.9,14.14,212.67 ,80.03 ,2.66 ,6.10,23.00,50.00,27.00
1276,148,A2,124.40,43.36,65.00,5.60,595.00,1203,D,Cropland,GC,"Gongzhuling, Jilin, Chi",12.00,91.00,20.34,1.50,0.9,13.56,212.67 ,80.03 ,2.66 ,6.10,23.00,50.00,27.00
1277,148,A2,124.40,43.36,65.00,5.60,595.00,1203,D,Cropland,GC,"Gongzhuling, Jilin, Chi",11.00,69.00,20.00,1.50,0.9,13.34,212.67 ,80.03 ,2.66 ,6.10,23.00,50.00,27.00
1278,148,A2,124.40,43.36,65.00,5.60,595.00,1203,D,Cropland,GC,"Gongzhuling, Jilin, Chi",10.00,47.00,19.87,1.50,0.9,13.25,212.67 ,80.03 ,2.66 ,6.10,23.00,50.00,27.00
1279,148,A2,124.40,43.36,65.00,5.60,595.00,1203,D,Cropland,GC,"Gongzhuling, Jilin, Chi",9.00,45.00,19.49,1.50,0.9,12.99,212.67 ,80.03 ,2.66 ,6.10,23.00,50.00,27.00
1280,148,A2,124.40,43.36,65.00,5.60,595.00,1203,D,Cropland,GC,"Gongzhuling, Jilin, Chi",6.00,47.00,18.88,1.50,0.9,12.58,212.67 ,80.03 ,2.66 ,6.10,23.00,50.00,27.00
1281,149,A2,-83.24,33.54,183.00,16.50,1270.00,1536,C,Cropland,GC,"Horseshoe Bend, GA, USA",4.00,84.00,23.04,1.5,0.4,15.36 ,144.16 ,45.49 ,3.17 ,5.6,51.41,40.43,8.16
1282,149,A2,-83.24,33.54,183.00,16.50,1270.00,1536,C,Cropland,GC,"Horseshoe Bend, GA, USA",10.00,164.00,36.32,1.5,0.4,24.21 ,144.16 ,45.49 ,3.17 ,5.6,20,62,18
1283,149,A2,-83.24,33.54,183.00,16.50,1270.00,1536,C,Cropland,GC,"Horseshoe Bend, GA, USA",7.00,154.00,40.95,1.5,0.4,27.30 ,144.16 ,45.49 ,3.17 ,5.6,20,62,18
1284,149,A2,-83.24,33.54,183.00,16.50,1270.00,1536,C,Cropland,GC,"Horseshoe Bend, GA, USA",4.00,47.00,7.38,1.5,0.4,4.92 ,144.16 ,45.49 ,3.17 ,5.6,20,62,18
1285,149,A2,-83.24,33.54,183.00,16.50,1270.00,1536,C,Cropland,GC,"Horseshoe Bend, GA, USA",31.00,494.00,109.42,1.5,0.4,72.95 ,144.16 ,45.49 ,3.17 ,5.6,51.41,40.43,8.16
1286,149,A2,-83.24,33.54,183.00,16.50,1270.00,1536,C,Cropland,GC,"Horseshoe Bend, GA, USA",11.00,375.00,64.15,1.5,0.4,42.77 ,144.16 ,45.49 ,3.17 ,5.6,20,62,18
1287,149,A2,-83.24,33.54,183.00,16.50,1270.00,1536,C,Cropland,GC,"Horseshoe Bend, GA, USA",5.00,132.00,25.75,1.5,0.4,17.17 ,144.16 ,45.49 ,3.17 ,5.6,20,62,18
1288,149,A2,-83.24,33.54,183.00,16.50,1270.00,1536,C,Cropland,GC,"Horseshoe Bend, GA, USA",4.00,41.00,4.66,1.5,0.4,3.11 ,144.16 ,45.49 ,3.17 ,5.6,20,62,18
1289,149,A2,-83.24,33.54,183.00,16.50,1270.00,1536,C,Cropland,GC,"Horseshoe Bend, GA, USA",3.00,97.00,6.93,1.5,0.4,4.62 ,144.16 ,45.49 ,3.17 ,5.6,20,62,18
1290,149,A2,-83.24,33.54,183.00,16.50,1270.00,1536,C,Cropland,GC,"Horseshoe Bend, GA, USA",12.00,117.00,8.30,1.5,0.4,5.53 ,144.16 ,45.49 ,3.17 ,5.6,20,62,18
1291,149,A2,-83.24,33.54,183.00,16.50,1270.00,1536,C,Cropland,GC,"Horseshoe Bend, GA, USA",7.00,87.00,6.82,1.5,0.4,4.55 ,144.16 ,45.49 ,3.17 ,5.6,20,62,18
1292,149,A2,-83.24,33.54,183.00,16.50,1270.00,1536,C,Cropland,GC,"Horseshoe Bend, GA, USA",7.00,157.00,8.06,1.5,0.4,5.37 ,144.16 ,45.49 ,3.17 ,5.6,20,62,18
1293,149,A2,-83.24,33.54,183.00,16.50,1270.00,1536,C,Cropland,GC,"Horseshoe Bend, GA, USA",21.00,729.00,43.53,1.5,0.4,29.02 ,144.16 ,45.49 ,3.17 ,5.6,20,62,18
1294,149,A2,-83.24,33.54,183.00,16.50,1270.00,1536,C,Cropland,GC,"Horseshoe Bend, GA, USA",7.00,184.00,12.44,1.5,0.4,8.29 ,144.16 ,45.49 ,3.17 ,5.6,20,62,18
1295,149,A2,-83.24,33.54,183.00,16.50,1270.00,1536,C,Cropland,GC,"Horseshoe Bend, GA, USA",1.00,22.00,3.51,1.5,0.4,2.34 ,144.16 ,45.49 ,3.17 ,5.6,20,62,18
1296,149,A2,-83.24,33.54,183.00,16.50,1270.00,1536,C,Cropland,GC,"Horseshoe Bend, GA, USA",12.00,144.00,19.85,1.5,0.4,13.23 ,144.16 ,45.49 ,3.17 ,5.6,20,62,18
1297,149,A2,-83.24,33.54,183.00,16.50,1270.00,1536,C,Cropland,GC,"Horseshoe Bend, GA, USA",7.00,90.00,25.38,1.5,0.4,16.92 ,144.16 ,45.49 ,3.17 ,5.6,20,62,18
1298,149,A2,-83.24,33.54,183.00,16.50,1270.00,1536,C,Cropland,GC,"Horseshoe Bend, GA, USA",1.00,17.00,4.04,1.5,0.4,2.69 ,144.16 ,45.49 ,3.17 ,5.6,20,62,18
1299,149,A2,-83.24,33.54,183.00,16.50,1270.00,1536,C,Cropland,GC,"Horseshoe Bend, GA, USA",9.00,212.00,40.50,1.5,0.4,27.00 ,144.16 ,45.49 ,3.17 ,5.6,20,62,18
1300,149,A2,-83.24,33.54,183.00,16.50,1270.00,1536,C,Cropland,GC,"Horseshoe Bend, GA, USA",7.00,75.00,24.77,1.5,0.4,16.51 ,144.16 ,45.49 ,3.17 ,5.6,20,62,18
1301,149,A2,-83.24,33.54,183.00,16.50,1270.00,1536,C,Cropland,GC,"Horseshoe Bend, GA, USA",2.00,41.00,20.60,1.5,0.4,13.73 ,144.16 ,45.49 ,3.17 ,5.6,20,62,18
1302,149,A2,-83.24,33.54,183.00,16.50,1270.00,1536,C,Cropland,GC,"Horseshoe Bend, GA, USA",4.00,51.00,20.49,1.5,0.4,13.66 ,144.16 ,45.49 ,3.17 ,5.6,20,62,18
1303,149,A2,-83.24,33.54,183.00,16.50,1270.00,1536,C,Cropland,GC,"Horseshoe Bend, GA, USA",2.00,36.00,19.28,1.5,0.4,12.85 ,144.16 ,45.49 ,3.17 ,5.6,20,62,18
1304,149,A2,-83.24,33.54,183.00,16.50,1270.00,1536,C,Cropland,GC,"Horseshoe Bend, GA, USA",2.00,48.00,55.56,1.5,0.4,37.04 ,144.16 ,45.49 ,3.17 ,5.6,20,62,18
1305,149,A2,-83.24,33.54,183.00,16.50,1270.00,1536,C,Cropland,GC,"Horseshoe Bend, GA, USA",5.00,226.00,168.05,1.5,0.4,112.03 ,144.16 ,45.49 ,3.17 ,5.6,20,62,18
1306,149,A2,-83.24,33.54,183.00,16.50,1270.00,1536,C,Cropland,GC,"Horseshoe Bend, GA, USA",2.00,56.00,40.57,1.5,0.4,27.05 ,144.16 ,45.49 ,3.17 ,5.6,20,62,18
1307,149,A2,-83.24,33.54,183.00,16.50,1270.00,1536,C,Cropland,GC,"Horseshoe Bend, GA, USA",,,6.1,1.5,0.4,4.07 ,144.16 ,45.49 ,3.17 ,5.6,20,62,18
1308,149,A2,-83.24,33.54,183.00,16.50,1270.00,1536,C,Cropland,GC,"Horseshoe Bend, GA, USA",,,6.1,1.5,0.4,4.07 ,144.16 ,45.49 ,3.17 ,5.6,20,62,18
1309,149,A2,-83.24,33.54,183.00,16.50,1270.00,1536,C,Cropland,GC,"Horseshoe Bend, GA, USA",,,6.1,1.5,0.4,4.07 ,144.16 ,45.49 ,3.17 ,5.6,20,62,18
1310,149,A2,-83.24,33.54,183.00,16.50,1270.00,1536,C,Cropland,GC,"Horseshoe Bend, GA, USA",,,6.1,1.5,0.4,4.07 ,144.16 ,45.49 ,3.17 ,5.6,20,62,18
1311,149,A2,-83.24,33.54,183.00,16.50,1270.00,1536,C,Cropland,GC,"Horseshoe Bend, GA, USA",,,6.1,1.5,0.4,4.07 ,144.16 ,45.49 ,3.17 ,5.6,20,62,18
1312,149,A2,-83.24,33.54,183.00,16.50,1270.00,1536,C,Cropland,GC,"Horseshoe Bend, GA, USA",,,6.1,1.5,0.4,4.07 ,144.16 ,45.49 ,3.17 ,5.6,20,62,18
1313,149,A2,-83.24,33.54,183.00,16.50,1270.00,1536,C,Cropland,GC,"Horseshoe Bend, GA, USA",,,6.1,1.5,0.4,4.07 ,144.16 ,45.49 ,3.17 ,5.6,20,62,18
1314,149,A2,-83.24,33.54,183.00,16.50,1270.00,1536,C,Cropland,GC,"Horseshoe Bend, GA, USA",,,6.1,1.5,0.4,4.07 ,144.16 ,45.49 ,3.17 ,5.6,20,62,18
1315,149,A2,-83.24,33.54,183.00,16.50,1270.00,1536,C,Cropland,GC,"Horseshoe Bend, GA, USA",,,6.1,1.5,0.4,4.07 ,144.16 ,45.49 ,3.17 ,5.6,20,62,18
1316,149,A2,-83.24,33.54,183.00,16.50,1270.00,1536,C,Cropland,GC,"Horseshoe Bend, GA, USA",,,6.1,1.5,0.4,4.07 ,144.16 ,45.49 ,3.17 ,5.6,20,62,18
1317,149,A2,-83.24,33.54,183.00,16.50,1270.00,1536,C,Cropland,GC,"Horseshoe Bend, GA, USA",,,6.1,1.5,0.4,4.07 ,144.16 ,45.49 ,3.17 ,5.6,20,62,18
1318,149,A2,-83.24,33.54,183.00,16.50,1270.00,1536,C,Cropland,GC,"Horseshoe Bend, GA, USA",,,6.1,1.5,0.4,4.07 ,144.16 ,45.49 ,3.17 ,5.6,20,62,18
1319,149,A2,-83.24,33.54,183.00,16.50,1270.00,1536,C,Cropland,GC,"Horseshoe Bend, GA, USA",,,6.1,1.5,0.4,4.07 ,144.16 ,45.49 ,3.17 ,5.6,20,62,18
1320,149,A2,-83.24,33.54,183.00,16.50,1270.00,1536,C,Cropland,GC,"Horseshoe Bend, GA, USA",,,6.1,1.5,0.4,4.07 ,144.16 ,45.49 ,3.17 ,5.6,20,62,18
1321,149,A2,-83.24,33.54,183.00,16.50,1270.00,1536,C,Cropland,GC,"Horseshoe Bend, GA, USA",,,6.1,1.5,0.4,4.07 ,144.16 ,45.49 ,3.17 ,5.6,20,62,18
1322,149,A2,-83.24,33.54,183.00,16.50,1270.00,1536,C,Cropland,GC,"Horseshoe Bend, GA, USA",,,6.1,1.5,0.4,4.07 ,144.16 ,45.49 ,3.17 ,5.6,20,62,18
1323,149,A2,-83.24,33.54,183.00,16.50,1270.00,1536,C,Cropland,GC,"Horseshoe Bend, GA, USA",,,6.1,1.5,0.4,4.07 ,144.16 ,45.49 ,3.17 ,5.6,20,62,18
1324,149,A2,-83.24,33.54,183.00,16.50,1270.00,1536,C,Cropland,GC,"Horseshoe Bend, GA, USA",,,6.1,1.5,0.4,4.07 ,144.16 ,45.49 ,3.17 ,5.6,20,62,18
1325,149,A2,-83.24,33.54,183.00,16.50,1270.00,1536,C,Cropland,GC,"Horseshoe Bend, GA, USA",,,6.1,1.5,0.4,4.07 ,144.16 ,45.49 ,3.17 ,5.6,20,62,18
1326,149,A2,-83.24,33.54,183.00,16.50,1270.00,1536,C,Cropland,GC,"Horseshoe Bend, GA, USA",,,6.1,1.5,0.4,4.07 ,144.16 ,45.49 ,3.17 ,5.6,20,62,18
1327,149,A2,-83.24,33.54,183.00,16.50,1270.00,1536,C,Cropland,GC,"Horseshoe Bend, GA, USA",,,6.1,1.5,0.4,4.07 ,144.16 ,45.49 ,3.17 ,5.6,20,62,18
1328,149,A2,-83.24,33.54,183.00,16.50,1270.00,1536,C,Cropland,GC,"Horseshoe Bend, GA, USA",,,6.1,1.5,0.4,4.07 ,144.16 ,45.49 ,3.17 ,5.6,20,62,18
1329,149,A2,-83.24,33.54,183.00,16.50,1270.00,1536,C,Cropland,GC,"Horseshoe Bend, GA, USA",,,6.1,1.5,0.4,4.07 ,144.16 ,45.49 ,3.17 ,5.6,20,62,18
1330,149,A2,-83.24,33.54,183.00,16.50,1270.00,1536,C,Cropland,GC,"Horseshoe Bend, GA, USA",,,6.1,1.5,0.4,4.07 ,144.16 ,45.49 ,3.17 ,5.6,20,62,18
1331,149,A2,-83.24,33.54,183.00,16.50,1270.00,1536,C,Cropland,GC,"Horseshoe Bend, GA, USA",,,6.1,1.5,0.4,4.07 ,144.16 ,45.49 ,3.17 ,5.6,20,62,18
1332,149,A2,-83.24,33.54,183.00,16.50,1270.00,1536,C,Cropland,GC,"Horseshoe Bend, GA, USA",,,6.1,1.5,0.4,4.07 ,144.16 ,45.49 ,3.17 ,5.6,20,62,18
1333,149,A2,-83.24,33.54,183.00,16.50,1270.00,1536,C,Cropland,GC,"Horseshoe Bend, GA, USA",,,6.1,1.5,0.4,4.07 ,144.16 ,45.49 ,3.17 ,5.6,20,62,18
1334,149,A2,-83.24,33.54,183.00,16.50,1270.00,1536,C,Cropland,GC,"Horseshoe Bend, GA, USA",,,6.1,1.5,0.4,4.07 ,144.16 ,45.49 ,3.17 ,5.6,20,62,18
1335,150,A2,128.06,42.24,600.00,2.60,708.00,894,D,forest,GC,"Changbai Mountains, Chi",224.00,5395.00,59.2,7.49,1.2,18.56,243.31 ,47.02 ,5.17 ,5.75,40,43,17
1336,150,A2,128.06,42.24,600.00,2.60,708.00,894,D,forest,GC,"Changbai Mountains, Chi",302.00,6796.00,59.2,10.06,1.2,16.66,243.31 ,47.02 ,5.17 ,5.66,40,43,17
1337,150,A2,128.06,42.24,600.00,2.60,708.00,894,D,forest,GC,"Changbai Mountains, Chi",309.00,7334.00,59.2,11.01,1.2,17.37,243.31 ,47.02 ,5.17 ,5.50,40,43,17
1338,150,A2,128.06,42.24,600.00,2.60,708.00,894,D,forest,GC,"Changbai Mountains, Chi",315.00,7535.00,59.2,10.61,1.2,17.98,243.31 ,47.02 ,5.17 ,5.61,40,43,17
1339,150,A2,128.06,42.24,600.00,2.60,708.00,894,D,forest,GC,"Changbai Mountains, Chi",285.00,6337.00,59.2,9.91,1.2,17.80,243.31 ,47.02 ,5.17 ,6.06,40,43,17
1340,151,A2,12.16,55.41,18.00,9.70,547.00,782,C,Cropland,LC,"Taastrup, Denmark",64.00,987.00,35.2,1.60,0.5,9.90,303.99 ,59.17 ,5.14 ,7.0,69.80,14.30,12.60
1341,151,A2,12.16,55.41,18.00,9.70,547.00,782,C,Cropland,LC,"Taastrup, Denmark",83.00,1127.00,35.2,2.10,0.5,9.70,303.99 ,59.17 ,5.14 ,7.0,69.80,14.30,12.60
1342,151,A2,12.16,55.41,18.00,9.70,547.00,782,C,Cropland,LC,"Taastrup, Denmark",94.00,1097.00,35.2,2.50,0.5,9.80,303.99 ,59.17 ,5.14 ,7.0,69.80,14.30,12.60
1343,151,A2,12.16,55.41,18.00,9.70,547.00,782,C,Cropland,LC,"Taastrup, Denmark",93.00,1250.00,35.2,2.10,0.5,10.20,303.99 ,59.17 ,5.14 ,7.0,69.80,14.30,12.60
1344,152,A2,116.17,42.02,1358.00,2.10,382.00,1238,D,Grassland,GC,"Duolun, Chi",72.00,1146.00,5.5,1.48,0.5,14.23,534.36,97.93 ,5.46 ,7.00,33,53,13
1345,153,A2,11.41,49.53,490.00,8.30,587.00,836,D,forest,GC,"NE-Bavaria, Germany",,919.00,38.2,13.00,0.8,38.31,396.94 ,59.86 ,6.63 ,6.8,35,42,23
1346,153,A2,11.41,49.53,490.00,8.30,587.00,836,D,forest,GC,"NE-Bavaria, Germany",,3656.00,38.2,13.00,0.8,36.62,396.94 ,59.86 ,6.63 ,6.8,35,42,23
1347,153,A2,11.41,49.53,490.00,8.30,587.00,836,D,forest,GC,"NE-Bavaria, Germany",,3555.00,38.2,14.00,0.8,26.93,396.94 ,59.86 ,6.63 ,6.8,35,42,23
1348,153,A2,11.23,49.44,520.00,8.20,956.00,837,D,forest,GC,"NE-Bavaria, Germany",,2550.00,22.1,16.00,0.7,30.06,324.66 ,63.02 ,5.15 ,6.6,31,13,54
1349,153,A2,11.41,49.53,490.00,8.30,587.00,836,D,forest,GC,"NE-Bavaria, Germany",,1826.00,38.2,14.00,0.8,26.93,396.94 ,59.86 ,6.63 ,6.8,35,42,23
1350,153,A2,11.41,49.53,490.00,8.30,587.00,836,D,forest,GC,"NE-Bavaria, Germany",,1001.00,38.2,14.00,0.8,26.93,396.94 ,59.86 ,6.63 ,6.8,35,42,23
1351,153,A2,11.41,49.53,490.00,8.30,587.00,836,D,forest,GC,"NE-Bavaria, Germany",,1199.00,38.2,14.00,0.8,26.93,396.94 ,59.86 ,6.63 ,6.8,35,42,23
1352,153,A2,11.41,49.53,490.00,8.30,587.00,836,D,forest,GC,"NE-Bavaria, Germany",,3658.00,38.2,14.00,0.8,26.93,396.94 ,59.86 ,6.63 ,6.8,35,42,23
1353,153,A2,11.41,49.53,490.00,8.30,587.00,836,D,forest,GC,"NE-Bavaria, Germany",,4199.00,38.2,14.00,0.8,26.93,396.94 ,59.86 ,6.63 ,6.8,35,42,23
1354,153,A2,11.41,49.53,490.00,8.30,587.00,836,D,forest,GC,"NE-Bavaria, Germany",,7558.00,38.2,14.00,0.8,26.93,396.94 ,59.86 ,6.63 ,6.8,35,42,23
1355,153,A2,11.41,49.53,490.00,8.30,587.00,836,D,forest,GC,"NE-Bavaria, Germany",,1076.00,38.2,14.00,0.8,26.93,396.94 ,59.86 ,6.63 ,6.8,35,42,23
1356,153,A2,11.41,49.53,490.00,8.30,587.00,836,D,forest,GC,"NE-Bavaria, Germany",,2490.00,38.2,14.00,0.8,26.93,396.94 ,59.86 ,6.63 ,6.8,35,42,23
1357,153,A2,11.41,49.53,490.00,8.30,587.00,836,D,forest,GC,"NE-Bavaria, Germany",,1708.00,38.2,14.00,0.8,26.93,396.94 ,59.86 ,6.63 ,6.8,35,42,23
1358,153,A2,11.23,49.44,520.00,8.20,956.00,837,D,forest,GC,"NE-Bavaria, Germany",,5518.00,22.1,14.00,0.7,26.93,324.66 ,63.02 ,5.15 ,6.6,31,13,54
1359,153,A2,11.23,49.44,520.00,8.20,956.00,837,D,forest,GC,"NE-Bavaria, Germany",,4082.00,22.1,14.00,0.7,26.93,324.66 ,63.02 ,5.15 ,6.6,31,13,54
1360,153,A2,11.23,49.44,520.00,8.20,956.00,837,D,forest,GC,"NE-Bavaria, Germany",,2355.00,22.1,14.00,0.7,26.93,324.66 ,63.02 ,5.15 ,6.6,31,13,54
1361,153,A2,11.23,49.44,520.00,8.20,956.00,837,D,forest,GC,"NE-Bavaria, Germany",,2741.00,22.1,14.00,0.7,26.93,324.66 ,63.02 ,5.15 ,6.6,31,13,54
1362,153,A2,11.23,49.44,520.00,8.20,956.00,837,D,forest,GC,"NE-Bavaria, Germany",,4946.00,22.1,14.00,0.7,26.93,324.66 ,63.02 ,5.15 ,6.6,31,13,54
1363,153,A2,11.23,49.44,520.00,8.20,956.00,837,D,forest,GC,"NE-Bavaria, Germany",,3269.00,22.1,14.00,0.7,26.93,324.66 ,63.02 ,5.15 ,6.6,31,13,54
1364,153,A2,11.23,49.44,520.00,8.20,956.00,837,D,forest,GC,"NE-Bavaria, Germany",,3218.00,22.1,14.00,0.7,26.93,324.66 ,63.02 ,5.15 ,6.6,31,13,54
1365,153,A2,11.23,49.44,520.00,8.20,956.00,837,D,forest,GC,"NE-Bavaria, Germany",,4303.00,22.1,14.00,0.7,26.93,324.66 ,63.02 ,5.15 ,6.6,31,13,54
1366,153,A2,11.23,49.44,520.00,8.20,956.00,837,D,forest,GC,"NE-Bavaria, Germany",,4645.00,22.1,14.00,0.7,26.93,324.66 ,63.02 ,5.15 ,6.6,31,13,54
1367,154,A2,9.34,51.31,500.00,7.30,1100.00,783,C,forest,GC,"Solling, Germany",34.00,3431.00,16.1,11.60,0.6,40.30,230.69 ,74.01 ,3.12 ,6.7,55,26,18
1368,154,A2,9.34,51.31,500.00,7.30,1100.00,783,C,forest,GC,"Solling, Germany",1163.00,17073.00,16.1,16.00,0.6,26.10,230.69 ,74.01 ,3.12 ,6.7,55,26,18
1369,154,A2,9.34,51.31,500.00,7.30,1100.00,783,C,forest,GC,"Solling, Germany",114.00,8696.00,16.1,13.80,0.6,25.60,230.69 ,74.01 ,3.12 ,6.7,55,26,18
1370,154,A2,9.34,51.31,500.00,7.30,1100.00,783,C,forest,GC,"Solling, Germany",144.00,1567.00,16.1,1.90,0.6,20.30,230.69 ,74.01 ,3.12 ,6.7,55,26,18
1371,154,A2,9.34,51.31,500.00,7.30,1100.00,783,C,forest,GC,"Solling, Germany",13.00,377.00,16.1,0.80,0.6,16.80,230.69 ,74.01 ,3.12 ,6.7,55,26,18
1372,155,A2,-71.13,46.34,514.00,4.00,1416.00,780,D,Cropland,GC,"Saint-Lambertde-Lauzon, Cada",19.00,183.00,44.8,1.40,0.7,11.79,400.02 ,67.29 ,5.94 ,6.20,33.00,47.00,20.00
1373,155,A2,-71.13,46.34,514.00,4.00,1416.00,780,D,Cropland,GC,"Saint-Lambertde-Lauzon, Cada",20.00,213.00,44.8,1.40,0.7,11.79,400.02 ,67.29 ,5.94 ,6.20,33.00,47.00,20.00
1374,155,A2,-71.13,46.34,514.00,4.00,1416.00,780,D,Cropland,GC,"Saint-Lambertde-Lauzon, Cada",16.00,196.00,44.8,1.40,0.7,11.79,400.02 ,67.29 ,5.94 ,6.20,33.00,47.00,20.00
1375,156,A2,115.03,26.44,530.00,17.80,1470.00,1208,C,Cropland,LC,"Qianyanzhou, Jiangxi, Chi",23.00,99.00,15.0,1.00,0.3,9.10,307.00,58.64 ,5.24 ,5.40,48,30,22
1376,157,A2,124.48,43.30,65.00,5.60,595.00,1195,D,Cropland,GC,"Gongzhuling, Jilin, Chi",45.00,710.00,18.6,1.65,0.9,10.55,212.67 ,80.03 ,2.66 ,6.30,23.00,50.00,27.00
1377,157,A2,124.48,43.30,65.00,5.60,595.00,1195,D,Cropland,GC,"Gongzhuling, Jilin, Chi",45.00,712.00,18.6,1.65,0.9,10.55,212.67 ,80.03 ,2.66 ,6.30,23.00,50.00,27.00
1378,158,A2,124.49,43.30,65.00,5.60,595.00,1195,D,Cropland,GC,"Gongzhuling, Jilin, Chi",51.00,769.00,18.6,1.51,0.9,10.68,212.67 ,80.03 ,2.66 ,6.10,27.70,50.10,22.20
1379,159,A2,92.56,34.51,4671.00,-3.80,383.00,1002,E,Grassland,GC,"Beiluhe, Chi",56.00,809.00,15.6,1.25,0.6,13.20,67.00 ,103.91 ,0.64 ,8.69,35,50,15
1380,159,A2,92.56,34.51,4671.00,-3.80,383.00,1002,E,Grassland,GC,"Beiluhe, Chi",67.00,962.00,15.6,1.16,0.6,11.60,67.00 ,103.91 ,0.64 ,8.80,35,50,15
1381,159,A2,92.56,34.51,4671.00,-3.80,383.00,1002,E,Grassland,GC,"Beiluhe, Chi",43.00,616.00,15.6,0.94,0.6,10.60,67.00 ,103.91 ,0.64 ,8.80,35,50,15
1382,159,A2,92.56,34.51,4671.00,-3.80,383.00,1002,E,Grassland,GC,"Beiluhe, Chi",33.00,472.00,15.6,0.72,0.6,10.30,67.00 ,103.91 ,0.64 ,8.97,35,50,15
1383,159,A2,92.56,34.51,4671.00,-3.80,383.00,1002,E,Grassland,GC,"Beiluhe, Chi",83.00,1188.00,15.6,2.80,0.6,7.50,67.00 ,103.91 ,0.64 ,9.08,35,50,15
1384,160,A2,7.55,44.09,1609.00,5.40,1282.00,957,C,forest,GC,"vette, Ormea, Italy",69.00,781.00,96.0,1.5,0.6,64.00 ,1613.63,114.61,14.08 ,7.4,36,46,18
1385,160,A2,7.55,44.09,1312.00,5.40,1282.00,957,C,forest,GC,"Secae, Ormea, Italy",114.00,968.00,96.0,1.5,0.6,64.00 ,1173.93,79.87,14.70 ,7.4,36,46,18
1386,160,A2,7.55,44.09,1321.00,5.40,1282.00,957,C,forest,GC,"Valco, Ormea, Italy",105.00,918.00,96.0,1.5,0.6,64.00 ,1143.76,93.20,12.27 ,7.4,36,46,18
1387,160,A2,7.55,44.09,1609.00,5.40,1282.00,957,C,forest,GC,"vette, Ormea, Italy",27.00,511.00,96.0,1.5,0.6,64.00 ,2258.57,121.63,18.57 ,7.4,36,46,18
1388,160,A2,7.55,44.09,1321.00,5.40,1282.00,957,C,forest,GC,"Valco, Ormea, Italy",46.00,703.00,96.0,1.5,0.6,64.00 ,2886.78,153.34,18.83 ,7.4,36,46,18
1389,160,A2,7.55,44.09,1609.00,5.40,1282.00,957,C,forest,GC,"vette, Ormea, Italy",110.00,872.00,96.0,1.5,0.6,64.00 ,1989.61,99.88,19.92 ,7.4,36,46,18
1390,160,A2,7.55,44.09,1312.00,5.40,1282.00,957,C,forest,GC,"Secae, Ormea, Italy",96.00,963.00,96.0,1.5,0.6,64.00 ,1716.13,74.93,22.90 ,7.4,36,46,18
1391,160,A2,7.55,44.09,1321.00,5.40,1282.00,957,C,forest,GC,"Valco, Ormea, Italy",46.00,767.00,96.0,1.5,0.6,64.00 ,1371.44,318.82,4.30 ,7.4,36,46,18
1392,160,A2,7.55,44.09,1312.00,5.40,1282.00,957,C,forest,GC,"Secae, Ormea, Italy",46.00,781.00,96.0,1.5,0.6,64.00 ,373.02,28.25,13.20 ,7.4,36,46,18
1393,160,A2,7.55,44.09,1321.00,5.40,1282.00,957,C,forest,GC,"Valco, Ormea, Italy",132.00,904.00,96.0,1.5,0.6,64.00 ,283.56,25.55,11.10 ,7.4,36,46,18
1394,160,A2,7.55,44.09,1609.00,5.40,1282.00,957,C,forest,GC,"vette, Ormea, Italy",110.00,502.00,96.0,1.5,0.6,64.00 ,1208.37,144.79,8.35 ,7.4,36,46,18
1395,160,A2,7.55,44.09,1312.00,5.40,1282.00,957,C,forest,GC,"Secae, Ormea, Italy",46.00,708.00,96.0,1.5,0.6,64.00 ,1285.08,134.38,9.56 ,7.4,36,46,18
1396,161,A3,121.23,30.16,10,16.3,1325,1272,C,Cropland,GC,"Yangtze River Delta, Chi",3.621461847,38.57475929,5.08,0.31,0.4,16.38709677,224.90 ,59.96 ,3.75 ,8.2,31,47,22
1397,161,A3,121.23,30.16,10,16.3,1325,1272,C,Cropland,GC,"Yangtze River Delta, Chi",9.861095831,119.7956836,10.861,0.76,0.4,14.29078947,224.90 ,59.96 ,3.75 ,7.8,31,47,22
1398,161,A3,121.23,30.16,10,16.3,1325,1272,C,Cropland,GC,"Yangtze River Delta, Chi",12.00232515,40.10036006,5.270166667,0.285,0.4,18.49181287,224.90 ,59.96 ,3.75 ,7.8,31,47,22
1399,161,A3,121.23,30.16,10,16.3,1325,1272,C,Cropland,GC,"Yangtze River Delta, Chi",27.49429048,381.5568714,17.81233333,1.761111111,0.4,10.11425868,224.90 ,59.96 ,3.75 ,7.3,31,47,22
1400,161,A3,121.23,30.16,10,16.3,1325,1272,C,Cropland,GC,"Yangtze River Delta, Chi",13.09501719,264.3436377,14.4515,1.41875,0.4,10.1860793,224.90 ,59.96 ,3.75 ,7.3,31,47,22
1401,161,A3,121.23,30.16,10,16.3,1325,1272,C,Cropland,GC,"Yangtze River Delta, Chi",1.87920784,54.2402964,5.724833333,0.4591666667,0.4,12.46787659,224.90 ,59.96 ,3.75 ,7.3,31,47,22
1402,161,A3,121.23,30.16,10,16.3,1325,1272,C,Cropland,GC,"Yangtze River Delta, Chi",13.75413016,27.39566316,5.106166667,0.38,0.4,13.4372807,224.90 ,59.96 ,3.75 ,7.3,31,47,22
1403,161,A3,121.23,30.16,10,16.3,1325,1272,C,Cropland,GC,"Yangtze River Delta, Chi",8.238357524,28.40682639,5.181333333,0.34,0.4,15.23921569,224.90 ,59.96 ,3.75 ,7.3,31,47,22
1404,161,A3,121.23,30.16,10,16.3,1325,1272,C,Cropland,GC,"Yangtze River Delta, Chi",8.308037118,37.14234176,5.074833333,0.35,0.4,14.49952381,224.90 ,59.96 ,3.75 ,7.3,31,47,22
1405,161,A3,121.23,30.16,10,16.3,1325,1272,C,Cropland,GC,"Yangtze River Delta, Chi",12.20792974,34.00504918,5.4405,0.375,0.4,14.508,224.90 ,59.96 ,3.75 ,7.3,31,47,22
1406,161,A3,121.23,30.16,10,16.3,1325,1272,C,Cropland,GC,"Yangtze River Delta, Chi",37.79585408,524.3034187,17.58333333,2.120714286,0.4,8.291231616,224.90 ,59.96 ,3.75 ,5.1,31,47,22
1407,161,A3,121.23,30.16,10,16.3,1325,1272,C,Cropland,GC,"Yangtze River Delta, Chi",27.43952238,485.0964139,15.3375,1.844,0.4,8.317516269,224.90 ,59.96 ,3.75 ,5.1,31,47,22
1408,161,A3,121.23,30.16,10,16.3,1325,1272,C,Cropland,GC,"Yangtze River Delta, Chi",13.22670551,154.2857857,6.61425,0.9041666667,0.4,7.315299539,224.90 ,59.96 ,3.75 ,5.1,31,47,22
1409,161,A3,121.23,30.16,10,16.3,1325,1272,C,Cropland,GC,"Yangtze River Delta, Chi",14.03160896,38.9743298,5.801666667,0.48,0.4,12.08680556,224.90 ,59.96 ,3.75 ,5.1,31,47,22
1410,161,A3,121.23,30.16,10,16.3,1325,1272,C,Cropland,GC,"Yangtze River Delta, Chi",11.44833421,27.42008519,4.71775,0.42,0.4,11.2327381,224.90 ,59.96 ,3.75 ,5.1,31,47,22
1411,161,A3,121.23,30.16,10,16.3,1325,1272,C,Cropland,GC,"Yangtze River Delta, Chi",10.56422953,27.18346403,4.719833333,0.42,0.4,11.23769841,224.90 ,59.96 ,3.75 ,5.1,31,47,22
1412,161,A3,121.23,30.16,10,16.3,1325,1272,C,Cropland,GC,"Yangtze River Delta, Chi",10.7151397,31.12031152,5.206833333,0.43,0.4,12.10891473,224.90 ,59.96 ,3.75 ,5.1,31,47,22
1413,161,A3,121.23,30.16,10,16.3,1325,1272,C,Cropland,GC,"Yangtze River Delta, Chi",49.42017124,512.4808652,22.60166667,2.495,0.4,9.058784235,224.90 ,59.96 ,3.75 ,5.5,31,47,22
1414,161,A3,121.23,30.16,10,16.3,1325,1272,C,Cropland,GC,"Yangtze River Delta, Chi",21.78994953,474.4515607,14.86916667,1.612222222,0.4,9.222777395,224.90 ,59.96 ,3.75 ,5.5,31,47,22
1415,161,A3,121.23,30.16,10,16.3,1325,1272,C,Cropland,GC,"Yangtze River Delta, Chi",3.301021509,106.7396785,7.117083333,0.7125,0.4,9.988888889,224.90 ,59.96 ,3.75 ,5.5,31,47,22
1416,161,A3,121.23,30.16,10,16.3,1325,1272,C,Cropland,GC,"Yangtze River Delta, Chi",11.27591052,44.22402185,5.224166667,0.465,0.4,11.23476703,224.90 ,59.96 ,3.75 ,5.5,31,47,22
1417,161,A3,121.23,30.16,10,16.3,1325,1272,C,Cropland,GC,"Yangtze River Delta, Chi",17.07473648,34.56412476,4.888888889,0.48,0.4,10.18518519,224.90 ,59.96 ,3.75 ,5.5,31,47,22
1418,161,A3,121.23,30.16,10,16.3,1325,1272,C,Cropland,GC,"Yangtze River Delta, Chi",42.05124721,29.75276442,4.651866667,0.465,0.4,10.00401434,224.90 ,59.96 ,3.75 ,5.5,31,47,22
1419,161,A3,121.23,30.16,10,16.3,1325,1272,C,Cropland,GC,"Yangtze River Delta, Chi",101.7491549,472.0999359,23.23375,2.327,0.4,9.984422003,224.90 ,59.96 ,3.75 ,6.8,31,47,22
1420,161,A3,121.23,30.16,10,16.3,1325,1272,C,Cropland,GC,"Yangtze River Delta, Chi",22.56522514,467.0153059,17.98416667,1.97625,0.4,9.100147586,224.90 ,59.96 ,3.75 ,6.8,31,47,22
1421,161,A3,121.23,30.16,10,16.3,1325,1272,C,Cropland,GC,"Yangtze River Delta, Chi",59.03006148,175.6295899,8.578333333,1.05,0.4,8.16984127,224.90 ,59.96 ,3.75 ,6.8,31,47,22
1422,161,A3,121.23,30.16,10,16.3,1325,1272,C,Cropland,GC,"Yangtze River Delta, Chi",3.462027599,75.71439645,4.12,0.555,0.4,7.423423423,224.90 ,59.96 ,3.75 ,6.8,31,47,22
1423,161,A3,121.23,30.16,10,16.3,1325,1272,C,Cropland,GC,"Yangtze River Delta, Chi",5.544760355,37.92457977,5.276666667,0.67,0.4,7.875621891,224.90 ,59.96 ,3.75 ,6.8,31,47,22
1424,161,A3,121.23,30.16,10,16.3,1325,1272,C,Cropland,GC,"Yangtze River Delta, Chi",3.643487956,14.62370027,3.285833333,0.535,0.4,6.141744548,224.90 ,59.96 ,3.75 ,6.8,31,47,22
1425,161,A3,121.23,30.16,10,16.3,1325,1272,C,Cropland,GC,"Yangtze River Delta, Chi",2.301989999,29.00073175,5.95,0.445,0.4,13.37078652,224.90 ,59.96 ,3.75 ,6.8,31,47,22
1426,161,A3,121.23,30.16,10,16.3,1325,1272,C,Cropland,GC,"Yangtze River Delta, Chi",,17.83972934,2.0825,0.31,0.4,6.717741935,224.90 ,59.96 ,3.75 ,6.8,31,47,22
1427,161,A3,121.23,30.16,10,16.3,1325,1272,C,Cropland,GC,"Yangtze River Delta, Chi",85.98657905,368.6603851,13.96833333,1.579285714,0.4,8.844715815,224.90 ,59.96 ,3.75 ,5.5,31,47,22
1428,161,A3,121.23,30.16,10,16.3,1325,1272,C,Cropland,GC,"Yangtze River Delta, Chi",19.57783759,508.7095464,11.04166667,1.304,0.4,8.467535787,224.90 ,59.96 ,3.75 ,5.5,31,47,22
1429,161,A3,121.23,30.16,10,16.3,1325,1272,C,Cropland,GC,"Yangtze River Delta, Chi",7.895408374,157.091999,6.069166667,0.7257142857,0.4,8.363024934,224.90 ,59.96 ,3.75 ,5.5,31,47,22
1430,161,A3,121.23,30.16,10,16.3,1325,1272,C,Cropland,GC,"Yangtze River Delta, Chi",5.50869666,35.97762917,4.629166667,0.615,0.4,7.527100271,224.90 ,59.96 ,3.75 ,5.5,31,47,22
1431,161,A3,121.23,30.16,10,16.3,1325,1272,C,Cropland,GC,"Yangtze River Delta, Chi",4.5728101,18.92458801,2.8075,0.51,0.4,5.504901961,224.90 ,59.96 ,3.75 ,5.5,31,47,22
1432,161,A3,121.23,30.16,10,16.3,1325,1272,C,Cropland,GC,"Yangtze River Delta, Chi",5.660467131,30.88705252,3.9225,0.625,0.4,6.276,224.90 ,59.96 ,3.75 ,5.5,31,47,22
1433,161,A3,121.23,30.16,10,16.3,1325,1272,C,Cropland,GC,"Yangtze River Delta, Chi",15.71835681,41.31104924,15.4175,1.39,0.4,11.09172662,224.90 ,59.96 ,3.75 ,5.5,31,47,22
1434,161,A3,121.23,30.16,10,16.3,1325,1272,C,Cropland,GC,"Yangtze River Delta, Chi",10.08748143,16.6870857,3.52,0.475,0.4,7.410526316,224.90 ,59.96 ,3.75 ,5.5,31,47,22
1435,161,A3,121.23,30.16,10,16.3,1325,1272,C,Cropland,GC,"Yangtze River Delta, Chi",144.7971705,589.9647181,29.99166667,3.557142857,0.4,8.431392236,224.90 ,59.96 ,3.75 ,5.5,31,47,22
1436,161,A3,121.23,30.16,10,16.3,1325,1272,C,Cropland,GC,"Yangtze River Delta, Chi",36.13781312,372.9449992,20.54,2.095,0.4,9.804295943,224.90 ,59.96 ,3.75 ,5.1,31,47,22
1437,161,A3,121.23,30.16,10,16.3,1325,1272,C,Cropland,GC,"Yangtze River Delta, Chi",32.86191323,51.52139388,5.4875,0.578125,0.4,9.491891892,224.90 ,59.96 ,3.75 ,5.1,31,47,22
1438,161,A3,121.23,30.16,10,16.3,1325,1272,C,Cropland,GC,"Yangtze River Delta, Chi",26.50621774,21.93905827,3.491666667,0.44,0.4,7.935606061,224.90 ,59.96 ,3.75 ,5.1,31,47,22
1439,161,A3,121.23,30.16,10,16.3,1325,1272,C,Cropland,GC,"Yangtze River Delta, Chi",2.701657596,22.9603538,2.623333333,0.3833333333,0.4,6.843478261,224.90 ,59.96 ,3.75 ,5.1,31,47,22
1440,161,A3,121.23,30.16,10,16.3,1325,1272,C,Cropland,GC,"Yangtze River Delta, Chi",12.78241602,10.9296791,1.61375,0.3133333333,0.4,5.150265957,224.90 ,59.96 ,3.75 ,5.1,31,47,22
1441,161,A3,121.23,30.16,10,16.3,1325,1272,C,Cropland,GC,"Yangtze River Delta, Chi",2.129966167,10.26889185,1.406666667,0.315,0.4,4.465608466,224.90 ,59.96 ,3.75 ,5.1,31,47,22
1442,161,A3,121.23,30.16,10,16.3,1325,1272,C,Cropland,GC,"Yangtze River Delta, Chi",12.680599,270.5797401,10.57966667,1.133,0.4,9.337746396,224.90 ,59.96 ,3.75 ,7.1,31,47,22
1443,161,A3,121.23,30.16,10,16.3,1325,1272,C,Cropland,GC,"Yangtze River Delta, Chi",14.70825614,164.8498656,8.181611111,0.849,0.4,9.636762204,224.90 ,59.96 ,3.75 ,7.1,31,47,22
1444,161,A3,121.23,30.16,10,16.3,1325,1272,C,Cropland,GC,"Yangtze River Delta, Chi",19.28376041,62.53478641,6.350055556,0.59,0.4,10.76280603,224.90 ,59.96 ,3.75 ,7.1,31,47,22
1445,161,A3,121.23,30.16,10,16.3,1325,1272,C,Cropland,GC,"Yangtze River Delta, Chi",11.36436645,61.70507236,5.554166667,0.525,0.4,10.57936508,224.90 ,59.96 ,3.75 ,7.1,31,47,22
1446,161,A3,121.23,30.16,10,16.3,1325,1272,C,Cropland,GC,"Yangtze River Delta, Chi",24.15461524,84.8445137,4.805444444,0.455,0.4,10.56141636,224.90 ,59.96 ,3.75 ,7.1,31,47,22
1447,161,A3,121.23,30.16,10,16.3,1325,1272,C,Cropland,GC,"Yangtze River Delta, Chi",4.641396913,37.82725666,4.681111111,0.39,0.4,12.002849,224.90 ,59.96 ,3.75 ,7.1,31,47,22
1448,161,A3,121.23,30.16,10,16.3,1325,1272,C,Cropland,GC,"Yangtze River Delta, Chi",22.08854248,186.8775426,10.80366667,0.9771428571,0.4,11.05638402,224.90 ,59.96 ,3.75 ,7.5,31,47,22
1449,161,A3,121.23,30.16,10,16.3,1325,1272,C,Cropland,GC,"Yangtze River Delta, Chi",16.01174483,143.5759765,8.091166667,0.8128571429,0.4,9.953983597,224.90 ,59.96 ,3.75 ,7.5,31,47,22
1450,161,A3,121.23,30.16,10,16.3,1325,1272,C,Cropland,GC,"Yangtze River Delta, Chi",18.5365335,106.0098686,7.033916667,0.66,0.4,10.65744949,224.90 ,59.96 ,3.75 ,7.5,31,47,22
1451,161,A3,121.23,30.16,10,16.3,1325,1272,C,Cropland,GC,"Yangtze River Delta, Chi",12.01888364,60.69790266,6.221166667,0.52,0.4,11.96378205,224.90 ,59.96 ,3.75 ,7.5,31,47,22
1452,161,A3,121.23,30.16,10,16.3,1325,1272,C,Cropland,GC,"Yangtze River Delta, Chi",12.53371152,63.0695604,5.520583333,0.52,0.4,10.61650641,224.90 ,59.96 ,3.75 ,7.5,31,47,22
1453,161,A3,121.23,30.16,10,16.3,1325,1272,C,Cropland,GC,"Yangtze River Delta, Chi",11.90989576,65.10821511,5.252666667,0.53,0.4,9.910691824,224.90 ,59.96 ,3.75 ,6.7,31,47,22
1454,161,A3,121.23,30.16,10,16.3,1325,1272,C,Cropland,GC,"Yangtze River Delta, Chi",22.77056825,278.6459196,10.53116667,1.216,0.4,8.660498904,224.90 ,59.96 ,3.75 ,6.7,31,47,22
1455,161,A3,121.23,30.16,10,16.3,1325,1272,C,Cropland,GC,"Yangtze River Delta, Chi",11.29190742,159.87053,6.646,0.6991666667,0.4,9.505601907,224.90 ,59.96 ,3.75 ,6.7,31,47,22
1456,161,A3,121.23,30.16,10,16.3,1325,1272,C,Cropland,GC,"Yangtze River Delta, Chi",5.234186521,122.3392816,6.1945,0.58,0.4,10.68017241,224.90 ,59.96 ,3.75 ,6.7,31,47,22
1457,161,A3,121.23,30.16,10,16.3,1325,1272,C,Cropland,GC,"Yangtze River Delta, Chi",4.620003939,65.45948636,5.2905,0.455,0.4,11.62747253,224.90 ,59.96 ,3.75 ,6.7,31,47,22
1458,161,A3,121.23,30.16,10,16.3,1325,1272,C,Cropland,GC,"Yangtze River Delta, Chi",5.156445916,39.16653059,4.560666667,0.415,0.4,10.98955823,224.90 ,59.96 ,3.75 ,6.7,31,47,22
1459,161,A3,121.23,30.16,10,16.3,1325,1272,C,Cropland,GC,"Yangtze River Delta, Chi",4.697227819,35.81350327,4.443666667,0.415,0.4,10.70763052,224.90 ,59.96 ,3.75 ,6.7,31,47,22
1460,161,A3,121.23,30.16,10,16.3,1325,1272,C,Cropland,GC,"Yangtze River Delta, Chi",41.00579641,401.5366199,10.96666667,1.409,0.4,7.783297847,224.90 ,59.96 ,3.75 ,6,31,47,22
1461,161,A3,121.23,30.16,10,16.3,1325,1272,C,Cropland,GC,"Yangtze River Delta, Chi",16.97641894,227.655227,7.141666667,0.8528571429,0.4,8.373813512,224.90 ,59.96 ,3.75 ,6,31,47,22
1462,161,A3,121.23,30.16,10,16.3,1325,1272,C,Cropland,GC,"Yangtze River Delta, Chi",6.098905662,112.3618958,5.308166667,0.485,0.4,10.94467354,224.90 ,59.96 ,3.75 ,6,31,47,22
1463,161,A3,121.23,30.16,10,16.3,1325,1272,C,Cropland,GC,"Yangtze River Delta, Chi",5.433602043,72.96398649,5.269333333,0.44,0.4,11.97575758,224.90 ,59.96 ,3.75 ,6,31,47,22
1464,161,A3,121.23,30.16,10,16.3,1325,1272,C,Cropland,GC,"Yangtze River Delta, Chi",3.885242753,44.57000483,5.176,0.4,0.4,12.94,224.90 ,59.96 ,3.75 ,6,31,47,22
1465,161,A3,121.23,30.16,10,16.3,1325,1272,C,Cropland,GC,"Yangtze River Delta, Chi",2.391981322,25.54264985,4.848388889,0.4,0.4,12.12097222,224.90 ,59.96 ,3.75 ,6,31,47,22
1466,162,A3,117,39.22,10,11.6,586,1460,B,Cropland,LC,"Tianjin City, Chi",25.05355556,267.0271707,14.2,0.9,0.7,15.78 ,419.118,53.7931,7.79 ,8.1,45,39,17
1467,162,A3,117,39.22,10,11.6,586,1460,B,Cropland,LC,"Tianjin City, Chi",26.76955556,269.4747742,16.6,0.9,0.7,18.44 ,379.412,41.3793,9.17 ,8.1,45,39,17
1468,162,A3,117,39.22,10,11.6,586,1460,B,Cropland,LC,"Tianjin City, Chi",21.96482222,208.2004683,17.5,0.9,0.7,19.44 ,291.176,33.6946,8.64 ,8.1,45,39,17
1469,162,A3,117,39.22,10,11.6,586,1460,B,Cropland,LC,"Tianjin City, Chi",20.24882222,280.5828647,11,0.9,0.7,12.22 ,573.529,66.798,8.59 ,8.1,45,39,17
1470,162,A3,117,39.22,10,11.6,586,1460,B,Cropland,LC,"Tianjin City, Chi",39.468,379.4237706,19,0.9,0.7,21.11 ,564.706,64.4335,8.76 ,8.1,45,39,17
1471,162,A3,117,39.22,10,11.6,586,1460,B,Cropland,LC,"Tianjin City, Chi",31.23133333,364.2743526,21.5,0.9,0.7,23.89 ,569.118,60.2956,9.44 ,8.1,45,39,17
1472,162,A3,117,39.22,10,11.6,586,1460,B,Cropland,LC,"Tianjin City, Chi",25.39688889,243.7079927,24.7,0.9,0.7,27.44 ,727.941,74.4828,9.77 ,8.1,45,39,17
1473,162,A3,117,39.22,10,11.6,586,1460,B,Cropland,LC,"Tianjin City, Chi",22.99444444,315.1112843,13.3,0.9,0.7,14.78 ,697.059,79.803,8.73 ,8.1,45,39,17
1474,162,A3,117,39.22,10,11.6,586,1460,B,Cropland,LC,"Tianjin City, Chi",50.79355556,552.0412239,21.9,0.9,0.7,24.33 ,727.941,82.1675,8.86 ,8.1,45,39,17
1475,162,A3,117,39.22,10,11.6,586,1460,B,Cropland,LC,"Tianjin City, Chi",47.36155556,581.1593502,24.8,0.9,0.7,27.56 ,913.235,92.8079,9.84 ,8.1,45,39,17
1476,162,A3,117,39.22,10,11.6,586,1460,B,Cropland,LC,"Tianjin City, Chi",34.32,327.8631821,27,0.9,0.7,30.00 ,732.353,73.3005,9.99 ,8.1,45,39,17
1477,162,A3,117,39.22,10,11.6,586,1460,B,Cropland,LC,"Tianjin City, Chi",34.66333333,484.8162263,15,0.9,0.7,16.67 ,604.412,69.7537,8.66 ,8.1,45,39,17
1478,162,A3,117,39.22,10,11.6,586,1460,B,Cropland,LC,"Tianjin City, Chi",63.83533333,706.6977089,23,0.9,0.7,25.56 ,922.059,102.857,8.96 ,8.1,45,39,17
1479,162,A3,117,39.22,10,11.6,586,1460,B,Cropland,LC,"Tianjin City, Chi",61.776,741.1748389,26.1,0.9,0.7,29.00 ,1102.94,109.36,10.09 ,8.1,45,39,17
1480,162,A3,117,39.22,10,11.6,586,1460,B,Cropland,LC,"Tianjin City, Chi",40.15444444,390.6073198,28.5,0.9,0.7,31.67 ,922.059,88.0788,10.47 ,8.1,45,39,17
1481,162,A3,117,39.22,10,11.6,586,1460,B,Cropland,LC,"Tianjin City, Chi",44.27288889,586.9582984,15.2,0.9,0.7,16.89 ,630.882,72.7094,8.68 ,8.1,45,39,17
1482,163,A3,105.24,26.25,1420,15.2,1316,1128,C,Cropland,LC,"Guizhou Province, southwest Chi",48.44,266.96,24.7,2.5,0.9,9.88 ,166.40 ,53.73 ,3.10 ,6.80 ,50,26,24
1483,163,A3,105.24,26.25,1420,15.5,1319,1128,C,Cropland,LC,"Guizhou Province, southwest Chi",30.33,160.55,21,2.1,0.9,10.00 ,166.40 ,53.73 ,3.10 ,6.90 ,50,26,24
1484,163,A3,105.24,26.25,1420,15.8,1322,1128,C,Cropland,LC,"Guizhou Province, southwest Chi",25.3,11.64,11.9,1.5,0.9,7.93 ,166.40 ,53.73 ,3.10 ,7.20 ,50,26,24
1485,163,A3,105.24,26.25,1420,15.11,1325,1128,C,Cropland,LC,"Guizhou Province, southwest Chi",33.33,175.17,8,1.5,0.9,5.33 ,166.40 ,53.73 ,3.10 ,7.1,50,26,24
1486,163,A3,105.24,26.25,1420,15.14,1328,1128,C,Grassland,LC,"Guizhou Province, southwest Chi",126.87,502.27,30.3,3.1,0.9,9.77 ,166.40 ,53.73 ,3.10 ,7.2,50,26,24
1487,163,A3,105.24,26.25,1420,15.17,1331,1128,C,Grassland,LC,"Guizhou Province, southwest Chi",70.86,333.09,27.6,2.7,0.9,10.22 ,166.40 ,53.73 ,3.10 ,7.3,50,26,24
1488,163,A3,105.24,26.25,1420,15.20 ,1334,1128,C,Grassland,LC,"Guizhou Province, southwest Chi",54.05,250.21,24.1,2.4,0.9,10.04 ,166.40 ,53.73 ,3.10 ,7.4,50,26,24
1489,163,A3,105.24,26.25,1420,15.23 ,1337,1128,C,Forest,LC,"Guizhou Province, southwest Chi",201.39,1093.11,64.7,4.5,0.9,14.38 ,166.40 ,53.73 ,3.10 ,7,50,26,24
1490,163,A3,105.24,26.25,1420,15.26 ,1340,1128,C,Forest,LC,"Guizhou Province, southwest Chi",188.5,853.36,51.3,4.4,0.9,11.66 ,166.40 ,53.73 ,3.10 ,7,50,26,24
1491,163,A3,105.24,26.25,1420,15.29 ,1343,1128,C,Forest,LC,"Guizhou Province, southwest Chi",88.69,346.95,27.6,2.7,0.9,10.22 ,166.40 ,53.73 ,3.10 ,7.2,50,26,24
1492,163,A3,105.24,26.25,1420,15.32 ,1346,1128,C,Forest,LC,"Guizhou Province, southwest Chi",51.63,175.57,15.4,1.8,0.9,8.56 ,166.40 ,53.73 ,3.10 ,7.7,50,26,24
1493,163,A3,105.24,26.25,1420,15.35 ,1349,1128,C,Forest,LC,"Guizhou Province, southwest Chi",218.38,1103.57,77.9,7.3,0.9,10.67 ,166.40 ,53.73 ,3.10 ,6.6,50,26,24
1494,163,A3,105.24,26.25,1420,15.38 ,1352,1128,C,Forest,LC,"Guizhou Province, southwest Chi",164.97,657.29,47.6,4.6,0.9,10.35 ,166.40 ,53.73 ,3.10 ,7.10 ,50,26,24
1495,163,A3,105.24,26.25,1420,15.41 ,1355,1128,C,Forest,LC,"Guizhou Province, southwest Chi",136.41,522.11,35.7,3.7,0.9,9.65 ,166.40 ,53.73 ,3.10 ,7.20 ,50,26,24
1496,163,A3,105.24,26.25,1420,15.44 ,1358,1128,C,Forest,LC,"Guizhou Province, southwest Chi",75.16,237.92,21.8,3.7,0.9,5.89 ,166.40 ,53.73 ,3.10 ,7.10 ,50,26,24
1497,164,A3,128.27,42.42,750,4.30 ,745.00 ,904,D,Forest,GC,"Jilin Provinc, northeast Chi.",39.5,528.5,18.6,1.7,0.9,10.7,243.31 ,47.02 ,5.17 ,5.30 ,44,38,18
1498,164,A3,128.27,42.42,750,4.30 ,745.00 ,904,D,Forest,GC,"Jilin Provinc, northeast Chi.",47.5,653.4,18.6,1.7,0.9,11.8,243.31 ,47.02 ,5.17 ,5.20 ,44,38,18
1499,164,A3,128.27,42.42,750,4.30 ,745.00 ,904,D,Forest,GC,"Jilin Provinc, northeast Chi.",63.8,881.3,18.6,1.7,0.9,10.4,243.31 ,47.02 ,5.17 ,4.80 ,44,38,18
1500,164,A3,128.27,42.42,750,4.30 ,745.00 ,904,D,Forest,GC,"Jilin Provinc, northeast Chi.",61.9,880,18.6,1.7,0.9,10.2,243.31 ,47.02 ,5.17 ,5.10 ,44,38,18
1501,164,A3,117.65,27.73,630,16.4,1825,1037,C,Forest,GC,"Fujian Province, Chi",2665.8056,6892.175,37,2.3,0.4,16.08695652,145.69 ,49.60 ,2.94 ,4.96 ,10.3,25.1,64.6
1502,164,A3,117.65,27.73,1050,15.2,2561,1037,C,Forest,GC,"Fujian Province, Chi",3054.6596,9991.6485,54.5,2.6,0.4,20.96153846,145.69 ,49.60 ,2.94 ,4.42 ,12.6,27,60.4
1503,164,A3,117.65,27.73,1450,12.4,2675,1037,C,Forest,GC,"Fujian Province, Chi",3554.269,13575.9875,72.5,3.5,0.4,20.71428571,145.69 ,49.60 ,2.94 ,4.78 ,12.6,47.8,39.6
1504,164,A3,117.65,27.73,1850,10.7,2942,1037,C,Forest,GC,"Fujian Province, Chi",3034.54131,10544.9963,62.9,4.9,0.4,12.83673469,145.69 ,49.60 ,2.94 ,4.43 ,15,41.1,43.3
1505,164,A3,117.65,27.73,2130,9.3,3319,1037,C,Forest,GC,"Fujian Province, Chi",2244.3318,9713.82276,98.1,6.8,0.4,14.42647059,145.69 ,49.60 ,2.94 ,4.81 ,14.8,41.1,44.1
1506,165,A3,108.61,18.39,900,20,2200,1716,A,Forest,GC,"Hain Island, Chi",79.27,1473.08,25.87,2.07,0.1,12.49758454,110.87 ,98.46 ,1.13 ,4.41,33,50,17
1507,165,A3,108.61,18.39,900,20,2200,1716,A,Forest,GC,"Hain Island, Chi",79.18,1298.15,26.96,2.19,0.1,12.31050228,110.87 ,98.46 ,1.13 ,4.33,33,50,17
1508,165,A3,108.61,18.39,900,20,2200,1716,A,Forest,GC,"Hain Island, Chi",83.88,1318.18,23.85,2.02,0.1,11.80693069,110.87 ,98.46 ,1.13 ,4.4,33,50,17
1509,165,A3,108.61,18.39,900,20,2200,1716,A,Forest,GC,"Hain Island, Chi",82.33,1365.93,23.62,1.87,0.1,12.63101604,110.87 ,98.46 ,1.13 ,4.34,33,50,17
1510,165,A3,108.88,18.72,870,19.7,2198,1402,A,Forest,GC,"Jianfengling,eastern Chi",62.9787,1328.24,21.5,1.7,0.8,12.64705882,110.87 ,98.46 ,1.13 ,4.50 ,44,32,9
1511,165,A3,108.88,18.72,870,19.7,2198,1402,A,Forest,GC,"Jianfengling,eastern Chi",62.9787,1328.24,23.1,1.9,0.8,12.15789474,110.87 ,98.46 ,1.13 ,4.70 ,44,32,9
1512,165,A3,108.88,18.72,870,19.7,2198,1402,A,Forest,GC,"Jianfengling,eastern Chi",61.2766,1374.05,25.2,2,0.8,12.6,110.87 ,98.46 ,1.13 ,4.50 ,44,32,9
1513,165,A3,108.87,18.73,880,20,2198,1430,A,Forest,GC,"Jianfengling,eastern Chi",80,1465.65,25.9,2.1,0.3,12.33333333,110.87 ,98.46 ,1.13 ,4.40 ,36,18,16.7
1514,165,A3,108.87,18.73,880,20,2198,1430,A,Forest,GC,"Jianfengling,eastern Chi",80,1282.44,27,2.2,0.3,12.27272727,110.87 ,98.46 ,1.13 ,4.30 ,36,18,16.7
1515,165,A3,108.87,18.73,880,20,2198,1430,A,Forest,GC,"Jianfengling,eastern Chi",91.9149,1557.25,30.4,2.3,0.3,13.2173913,110.87 ,98.46 ,1.13 ,4.20 ,36,18,16.7
1516,165,A3,117.95,27.65,700,18,1889,1330,C,Forest,GC,"Wuyishan,eastern Chi",103.83,1419.85,32.5,2.2,0.3,14.77272727,145.69 ,49.60 ,2.94 ,5.30 ,48,12,11.2
1517,165,A3,117.95,27.65,700,18,1889,1330,C,Forest,GC,"Wuyishan,eastern Chi",107.234,1374.05,29.8,2.2,0.3,13.54545455,145.69 ,49.60 ,2.94 ,4.90 ,48,12,11.2
1518,165,A3,117.95,27.65,700,18,1889,1330,C,Forest,GC,"Wuyishan,eastern Chi",112.34,1328.24,27.3,2,0.3,13.65,145.69 ,49.60 ,2.94 ,4.90 ,48,12,11.2
1519,165,A3,117.35,30.02,375,9.2,1650,1154,C,Forest,GC,"Guniujiang,eastern Chi",122.553,1511.45,45.1,3.2,0.5,14.09375,198.85 ,59.02 ,3.37 ,5.30 ,40,15,13.1
1520,165,A3,117.35,30.02,375,9.2,1650,1154,C,Forest,GC,"Guniujiang,eastern Chi",136.17,1786.26,49.6,3.4,0.5,14.58823529,198.85 ,59.02 ,3.37 ,4.50 ,40,15,13.1
1521,165,A3,117.35,30.02,375,9.2,1650,1154,C,Forest,GC,"Guniujiang,eastern Chi",115.745,1877.86,58.1,3.9,0.5,14.8974359,198.85 ,59.02 ,3.37 ,4.50 ,40,15,13.1
1522,165,A3,115.43,39.97,1300,5.4,612,1393,B,Forest,GC,"Donglingshan,eastern Chi",85.1064,1969.47,41.2,3.4,0.5,12.11764706,123.81 ,78.47 ,1.58 ,6.50 ,40,48,5
1523,165,A3,115.43,39.97,1300,5.4,612,1393,B,Forest,GC,"Donglingshan,eastern Chi",91.9149,2152.67,38,3.3,0.5,11.51515152,123.81 ,78.47 ,1.58 ,6.10 ,40,48,5
1524,165,A3,115.43,39.97,1300,5.4,612,1393,B,Forest,GC,"Donglingshan,eastern Chi",102.128,2106.87,53.7,4.4,0.5,12.20454545,123.81 ,78.47 ,1.58 ,6.10 ,40,48,5
1525,165,A3,115.43,39.97,1300,5.4,612,1393,B,Forest,GC,"Donglingshan,eastern Chi",114.043,2885.5,65.7,5.2,0.5,12.63461538,123.81 ,78.47 ,1.58 ,7.10 ,40,48,5.5
1526,165,A3,115.43,39.97,1300,5.4,612,1393,B,Forest,GC,"Donglingshan,eastern Chi",200.851,3618.32,84.1,6.8,0.5,12.36764706,123.81 ,78.47 ,1.58 ,6.80 ,40,48,5.5
1527,165,A3,115.43,39.97,1300,5.4,612,1393,B,Forest,GC,"Donglingshan,eastern Chi",97.0213,3068.7,74.1,5.7,0.5,13,123.81 ,78.47 ,1.58 ,6.20 ,40,48,5.5
1528,165,A3,129.18,48.12,350,-0.5,654,946,D,Forest,GC,"Wuying,eastern Chi",134.468,3664.12,92.4,6.6,1.0,14,267.85 ,47.10 ,5.69 ,5.80 ,44,38,6.8
1529,165,A3,129.18,48.12,350,-0.5,654,946,D,Forest,GC,"Wuying,eastern Chi",107.234,3938.93,86.4,6.2,1.0,13.93548387,267.85 ,47.10 ,5.69 ,5.90 ,44,38,6.8
1530,165,A3,129.18,48.12,350,-0.5,654,946,D,Forest,GC,"Wuying,eastern Chi",112.34,4030.53,88.7,6.7,1.0,13.23880597,267.85 ,47.10 ,5.69 ,5.80 ,44,38,6.8
1531,165,A3,121.5,50.93,825,-5.4,481,789,D,Forest,GC,"Genhe,eastern Chi",173.617,6091.6,377.8,14.7,1.2,25.70068027,280.77 ,44.04 ,6.38 ,6.00 ,44,37,2.8
1532,165,A3,121.5,50.93,825,-5.4,481,789,D,Forest,GC,"Genhe,eastern Chi",173.617,6137.4,367.7,14.9,1.2,24.67785235,280.77 ,44.04 ,6.38 ,5.80 ,44,37,2.8
1533,165,A3,121.5,50.93,825,-5.4,481,789,D,Forest,GC,"Genhe,eastern Chi",144.681,5129.77,322,13.1,1.2,24.58015267,280.77 ,44.04 ,6.38 ,5.90 ,44,37,2.8
1534,166,A3,126.63,47.44,197,1.5,550,1046,D,Cropland,GC,"Heilongjiang Province, Chi",30.3644,502.006,36.2801,2.1,0.9,17.28 ,248.78 ,85.80 ,2.90 ,5.5,53,22,7.7
1535,166,A3,126.63,47.44,197,1.5,550,1046,D,Cropland,GC,"Heilongjiang Province, Chi",119.242,1212.31,35.5,2.1,0.9,16.90 ,248.78 ,85.80 ,2.90 ,6.7,26,32.8,41.3
1536,166,A3,126.63,47.44,197,1.5,550,1046,D,Cropland,GC,"Heilongjiang Province, Chi",41.4921,486.154,11.9,2.1,0.9,5.67 ,248.78 ,85.80 ,2.90 ,6.7,26,32.8,41.3
1537,166,A3,126.63,47.44,197,1.5,550,1046,D,Grassland,GC,"Heilongjiang Province, Chi",190.883,1950.77,54.6,2.1,0.9,26.00 ,248.78 ,85.80 ,2.90 ,6.7,26,32.8,41.3
1538,166,A3,126.63,47.44,197,1.5,550,1046,D,Grassland,GC,"Heilongjiang Province, Chi",115.445,1138.46,38.3,2.1,0.9,18.24 ,248.78 ,85.80 ,2.90 ,6.7,26,32.8,41.3
1539,166,A3,126.63,47.44,197,1.5,550,1046,D,Grassland,GC,"Heilongjiang Province, Chi",59.3145,676.923,28.7,2.1,0.9,13.67 ,248.78 ,85.80 ,2.90 ,6.7,26,32.8,41.3
1540,166,A3,126.63,47.44,197,1.5,550,1046,D,Cropland,GC,"Heilongjiang Province, Chi",198.665,1827.69,40.1,2.1,0.9,19.10 ,248.78 ,85.80 ,2.90 ,6.7,26,32.8,41.3
1541,166,A3,126.63,47.44,197,1.5,550,1046,D,Cropland,GC,"Heilongjiang Province, Chi",112.418,1298.46,38,2.1,0.9,18.10 ,248.78 ,85.80 ,2.90 ,6.7,26,32.8,41.3
1542,166,A3,126.63,47.44,197,1.5,550,1046,D,Cropland,GC,"Heilongjiang Province, Chi",29.2628,369.231,12.8,2.1,0.9,6.10 ,248.78 ,85.80 ,2.90 ,6.7,26,32.8,41.3
1543,167,A3,-71.52,46.74,56,6,937.9,835,D,Cropland,LC,"St-Augustin-de-Desmaures, Cada",13,142,21,3.2,0.7,6.56 ,302,64.66 ,4.67 ,5.0,47,17,36
1544,167,A3,-71.52,46.74,56,6,937.9,835,D,Cropland,LC,"St-Augustin-de-Desmaures, Cada",10,113,18,3.2,0.7,5.63 ,196,64.66 ,3.03 ,5.0,47,17,36
1545,167,A3,-71.52,46.74,56,6,937.9,835,D,Cropland,LC,"St-Augustin-de-Desmaures, Cada",12,136,20,3.2,0.7,6.25 ,265,64.66 ,4.10 ,5.0,47,17,36
1546,167,A3,-71.52,46.74,56,6,937.9,835,D,Cropland,LC,"St-Augustin-de-Desmaures, Cada",11,120,19,3.2,0.7,5.94 ,232,64.66 ,3.59 ,5.0,47,17,36
1547,167,A3,-71.52,46.74,56,6,937.9,835,D,Cropland,LC,"St-Augustin-de-Desmaures, Cada",12,128,19,3.2,0.7,5.94 ,263,64.66 ,4.07 ,5.0,47,17,36
1548,167,A3,-71.52,46.74,56,6,937.9,835,D,Cropland,LC,"St-Augustin-de-Desmaures, Cada",11,125,20,3.2,0.7,6.25 ,276,64.66 ,4.27 ,5.0,47,17,36
1549,167,A3,-71.52,46.74,56,6,937.9,835,D,Cropland,LC,"St-Augustin-de-Desmaures, Cada",12,134,20,3.2,0.7,6.25 ,266,64.66 ,4.11 ,5.0,47,17,36
1550,167,A3,-71.52,46.74,56,6,937.9,835,D,Cropland,LC,"St-Augustin-de-Desmaures, Cada",11,123,19,3.2,0.7,5.94 ,214,64.66 ,3.31 ,5.0,47,17,36
1551,167,A3,-71.52,46.74,56,6,937.9,835,D,Cropland,LC,"St-Augustin-de-Desmaures, Cada",12,128,19,3.2,0.7,5.94 ,225,64.66 ,3.48 ,5.0,47,17,36
1552,167,A3,-71.52,46.74,56,6,937.9,835,D,Cropland,LC,"St-Augustin-de-Desmaures, Cada",33,278,39,3.2,0.7,12.19 ,630,64.66 ,9.74 ,5.0,47,17,36
1553,167,A3,-71.52,46.74,56,6,937.9,835,D,Cropland,LC,"St-Augustin-de-Desmaures, Cada",27,222,34,3.2,0.7,10.63 ,442,64.66 ,6.84 ,5.0,47,17,36
1554,167,A3,-71.52,46.74,56,6,937.9,835,D,Cropland,LC,"St-Augustin-de-Desmaures, Cada",31,267,38,3.2,0.7,11.88 ,571,64.66 ,8.83 ,5.0,47,17,36
1555,167,A3,-71.52,46.74,56,6,937.9,835,D,Cropland,LC,"St-Augustin-de-Desmaures, Cada",29,233,35,3.2,0.7,10.94 ,500,64.66 ,7.73 ,5.0,47,17,36
1556,167,A3,-71.52,46.74,56,6,937.9,835,D,Cropland,LC,"St-Augustin-de-Desmaures, Cada",32,262,39,3.2,0.7,12.19 ,567,64.66 ,8.77 ,5.0,47,17,36
1557,167,A3,-71.52,46.74,56,6,937.9,835,D,Cropland,LC,"St-Augustin-de-Desmaures, Cada",31,257,38,3.2,0.7,11.88 ,596,64.66 ,9.22 ,5.0,47,17,36
1558,167,A3,-71.52,46.74,56,6,937.9,835,D,Cropland,LC,"St-Augustin-de-Desmaures, Cada",30,249,35,3.2,0.7,10.94 ,547,64.66 ,8.46 ,5.0,47,17,36
1559,167,A3,-71.52,46.74,56,6,937.9,835,D,Cropland,LC,"St-Augustin-de-Desmaures, Cada",29,249,36,3.2,0.7,11.25 ,495,64.66 ,7.66 ,5.0,47,17,36
1560,167,A3,-71.52,46.74,56,6,937.9,835,D,Cropland,LC,"St-Augustin-de-Desmaures, Cada",28,231,35,3.2,0.7,10.94 ,474,64.66 ,7.33 ,5.0,47,17,36
1561,168,A3,116.93,28.25,37,17.6,1795,1331,C,Cropland,GC,"Yujiang County, Jiangxi Province, chi",19.3464,223.019035,3.300464037,0.59,0.2,5.594006843,56.8,66.71 ,0.85 ,4.96,25.6,33.2,41.2
1562,168,A3,116.93,28.25,37,17.6,1795,1331,C,Cropland,GC,"Yujiang County, Jiangxi Province, chi",20.39215556,262.4195293,3.73549884,0.7,0.2,5.336426914,80.5,66.71 ,1.21 ,5.2,25.6,33.2,41.2
1563,168,A3,116.93,28.25,37,17.6,1795,1331,C,Cropland,GC,"Yujiang County, Jiangxi Province, chi",19.3464,247.2023683,3.665893271,0.72,0.2,5.091518433,83.2,66.71 ,1.25 ,6.59,25.6,33.2,41.2
1564,168,A3,116.93,28.25,37,17.6,1795,1331,C,Cropland,GC,"Yujiang County, Jiangxi Province, chi",22.74511111,275.580094,3.839907193,0.78,0.2,4.922957939,115.4,66.71 ,1.73 ,5.13,25.6,33.2,41.2
1565,168,A3,116.93,28.25,37,17.6,1795,1331,C,Cropland,GC,"Yujiang County, Jiangxi Province, chi",23.79088889,299.2939534,4.135730858,0.82,0.2,5.043574218,128.4,66.71 ,1.92 ,5.16,25.6,33.2,41.2
1566,168,A3,116.93,28.25,37,17.6,1795,1331,C,Cropland,GC,"Yujiang County, Jiangxi Province, chi",23.52933333,285.8486634,3.921113689,0.82,0.2,4.781845962,132.1,66.71 ,1.98 ,5.17,25.6,33.2,41.2
1567,168,A3,116.93,28.25,37,17.6,1795,1331,C,Cropland,GC,"Yujiang County, Jiangxi Province, chi",22.87577778,318.9031361,4.762180974,0.85,0.2,5.602565852,118.5,66.71 ,1.78 ,5.58,25.6,33.2,41.2
1568,169,A3,8.58,49.83,100,9.5,590,914,C,Cropland,LC,"Darmstadt, Hessia, Germany",31.294 ,551.8736379,7.808 ,0.6,0.5,13.01 ,262.27 ,54.20 ,4.84 ,7.11594,86,9,5
1569,169,A3,8.58,49.83,100,9.5,590,914,C,Cropland,LC,"Darmstadt, Hessia, Germany",23.647 ,446.0156775,7.315 ,0.6,0.5,12.19 ,262.27 ,54.20 ,4.84 ,6.86232,86,9,5
1570,169,A3,8.58,49.83,100,9.5,590,914,C,Cropland,LC,"Darmstadt, Hessia, Germany",17.706 ,322.0738083,5.346 ,0.6,0.5,8.91 ,262.27 ,54.20 ,4.84 ,6.92754,86,9,5
1571,169,A3,8.58,49.83,100,9.5,590,914,C,Cropland,LC,"Darmstadt, Hessia, Germany",5.118 ,77.56467349,2.685 ,0.6,0.5,4.47 ,262.27 ,54.20 ,4.84 ,7.31884,86,9,5
1572,169,A3,8.58,49.83,100,9.5,590,914,C,Cropland,LC,"Darmstadt, Hessia, Germany",3.353 ,44.48278263,1.887 ,0.6,0.5,3.15 ,262.27 ,54.20 ,4.84 ,7.64493,86,9,5
1573,169,A3,8.58,49.83,100,9.5,590,914,C,Cropland,LC,"Darmstadt, Hessia, Germany",2.765 ,38.55048568,2.708 ,0.6,0.5,4.51 ,262.27 ,54.20 ,4.84 ,8.02899,86,9,5
1574,169,A3,8.58,49.83,100,9.5,590,914,C,Cropland,LC,"Darmstadt, Hessia, Germany",1.706 ,25.57649116,1.864 ,0.6,0.5,3.11 ,262.27 ,54.20 ,4.84 ,7.89855,86,9,5
1575,169,A3,8.58,49.83,100,9.5,590,914,C,Cropland,LC,"Darmstadt, Hessia, Germany",2.412 ,27.85538751,2.145 ,0.6,0.5,3.58 ,262.27 ,54.20 ,4.84 ,7.95652,86,9,5
1576,169,A3,8.58,49.83,100,9.5,590,914,C,Cropland,LC,"Darmstadt, Hessia, Germany",2.353 ,25.50578781,1.653 ,0.6,0.5,2.75 ,262.27 ,54.20 ,4.84 ,7.99275,86,9,5
1577,169,A3,8.58,49.83,100,9.5,590,914,C,Cropland,LC,"Darmstadt, Hessia, Germany",3.059 ,32.03248416,1.782 ,0.6,0.5,2.97 ,262.27 ,54.20 ,4.84 ,8.17391,86,9,5
1578,169,A3,8.58,49.83,100,9.5,590,914,C,Cropland,LC,"Darmstadt, Hessia, Germany",40.471 ,479.3539904,8.206 ,0.6,0.5,13.68 ,262.27 ,54.20 ,4.84 ,7.23188,86,9,5
1579,169,A3,8.58,49.83,100,9.5,590,914,C,Cropland,LC,"Darmstadt, Hessia, Germany",41.941 ,430.3684828,8.746 ,0.6,0.5,14.58 ,262.27 ,54.20 ,4.84 ,7.28986,86,9,5
1580,169,A3,8.58,49.83,100,9.5,590,914,C,Cropland,LC,"Darmstadt, Hessia, Germany",27.529 ,352.3530574,6.600 ,0.6,0.5,11.00 ,262.27 ,54.20 ,4.84 ,7.28261,86,9,5
1581,169,A3,8.58,49.83,100,9.5,590,914,C,Cropland,LC,"Darmstadt, Hessia, Germany",8.294 ,120.299857,4.185 ,0.6,0.5,6.98 ,262.27 ,54.20 ,4.84 ,7.2029,86,9,5
1582,169,A3,8.58,49.83,100,9.5,590,914,C,Cropland,LC,"Darmstadt, Hessia, Germany",4.118 ,60.42927867,2.368 ,0.6,0.5,3.95 ,262.27 ,54.20 ,4.84 ,7.15942,86,9,5
1583,169,A3,8.58,49.83,100,9.5,590,914,C,Cropland,LC,"Darmstadt, Hessia, Germany",4.706 ,55.45967563,2.216 ,0.6,0.5,3.69 ,262.27 ,54.20 ,4.84 ,7.18841,86,9,5
1584,169,A3,8.58,49.83,100,9.5,590,914,C,Cropland,LC,"Darmstadt, Hessia, Germany",3.824 ,15.5753802,1.794 ,0.6,0.5,2.99 ,262.27 ,54.20 ,4.84 ,7.15942,86,9,5
1585,169,A3,8.58,49.83,100,9.5,590,914,C,Cropland,LC,"Darmstadt, Hessia, Germany",3.353 ,35.68568263,1.970 ,0.6,0.5,3.28 ,262.27 ,54.20 ,4.84 ,7.32609,86,9,5
1586,169,A3,8.58,49.83,100,9.5,590,914,C,Cropland,LC,"Darmstadt, Hessia, Germany",3.588 ,36.46568142,1.923 ,0.6,0.5,3.20 ,262.27 ,54.20 ,4.84 ,7.46377,86,9,5
1587,169,A3,8.58,49.83,100,9.5,590,914,C,Cropland,LC,"Darmstadt, Hessia, Germany",2.647 ,25.78478629,1.981 ,0.6,0.5,3.30 ,262.27 ,54.20 ,4.84 ,7.58696,86,9,5
1588,170,A3,117.47,26.18,286,19.40 ,1700.00 ,1354,C,Forest,GC,"Fujian Province, Southeast Chi",14.78,417.87,33.5,2.4,0.2,13.96 ,124.17 ,50.72 ,2.45 ,4.03 ,43,28,29
1589,170,A3,117.47,26.18,286,19.40 ,1700.00 ,1354,C,Forest,GC,"Fujian Province, Southeast Chi",22.61,601.94,35.4,2.4,0.2,14.75 ,124.17 ,50.72 ,2.45 ,3.88 ,43,28,29
1590,170,A3,117.47,26.18,286,19.40 ,1700.00 ,1354,C,Forest,GC,"Fujian Province, Southeast Chi",23.91,612.09,31.4,2.3,0.2,13.65 ,124.17 ,50.72 ,2.45 ,3.88 ,43,28,29
1591,170,A3,117.47,26.18,286,19.40 ,1700.00 ,1354,C,Forest,GC,"Fujian Province, Southeast Chi",22.83,296.61,15.3,1.1,0.2,13.91 ,124.17 ,50.72 ,2.45 ,4.14 ,43,28,29
1592,170,A3,117.47,26.18,286,19.40 ,1700.00 ,1354,C,Forest,GC,"Fujian Province, Southeast Chi",21.74,293.73,15.4,1.1,0.2,14.00 ,124.17 ,50.72 ,2.45 ,4.10 ,43,28,29
1593,170,A3,117.47,26.18,286,19.40 ,1700.00 ,1354,C,Forest,GC,"Fujian Province, Southeast Chi",21.3,312.59,14.4,1.1,0.2,13.09 ,124.17 ,50.72 ,2.45 ,4.08 ,43,28,29
1594,171,A3,-82.87,34.6,211,16.10 ,1325.00 ,1480,C,Grassland,LC,"South Caroli, USA",25.3162,284.5986,13.91,1.49,0.3,9.34 ,145.82 ,46.62 ,3.13 ,5.80 ,21,69,10
1595,171,A3,-82.88,34.6,214,16.10 ,1325.00 ,1480,C,Grassland,LC,"South Caroli, USA",28.7378,323.0634,15.79,1.59,0.3,9.93 ,145.82 ,46.62 ,3.13 ,5.10 ,21,69,10
1596,171,A3,-82.89,34.6,215,16.10 ,1325.00 ,1480,C,Grassland,LC,"South Caroli, USA",33.5244,376.8732,18.42,1.9,0.3,9.69 ,145.82 ,46.62 ,3.13 ,5.30 ,21,69,10
1597,172,A3,101.2,37.62,3220,-1.2,489,1025,D,Grassland,GC,"Tibetan Plateau, QinghaiProvince, Chi",186,3363,66.7,6.75,0.5,9.881481481,216.42 ,115.02 ,1.88 ,7.21,46,38,16
1598,172,A3,101.2,37.62,3220,-1.2,489,1025,D,Grassland,GC,"Tibetan Plateau, QinghaiProvince, Chi",174,3742,59.9,6.08,0.5,9.851973684,216.42 ,115.02 ,1.88 ,7.11,46,38,16
1599,172,A3,101.2,37.62,3220,-1.2,489,1025,D,Grassland,GC,"Tibetan Plateau, QinghaiProvince, Chi",153,3569,57.8,5.93,0.5,9.747048904,216.42 ,115.02 ,1.88 ,7.57,46,38,16
1600,172,A3,101.2,37.62,3220,-1.2,489,1025,D,Grassland,GC,"Tibetan Plateau, QinghaiProvince, Chi",159,4054,61.7,6.1,0.5,10.1147541,216.42 ,115.02 ,1.88 ,7.13,46,38,16
1601,173,A3,115.43,39.96,1400,5.50 ,500.00 ,1392,B,Forest,GC,"Dongling, in northern Chi",114.443,2874.56,67.2,5.18,0.6,12.97297297,123.81 ,78.47 ,1.58 ,7.08 ,49,46,5
1602,173,A3,115.43,39.96,1400,5.50 ,500.00 ,1392,B,Forest,GC,"Dongling, in northern Chi",202.4,3607.92,77.8,6.5,0.6,11.96923077,123.81 ,78.47 ,1.58 ,6.80 ,49,46,5
1603,173,A3,115.43,39.96,1250,5.50 ,500.00 ,1392,B,Forest,GC,"Dongling, in northern Chi",84.3384,1971.02,42.1,2.98,0.6,14.12751678,123.81 ,78.47 ,1.58 ,6.53 ,52,42,6
1604,173,A3,115.43,39.96,1250,5.50 ,500.00 ,1392,B,Forest,GC,"Dongling, in northern Chi",92.7028,2142.91,37.8,3.32,0.6,11.38554217,123.81 ,78.47 ,1.58 ,6.13 ,52,42,6
1605,174,A3,-88.19,40.06,220,11.10 ,1042.00 ,1203,D,Cropland,GC,"Urba, IL, USA",48.66,684.16,25.49,2.1,0.6,12.14 ,254.20 ,68.95 ,3.69 ,6.8,66,9,25
1606,174,A3,-88.19,40.06,220,11.10 ,1042.00 ,1203,D,Cropland,GC,"Urba, IL, USA",41.83,618.38,19.46,2.1,0.6,9.27 ,254.20 ,68.95 ,3.69 ,6.8,66,9,25
1607,174,A3,-88.19,40.06,220,11.10 ,1042.00 ,1203,D,Cropland,GC,"Urba, IL, USA",26.71,400.97,8.26,2.1,0.6,3.93 ,254.20 ,68.95 ,3.69 ,6.8,66,9,25
1608,174,A3,-88.19,40.06,220,11.10 ,1042.00 ,1203,D,Cropland,GC,"Urba, IL, USA",11.03,208.16,4.31,2.1,0.6,2.05 ,254.20 ,68.95 ,3.69 ,6.8,66,9,25
1609,174,A3,-88.19,40.06,220,11.10 ,1042.00 ,1203,D,Cropland,GC,"Urba, IL, USA",30.62,784.98,25.65,2.1,0.6,12.21 ,254.20 ,68.95 ,3.69 ,6.8,66,9,25
1610,174,A3,-88.19,40.06,220,11.10 ,1042.00 ,1203,D,Cropland,GC,"Urba, IL, USA",25.96,472.77,17.83,2.1,0.6,8.49 ,254.20 ,68.95 ,3.69 ,6.8,66,9,25
1611,174,A3,-88.19,40.06,220,11.10 ,1042.00 ,1203,D,Cropland,GC,"Urba, IL, USA",20.31,279.01,6.97,2.1,0.6,3.32 ,254.20 ,68.95 ,3.69 ,6.8,66,9,25
1612,174,A3,-88.19,40.06,220,11.10 ,1042.00 ,1203,D,Cropland,GC,"Urba, IL, USA",8.94,138.72,3.31,2.1,0.6,1.58 ,254.20 ,68.95 ,3.69 ,6.8,66,9,25
1613,174,A3,-88.19,40.06,220,11.10 ,1042.00 ,1203,D,Cropland,GC,"Urba, IL, USA",33.38,1165.72,15.21,2.1,0.6,7.24 ,254.20 ,68.95 ,3.69 ,6.8,66,9,25
1614,174,A3,-88.19,40.06,220,11.10 ,1042.00 ,1203,D,Cropland,GC,"Urba, IL, USA",37.01,1165.6,14.72,2.1,0.6,7.01 ,254.20 ,68.95 ,3.69 ,6.8,66,9,25
1615,174,A3,-88.19,40.06,220,11.10 ,1042.00 ,1203,D,Cropland,GC,"Urba, IL, USA",34.99,1230.04,15.73,2.1,0.6,7.49 ,254.20 ,68.95 ,3.69 ,6.8,66,9,25
1616,174,A3,-88.19,40.06,220,11.10 ,1042.00 ,1203,D,Cropland,GC,"Urba, IL, USA",43.56,1313.39,18.4,2.1,0.6,8.76 ,254.20 ,68.95 ,3.69 ,6.8,66,9,25
1617,174,A3,-88.19,40.06,220,11.10 ,1042.00 ,1203,D,Cropland,GC,"Urba, IL, USA",37.17,1220.47,15.02,2.1,0.6,7.15 ,254.20 ,68.95 ,3.69 ,6.8,66,9,25
1618,174,A3,-88.19,40.06,220,11.10 ,1042.00 ,1203,D,Cropland,GC,"Urba, IL, USA",44.31,1403.41,17.36,2.1,0.6,8.27 ,254.20 ,68.95 ,3.69 ,6.8,66,9,25
1619,175,A3,101.25,21.9,641,22.00 ,1550.00 ,1491,C,Forest,GC,Xishuangban ture reserves  in Southwest Chi,91.11111111,1296.622307,21.2,1.7,0.1,12.47058824,617,66.87 ,9.23 ,4.50 ,37,45,18
1620,175,A3,101.25,21.9,641,22.00 ,1550.00 ,1491,C,Forest,GC,Xishuangban ture reserves  in Southwest Chi,146.6666667,2042.530218,29.3,2.7,0.1,10.85185185,947,66.87 ,14.16 ,4.40 ,37,45,18
1621,176,A3,107.85,25.55,886,21.1,1498,1112,C,Cropland,GC,"Guangxi, chi",38.3878,682.253,14.14,1.7,0.8,8.317647059,529.42,37.72,14.04 ,7.03,51,26,24
1622,176,A3,107.85,25.55,886,21.1,1498,1112,C,Cropland,GC,"Guangxi, chi",57.6796,831.801,17.56,1.9,0.8,9.242105263,549.08,33.36,16.46 ,5.99,51,26,24
1623,176,A3,107.85,25.55,886,21.1,1498,1112,C,Forest,GC,"Guangxi, chi",46.1438,655.958,16.47,2.01,0.8,8.194029851,454.5,37.27,12.19 ,6.13,51,26,24
1624,176,A3,107.85,25.55,886,21.1,1498,1112,C,Grassland,GC,"Guangxi, chi",61.3877,1158.03,29.42,2.58,0.8,11.40310078,1041,91.14,11.42 ,7.15,51,26,24
1625,176,A3,107.85,25.55,886,21.1,1498,1112,C,Forest,GC,"Guangxi, chi",120.361,2087.26,61.52,3.84,0.8,16.02083333,2405.75,175.4,13.72 ,7.33,51,26,24
1626,177,A3,127.92,42.33,780,2.90 ,700.00 ,902,D,Forest,GC,"Jilin Provinc, northeast Chi.",271.0355556,6982.75617,141.0694218,2.1,0.7,67.18 ,5060.25,48.25 ,104.87 ,5.5,55,25,20
1627,177,A3,127.92,42.33,780,2.90 ,700.00 ,902,D,Forest,GC,"Jilin Provinc, northeast Chi.",301.3177778,8166.926765,156.1569965,2.1,0.7,74.36 ,5839.7,48.25 ,121.03 ,5.5,55,25,20
1628,177,A3,127.92,42.33,780,2.90 ,700.00 ,902,D,Forest,GC,"Jilin Provinc, northeast Chi.",302.8711111,8654.464573,155.3423765,2.1,0.7,73.97 ,6289.61,48.25 ,130.35 ,5.5,55,25,20
1629,177,A3,127.92,42.33,780,2.90 ,700.00 ,902,D,Forest,GC,"Jilin Provinc, northeast Chi.",315.8,8852.072262,157.5709296,2.1,0.7,75.03 ,6091.99,48.25 ,126.26 ,5.5,55,25,20
1630,177,A3,127.92,42.33,780,2.90 ,700.00 ,902,D,Forest,GC,"Jilin Provinc, northeast Chi.",302.3911111,7176.246595,143.3636709,2.1,0.7,68.27 ,5144.43,48.25 ,106.62 ,5.5,55,25,20
1631,177,A3,127.92,42.33,780,2.90 ,700.00 ,902,D,Forest,GC,"Jilin Provinc, northeast Chi.",200.4091111,3952.985345,129.0457593,2.1,0.7,61.45 ,2946.55,48.25 ,61.07 ,5.5,55,25,20
1632,177,A3,127.92,42.33,780,2.90 ,700.00 ,902,D,Forest,GC,"Jilin Provinc, northeast Chi.",272.5911111,5415.574925,157.1143002,2.1,0.7,74.82 ,3726.13,48.25 ,77.22 ,5.5,55,25,20
1633,177,A3,127.92,42.33,780,2.90 ,700.00 ,902,D,Forest,GC,"Jilin Provinc, northeast Chi.",274.14,5771.884171,180.9033666,2.1,0.7,86.14 ,4244.48,48.25 ,87.97 ,5.5,55,25,20
1634,177,A3,127.92,42.33,780,2.90 ,700.00 ,902,D,Forest,GC,"Jilin Provinc, northeast Chi.",278.6911111,5848.386725,183.3874655,2.1,0.7,87.33 ,4228.48,48.25 ,87.63 ,5.5,55,25,20
1635,177,A3,127.92,42.33,780,2.90 ,700.00 ,902,D,Forest,GC,"Jilin Provinc, northeast Chi.",275.4555556,5782.638381,201.4243943,2.1,0.7,95.92 ,4337.54,48.25 ,89.89 ,5.5,55,25,20
1636,178,A3,125.27,48.97,332,3.3,550,991,D,Grassland,GC,Heilongjiangprovince of northeastern Chi,110.78,1886.543544,35.625,2.85,0.4,12.5,227.24 ,99.50 ,2.28 ,6.42,40.5,25.3,34.1
1637,178,A3,125.27,48.97,332,3.3,550,991,D,Grassland,GC,Heilongjiangprovince of northeastern Chi,79.36444444,1495.900872,25.345,1.85,0.4,13.7,227.24 ,99.50 ,2.28 ,6.5,32.9,30.8,35.6
1638,178,A3,125.27,48.97,332,3.3,550,991,D,Grassland,GC,Heilongjiangprovince of northeastern Chi,49.60266667,1058.692609,15.616,1.22,0.4,12.8,227.24 ,99.50 ,2.28 ,6.59,30.6,33.6,35.2
1639,178,A3,125.27,48.97,332,3.3,550,991,D,Grassland,GC,Heilongjiangprovince of northeastern Chi,29.76666667,652.8730142,10.292,0.83,0.4,12.4,227.24 ,99.50 ,2.28 ,6.67,31.1,30.6,37.8
1640,178,A3,125.27,48.97,332,3.3,550,991,D,Cropland,GC,Heilongjiangprovince of northeastern Chi,100.8666667,1441.125959,30.607,2.41,0.4,12.7,227.24 ,99.50 ,2.28 ,6.25,38.8,25.2,35.6
1641,178,A3,125.27,48.97,332,3.3,550,991,D,Cropland,GC,Heilongjiangprovince of northeastern Chi,72.74644444,1019.329116,17.25,1.38,0.4,12.5,227.24 ,99.50 ,2.28 ,6.46,32.1,31.6,35.8
1642,178,A3,125.27,48.97,332,3.3,550,991,D,Cropland,GC,Heilongjiangprovince of northeastern Chi,39.69733333,655.9442117,12.654,1.11,0.4,11.4,227.24 ,99.50 ,2.28 ,6.53,30.8,31.5,37.4
1643,178,A3,125.27,48.97,332,3.3,550,991,D,Cropland,GC,Heilongjiangprovince of northeastern Chi,24.80155556,474.9143991,9.266,0.82,0.4,11.3,227.24 ,99.50 ,2.28 ,6.55,28.4,33.7,38.1
1644,178,A3,92.93,34.85,4668,-3.80 ,383.00 ,966,E,Grassland,GC,Qinghai-Tibetan Plateau,67,1086,39.3,1.61,0.4,24.40993789,67.00 ,103.91 ,0.64 ,8.77 ,40,48,12
1645,178,A3,92.93,34.85,4668,-3.80 ,383.00 ,966,E,Grassland,GC,Qinghai-Tibetan Plateau,78.1,1281,37.2,1.96,0.4,18.97959184,67.00 ,103.91 ,0.64 ,8.60 ,40,48,12
1646,178,A3,92.93,34.85,4668,-3.80 ,383.00 ,966,E,Grassland,GC,Qinghai-Tibetan Plateau,67.4,620,46.8,1.53,0.4,30.58823529,67.00 ,103.91 ,0.64 ,8.76 ,40,48,12
1647,178,A3,92.93,34.85,4668,-3.80 ,383.00 ,966,E,Grassland,GC,Qinghai-Tibetan Plateau,73.4,729,44.4,1.61,0.4,27.57763975,67.00 ,103.91 ,0.64 ,8.80 ,40,48,12
1648,178,A3,92.93,34.85,4668,-3.80 ,383.00 ,966,E,Grassland,GC,Qinghai-Tibetan Plateau,28.1,146,7.8,0.39,0.4,20,67.00 ,103.91 ,0.64 ,8.58 ,40,48,12
1649,178,A3,92.93,34.85,4668,-3.80 ,383.00 ,966,E,Grassland,GC,Qinghai-Tibetan Plateau,27.5,138,6.16,0.4,0.4,15.4,67.00 ,103.91 ,0.64 ,8.59 ,40,48,12
1650,178,A3,92.93,34.85,4668,-3.80 ,383.00 ,966,E,Grassland,GC,Qinghai-Tibetan Plateau,18.4,127,8.89,0.35,0.4,25.4,67.00 ,103.91 ,0.64 ,8.57 ,40,48,12
1651,178,A3,92.93,34.85,4668,-3.80 ,383.00 ,966,E,Grassland,GC,Qinghai-Tibetan Plateau,17.4,114,7.91,0.27,0.4,29.2962963,67.00 ,103.91 ,0.64 ,8.59 ,40,48,12
1652,179,A3,100.75,33.1,3500,2.20 ,672.00 ,906,D,Grassland,GC,"Gann autonomous prefecture, Gansu province, Chi",202.3,4867.1,119,7.2,0.6,16.52777778,1157.14,110.25 ,10.50 ,6.07 ,44,47,9
1653,179,A3,100.75,33.1,3500,2.20 ,672.00 ,906,D,Grassland,GC,"Gann autonomous prefecture, Gansu province, Chi",115.6,2781.2,68,4.2,0.6,16.19047619,200,110.25 ,1.81 ,6.13 ,44,47,9
1654,179,A3,100.75,33.1,3500,2.20 ,672.00 ,906,D,Grassland,GC,"Gann autonomous prefecture, Gansu province, Chi",85,2045,50,3,0.6,16.66666667,85.7143,110.25 ,0.78 ,6.32 ,44,47,9
1655,179,A3,100.75,33.1,3500,2.20 ,672.00 ,906,D,Grassland,GC,"Gann autonomous prefecture, Gansu province, Chi",316.2,7607.4,186,8.1,0.6,22.96296296,442.8,110.25 ,4.02 ,6.06 ,44,47,9
1656,179,A3,100.75,33.1,3500,2.20 ,672.00 ,906,D,Grassland,GC,"Gann autonomous prefecture, Gansu province, Chi",479.4,11533.8,282,8.8,0.6,32.04545455,342.85,110.25 ,3.11 ,5.91 ,44,47,9
1657,179,A3,100.75,33.1,3500,2.20 ,672.00 ,906,D,Grassland,GC,"Gann autonomous prefecture, Gansu province, Chi",576.3,13865.1,339,8.7,0.6,38.96551724,142.857,110.25 ,1.30 ,5.86 ,44,47,9
1658,179,A3,100.75,33.1,3500,2.20 ,672.00 ,906,D,Grassland,GC,"Gann autonomous prefecture, Gansu province, Chi",124.1,2985.7,73,4.9,0.6,14.89795918,833.4,110.25 ,7.56 ,6.23 ,44,47,9
1659,179,A3,100.75,33.1,3500,2.20 ,672.00 ,906,D,Grassland,GC,"Gann autonomous prefecture, Gansu province, Chi",40.8,981.6,24,1.8,0.6,13.33333333,131,110.25 ,1.19 ,6.39 ,44,47,9
1660,179,A3,100.75,33.1,3500,2.20 ,672.00 ,906,D,Grassland,GC,"Gann autonomous prefecture, Gansu province, Chi",28.9,695.3,17,1.2,0.6,14.16666667,71.4,110.25 ,0.65 ,6.60 ,44,47,9
1661,179,A3,100.75,33.1,3500,2.20 ,672.00 ,906,D,Grassland,GC,"Gann autonomous prefecture, Gansu province, Chi",525.3,12638.1,309,10.1,0.6,30.59405941,1334.19,110.25 ,12.10 ,5.49 ,44,47,9
1662,179,A3,100.75,33.1,3500,2.20 ,672.00 ,906,D,Grassland,GC,"Gann autonomous prefecture, Gansu province, Chi",317.9,7648.3,187,8.3,0.6,22.53012048,202.7,110.25 ,1.84 ,5.59 ,44,47,9
1663,179,A3,100.75,33.1,3500,2.20 ,672.00 ,906,D,Grassland,GC,"Gann autonomous prefecture, Gansu province, Chi",328.1,7893.7,193,8.4,0.6,22.97619048,185.58,110.25 ,1.68 ,5.60 ,44,47,9
1664,180,A4,-0.92 ,44.20 ,80,12.70 ,900.00 ,1041,C,Cropland,LC,site 180-1,9.30 ,268.30 ,20.00 ,0.71 ,0.8,28.01 ,652.56 ,64.58 ,10.11 ,5.60 ,10,89,3
1665,180,A4,-0.92 ,44.20 ,80,12.70 ,900.00 ,1041,C,Cropland,LC,site 180-1,13.50 ,291.20 ,18.00 ,1.00 ,0.8,18.00 ,652.56 ,64.58 ,10.11 ,6.00 ,10,89,3
1666,180,A4,-0.7833333333,44.48 ,44,12.70 ,900.00 ,1039,C,Forest,LC,site 180-2,14.40 ,677.20 ,33.50 ,1.16 ,0.8,29.00 ,652.56 ,64.58 ,10.11 ,4.30 ,7,90,2
1667,180,A4,-0.7833333333,44.48 ,44,12.70 ,900.00 ,1039,C,Forest,LC,site 180-2,14.80 ,486.30 ,29.60 ,1.18 ,0.8,25.00 ,652.56 ,64.58 ,10.11 ,4.50 ,7,90,2
1668,181,A4,101.32 ,37.60 ,3266,-1.20 ,489.00 ,966,D,Grassland,GC,site 181,318.79 ,3019.83 ,70.90 ,5.70 ,0.9,12.44 ,216.42 ,115.02 ,1.88 ,8.01 ,43,42,58.40 
1669,182,A4,-90.08 ,46.47 ,492,4.25 ,878.00 ,916,D,Forest,GC,site 182,96.07 ,579.19 ,31.03 ,2.31 ,0.7,13.43 ,189.01 ,102.05 ,1.85 ,4.36 ,25,69,4
1670,182,A4,-90.08 ,46.47 ,492,4.25 ,878.00 ,916,D,Forest,GC,site 182,61.00 ,540.36 ,27.96 ,1.89 ,0.7,14.79 ,189.01 ,102.05 ,1.85 ,4.74 ,25,69,4
1671,182,A4,-90.08 ,46.47 ,492,4.25 ,878.00 ,916,D,Forest,GC,site 182,39.81 ,494.01 ,29.14 ,1.75 ,0.7,16.65 ,189.01 ,102.05 ,1.85 ,3.73 ,25,69,4
1672,183,A4,126.63 ,47.43 ,197,1.50 ,550.00 ,1046,D,Cropland,GC,site 183,60.75 ,1065.42 ,25.63 ,1.99 ,0.9,12.88 ,248.78 ,85.80 ,2.90 ,6.02 ,53,22,24
1673,183,A4,126.63 ,47.43 ,197,1.50 ,550.00 ,1046,D,Cropland,GC,site 183,74.77 ,1158.88 ,26.45 ,2.08 ,0.9,12.72 ,248.78 ,85.80 ,2.90 ,5.88 ,53,22,24
1674,183,A4,126.63 ,47.43 ,197,1.50 ,550.00 ,1046,D,Cropland,GC,site 183,70.09 ,1154.21 ,28.83 ,2.20 ,0.9,13.10 ,248.78 ,85.80 ,2.90 ,5.94 ,53,22,24
1675,183,A4,126.63 ,47.43 ,197,1.50 ,550.00 ,1046,D,Cropland,GC,site 183,79.44 ,1214.95 ,29.36 ,2.29 ,0.9,12.82 ,248.78 ,85.80 ,2.90 ,6.04 ,53,22,24
1676,183,A4,126.63 ,47.43 ,197,1.50 ,550.00 ,1046,D,Cropland,GC,site 183,70.09 ,1280.37 ,30.25 ,2.51 ,0.9,12.05 ,248.78 ,85.80 ,2.90 ,6.11 ,53,22,24
1677,183,A4,126.63 ,47.43 ,197,1.50 ,530.00 ,1046,D,Cropland,GC,site 183,58.60 ,1089.00 ,27.23 ,2.18 ,0.9,12.49 ,248.78 ,85.80 ,2.90 ,6.12 ,53,22,40.80 
1678,183,A4,126.63 ,47.43 ,197,1.50 ,530.00 ,1046,D,Cropland,GC,site 183,64.40 ,1135.00 ,27.77 ,2.13 ,0.9,13.04 ,248.78 ,85.80 ,2.90 ,6.05 ,53,22,40.80 
1679,183,A4,126.63 ,47.43 ,197,1.50 ,530.00 ,1046,D,Cropland,GC,site 183,66.60 ,1167.00 ,28.79 ,2.22 ,0.9,12.97 ,248.78 ,85.80 ,2.90 ,5.89 ,53,22,40.80 
1680,183,A4,126.63 ,47.43 ,197,1.50 ,530.00 ,1046,D,Cropland,GC,site 183,71.00 ,1120.00 ,28.44 ,2.17 ,0.9,13.11 ,248.78 ,85.80 ,2.90 ,5.78 ,53,22,40.80 
1681,183,A4,126.63 ,47.43 ,197,1.50 ,530.00 ,1046,D,Cropland,GC,site 183,88.90 ,1179.00 ,29.79 ,2.41 ,0.9,12.36 ,248.78 ,85.80 ,2.90 ,6.10 ,53,22,40.80 
1682,184,A4,9.98 ,51.28 ,219,8.30 ,550.00 ,810,D,Cropland,LC,site 184-1,27.20 ,317.00 ,14.40 ,1.23 ,0.6,11.71 ,319.52 ,58.15 ,5.49 ,7.80 ,38,52,14.10 
1683,184,A4,9.87 ,51.32 ,276,8.50 ,630.00 ,805,D,Cropland,LC,site 184-2,24.20 ,316.00 ,10.60 ,1.12 ,0.6,9.46 ,319.52 ,58.15 ,5.49 ,7.90 ,31,13,17.50 
1684,185,A4,124.80 ,43.50 ,207,5.47 ,605.00 ,1169,D,Cropland,GC,site 185,79.89 ,879.60 ,15.60 ,1.50 ,1.2,10.40 ,299.33 ,72.27 ,4.14 ,6.10 ,48,34,18
1685,186,A4,123.40 ,41.52 ,42,8.16 ,677.00 ,1190,D,Cropland,GC,site 186-1,15.00 ,495.00 ,10.02 ,1.21 ,0.9,8.28 ,285.00 ,52.32 ,5.45 ,6.00 ,48,34,19
1686,186,A4,124.67 ,43.60 ,167,5.49 ,573.00 ,1183,D,Cropland,GC,site 186-2,35.30 ,572.23 ,12.51 ,1.52 ,0.7,8.23 ,299.33 ,72.27 ,4.14 ,6.10 ,52,22,26
1687,187,A4,123.40 ,41.52 ,42,7.50 ,700.00 ,1190,D,Cropland,GC,site 187,31.80 ,586.00 ,10.01 ,1.21 ,0.9,8.27 ,285.00 ,52.32 ,5.45 ,7.0,48,34,19
1688,188,A4,126.63 ,47.43 ,197,1.50 ,550.00 ,1046,D,Cropland,GC,site 188,86.80 ,1037.00 ,27.10 ,2.12 ,0.9,12.78 ,248.78 ,85.80 ,2.90 ,6.10 ,53,22,41.00 
1689,188,A4,126.63 ,47.43 ,197,1.50 ,550.00 ,1046,D,Cropland,GC,site 188,89.90 ,1105.00 ,29.20 ,2.23 ,0.9,13.09 ,248.78 ,85.80 ,2.90 ,6.10 ,53,22,41.00 
1690,188,A4,126.63 ,47.43 ,197,1.50 ,550.00 ,1046,D,Cropland,GC,site 188,105.00 ,1422.00 ,33.40 ,3.30 ,0.9,10.12 ,248.78 ,85.80 ,2.90 ,6.10 ,53,22,41.00 
1691,189,A4,125.55 ,42.20 ,560,4.40 ,550.00 ,1069,D,Cropland,GC,site 189,78.88 ,415.75 ,15.01 ,4.3,1.1,3.49 ,252.82 ,89.23 ,2.83 ,6.49 ,45,39,35.78 
1692,189,A4,125.55 ,42.20 ,560,4.40 ,550.00 ,1069,D,Cropland,GC,site 189,113.80 ,725.33 ,17.61 ,4.3,1.1,4.10 ,252.82 ,89.23 ,2.83 ,6.49 ,45,39,35.78 
1693,189,A4,125.55 ,42.20 ,560,4.40 ,550.00 ,1069,D,Cropland,GC,site 189,111.83 ,618.85 ,17.02 ,4.3,1.1,3.96 ,252.82 ,89.23 ,2.83 ,6.49 ,45,39,35.78 
1694,190,A4,126.63 ,47.43 ,197,1.50 ,550.00 ,1046,D,Cropland,GC,site 190,108.56 ,1102.24 ,29.42 ,2.14 ,0.9,13.75 ,248.78 ,85.80 ,2.90 ,5.44 ,53,22,42.00 
1695,190,A4,126.63 ,47.43 ,197,1.50 ,550.00 ,1046,D,Cropland,GC,site 190,22.15 ,247.42 ,6.99 ,0.51 ,0.9,13.71 ,248.78 ,85.80 ,2.90 ,6.54 ,53,22,42.00 
1696,190,A4,126.63 ,47.43 ,197,1.50 ,550.00 ,1046,D,Cropland,GC,site 190,22.15 ,276.04 ,7.87 ,0.67 ,0.9,11.75 ,248.78 ,85.80 ,2.90 ,5.96 ,53,22,42.00 
1697,190,A4,126.63 ,47.43 ,197,1.50 ,550.00 ,1046,D,Cropland,GC,site 190,31.02 ,568.65 ,10.79 ,0.89 ,0.9,12.12 ,248.78 ,85.80 ,2.90 ,5.71 ,53,22,42.00 
1698,190,A4,126.63 ,47.43 ,197,1.50 ,550.00 ,1046,D,Cropland,GC,site 190,33.23 ,565.49 ,12.28 ,1.14 ,0.9,10.77 ,248.78 ,85.80 ,2.90 ,5.60 ,53,22,42.00 
1699,190,A4,126.63 ,47.43 ,197,1.50 ,550.00 ,1046,D,Grassland,GC,site 190,35.45 ,481.25 ,11.09 ,1.07 ,0.9,10.36 ,248.78 ,85.80 ,2.90 ,6.32 ,53,22,42.00 
1700,191,A4,-103.85 ,49.65 ,567,3.72 ,406.00 ,1069,D,Grassland,GC,site 191,69.00 ,1677.00 ,42.30 ,4.23 ,0.5,10.00 ,204.63 ,85.02 ,2.41 ,6.8,33,46,21
1701,192,A4,126.63 ,47.43 ,197,1.50 ,550.00 ,1046,D,Cropland,GC,site 192,70.86 ,1155.87 ,26.40 ,2.08 ,0.9,12.69 ,248.78 ,85.80 ,2.90 ,5.84 ,53,22,41.00 
1702,192,A4,126.63 ,47.43 ,197,1.50 ,550.00 ,1046,D,Cropland,GC,site 192,70.15 ,1150.67 ,28.80 ,2.20 ,0.9,13.09 ,248.78 ,85.80 ,2.90 ,5.94 ,53,22,41.00 
1703,192,A4,126.63 ,47.43 ,197,1.50 ,550.00 ,1046,D,Cropland,GC,site 192,79.09 ,1208.91 ,29.40 ,2.34 ,0.9,12.56 ,248.78 ,85.80 ,2.90 ,6.03 ,53,22,41.00 
1704,192,A4,126.63 ,47.43 ,197,1.50 ,550.00 ,1046,D,Cropland,GC,site 192,70.41 ,1275.29 ,30.20 ,2.61 ,0.9,11.57 ,248.78 ,85.80 ,2.90 ,6.13 ,53,22,41.00 
1705,193,A4,9.98 ,50.38 ,686,7.15 ,690.00 ,822,D,Grassland,LC,site 193,47.00 ,883.00 ,16.80 ,1.40 ,0.6,12.00 ,318.26 ,58.00 ,5.49 ,4.67 ,38,52,8.00 
1706,193,A4,9.98 ,50.38 ,686,7.15 ,690.00 ,822,D,Grassland,LC,site 193,75.00 ,1035.00 ,36.20 ,2.70 ,0.6,13.41 ,318.26 ,58.00 ,5.49 ,5.35 ,38,52,13.00 
1707,194,A4,-88.32 ,40.10 ,222,11.10 ,1042.00 ,1210,D,Cropland,GC,site 194-1,33.38 ,1165.72 ,17.22 ,1.9,0.5,9.06 ,254.20 ,68.95 ,3.69 ,6.4,70,12,18
1708,194,A4,-88.32 ,40.10 ,222,11.10 ,1042.00 ,1210,D,Cropland,GC,site 194-1,39.39 ,1205.67 ,18.14 ,1.9,0.5,9.55 ,254.20 ,68.95 ,3.69 ,6.4,70,12,18
1709,194,A4,-88.32 ,40.10 ,222,11.10 ,1042.00 ,1210,D,Cropland,GC,site 194-1,37.01 ,1165.60 ,15.92 ,1.9,0.5,8.38 ,254.20 ,68.95 ,3.69 ,6.4,70,12,18
1710,194,A4,108.47 ,35.47 ,1306,9.20 ,548.00 ,1188,D,Cropland,GC,site 194-2,32.37 ,400.18 ,8.34 ,1.00 ,0.9,8.34 ,141.06 ,82.59 ,1.71 ,8.08 ,56,25,19
1711,194,A4,-88.32 ,40.10 ,222,11.10 ,1042.00 ,1210,D,Grassland,GC,site 194-1,38.39 ,1186.72 ,16.23 ,1.9,0.5,8.54 ,254.20 ,68.95 ,3.69 ,6.4,70,12,18
1712,194,A4,-88.32 ,40.10 ,222,11.10 ,1042.00 ,1210,D,Grassland,GC,site 194-1,43.56 ,1313.39 ,19.14 ,1.9,0.5,10.07 ,254.20 ,68.95 ,3.69 ,6.4,70,12,18
1713,194,A4,-88.32 ,40.10 ,222,11.10 ,1042.00 ,1210,D,Grassland,GC,site 194-1,44.31 ,1403.41 ,19.23 ,1.9,0.5,10.12 ,254.20 ,68.95 ,3.69 ,6.4,70,12,18
1714,195,A4,3.57 ,50.62 ,57,9.90 ,780.00 ,817,C,Cropland,LC,site 195,165.06 ,677.56 ,14.90 ,1.52 ,0.5,9.80 ,145.11 ,85.37 ,1.70 ,6.6,52,40,15.40 
1715,195,A4,3.57 ,50.62 ,57,9.90 ,780.00 ,817,C,Cropland,LC,site 195,131.14 ,534.91 ,11.10 ,1.20 ,0.5,9.25 ,145.11 ,85.37 ,1.70 ,6.6,52,40,17.30 
1716,196,A4,96.67 ,40.80 ,1573,10.90 ,792.00 ,1810,B,Grassland,GC,site 196,223.36 ,2994.42 ,40.49 ,3.46 ,0.6,11.70 ,342.18 ,42.09 ,8.13 ,8.4,55,32,13
1717,196,A4,96.67 ,40.80 ,1573,10.90 ,792.00 ,1810,B,Forest,GC,site 196,146.68 ,2964.48 ,44.78 ,3.79 ,0.6,11.80 ,342.18 ,42.09 ,8.13 ,8.4,55,32,13
1718,197,A4,126.63 ,47.43 ,197,1.50 ,550.00 ,1046,D,Cropland,GC,site 197,60.75 ,1065.42 ,25.63 ,1.99 ,0.9,12.88 ,248.78 ,85.80 ,2.90 ,6.02 ,53,22,24
1719,197,A4,126.63 ,47.43 ,197,1.50 ,550.00 ,1046,D,Cropland,GC,site 197,74.77 ,1158.88 ,26.45 ,2.08 ,0.9,12.72 ,248.78 ,85.80 ,2.90 ,5.88 ,53,22,24
1720,197,A4,126.63 ,47.43 ,197,1.50 ,550.00 ,1046,D,Cropland,GC,site 197,70.09 ,1154.21 ,28.83 ,2.20 ,0.9,13.10 ,248.78 ,85.80 ,2.90 ,5.94 ,53,22,24
1721,197,A4,126.63 ,47.43 ,197,1.50 ,550.00 ,1046,D,Cropland,GC,site 197,79.44 ,1214.95 ,29.36 ,2.29 ,0.9,12.82 ,248.78 ,85.80 ,2.90 ,6.04 ,53,22,24
1722,197,A4,126.63 ,47.43 ,197,1.50 ,550.00 ,1046,D,Cropland,GC,site 197,70.09 ,1280.37 ,30.25 ,2.51 ,0.9,12.05 ,248.78 ,85.80 ,2.90 ,6.11 ,53,22,24
1723,197,A4,126.63 ,47.43 ,197,1.50 ,530.00 ,1046,D,Cropland,GC,site 197,58.60 ,1089.00 ,27.23 ,2.18 ,0.9,12.49 ,248.78 ,85.80 ,2.90 ,6.12 ,53,22,40.80 
1724,197,A4,126.63 ,47.43 ,197,1.50 ,530.00 ,1046,D,Cropland,GC,site 197,64.40 ,1135.00 ,27.77 ,2.13 ,0.9,13.04 ,248.78 ,85.80 ,2.90 ,6.05 ,53,22,40.80 
1725,197,A4,126.63 ,47.43 ,197,1.50 ,530.00 ,1046,D,Cropland,GC,site 197,66.60 ,1167.00 ,28.79 ,2.22 ,0.9,12.97 ,248.78 ,85.80 ,2.90 ,5.89 ,53,22,40.80 
1726,197,A4,126.63 ,47.43 ,197,1.50 ,530.00 ,1046,D,Cropland,GC,site 197,71.00 ,1120.00 ,28.44 ,2.17 ,0.9,13.11 ,248.78 ,85.80 ,2.90 ,5.78 ,53,22,40.80 
1727,197,A4,126.63 ,47.43 ,197,1.50 ,530.00 ,1046,D,Cropland,GC,site 197,88.90 ,1179.00 ,29.79 ,2.41 ,0.9,12.36 ,248.78 ,85.80 ,2.90 ,6.10 ,53,22,40.80 
1728,198,A4,9.93 ,51.53 ,156,8.80 ,725.00 ,828,D,Cropland,LC,site 198-1,77.48 ,823.17 ,20.07 ,1.96 ,0.6,10.24 ,315.74 ,57.14 ,5.53 ,7.42 ,38,52,6.20 
1729,198,A4,9.87 ,51.32 ,276,8.50 ,630.00 ,805,D,Cropland,LC,site 198-2,39.60 ,425.00 ,9.80 ,1.00 ,0.6,9.80 ,319.52 ,58.15 ,5.49 ,6.49 ,31,13,5.90 
1730,198,A4,9.95,48.47 ,604,7.73 ,836.00 ,823,C,Cropland,LC,site 198-3,53.27 ,749.67 ,18.03 ,1.97 ,0.5,9.15 ,312.39 ,68.09 ,4.59 ,7.49 ,33,48,16.63 
1731,198,A4,11.10 ,51.35 ,134,8.67 ,586.00 ,844,D,Cropland,LC,site 198-4,55.40 ,710.00 ,11.70 ,1.31 ,0.5,8.93 ,164.55 ,86.16 ,1.91 ,7.47 ,55,23,2.80 
1732,198,A4,9.93 ,51.53 ,156,8.80 ,725.00 ,828,D,Grassland,LC,site 198-5,108.00 ,1386.33 ,33.05 ,2.93 ,0.6,11.28 ,315.74 ,57.14 ,5.53 ,6.93 ,38,52,17.22 
1733,198,A4,9.98 ,50.88 ,278,8.20 ,735.00 ,803,D,Grassland,LC,site 198-6,62.10 ,878.00 ,45.40 ,3.58 ,0.6,12.68 ,321.12 ,58.05 ,5.53 ,5.22 ,41,44,54.00 
1734,198,A4,9.87 ,51.32 ,276,8.50 ,630.00 ,805,D,Grassland,LC,site 198-7,122.05 ,1915.00 ,43.05 ,3.64 ,0.6,11.84 ,319.52 ,58.15 ,5.49 ,5.20 ,31,13,13.05 
1735,198,A4,9.95,48.47 ,604,7.73 ,836.00 ,823,C,Grassland,LC,site 198-8,61.02 ,1160.20 ,37.56 ,3.17 ,0.5,11.84 ,312.39 ,68.09 ,4.59 ,7.60 ,33,48,11.36 
1736,198,A4,8.48 ,53.48 ,3,9.16 ,731.00 ,774,C,Grassland,LC,site 198-9,274.75 ,3795.50 ,74.07 ,6.92 ,0.5,10.70 ,220.26 ,50.75 ,4.34 ,4.99 ,46,11,17.97 
1737,198,A4,9.93 ,51.53 ,156,8.80 ,725.00 ,828,D,Forest,LC,site 198-10,67.90 ,1490.13 ,59.39 ,3.77 ,0.6,15.75 ,315.74 ,57.14 ,5.53 ,5.53 ,38,52,40.90 
1738,198,A4,9.77 ,51.50 ,338,8.16 ,838.00 ,793,D,Forest,LC,site 198-11,36.15 ,983.75 ,44.20 ,2.26 ,0.6,19.60 ,315.74 ,57.14 ,5.53 ,3.94 ,35,42,56.58 
1739,198,A4,9.85 ,51.33 ,200,8.35 ,780.00 ,796,D,Forest,LC,site 198-12,121.40 ,1895.00 ,128.30 ,5.19 ,0.6,24.72 ,319.52 ,58.15 ,5.49 ,3.51 ,31,13,4.40 
1740,199,A4,11.75 ,48.83 ,354,7.40 ,803.00 ,847,D,Cropland,LC,site 199,42.70 ,658.00 ,12.30 ,1.33 ,0.5,9.25 ,131.92 ,92.54 ,1.43 ,7.1,53,28,23.00 
1741,199,A4,11.75 ,48.83 ,354,7.40 ,803.00 ,847,D,Cropland,LC,site 199,40.10 ,617.00 ,13.00 ,1.46 ,0.5,8.90 ,131.92 ,92.54 ,1.43 ,7.1,53,28,19.00 
1742,200,A4,-88.32 ,40.10 ,222,11.10 ,1042.00 ,1210,D,Cropland,GC,site 200,33.38 ,1165.72 ,17.22 ,1.9,0.5,9.06 ,254.20 ,68.95 ,3.69 ,6.4,70,12,18
1743,200,A4,-88.32 ,40.10 ,222,11.10 ,1042.00 ,1210,D,Cropland,GC,site 200,39.39 ,1205.67 ,18.14 ,1.9,0.5,9.55 ,254.20 ,68.95 ,3.69 ,6.4,70,12,18
1744,200,A4,-88.32 ,40.10 ,222,11.10 ,1042.00 ,1210,D,Cropland,GC,site 200,37.01 ,1165.60 ,15.92 ,1.9,0.5,8.38 ,254.20 ,68.95 ,3.69 ,6.4,70,12,18
1745,200,A4,108.47 ,35.47 ,1306,9.20 ,548.00 ,1188,D,Cropland,GC,site 200-2,32.37 ,400.18 ,8.34 ,1.00 ,0.9,8.34 ,141.06 ,82.59 ,1.71 ,8.08 ,56,25,19
1746,200,A4,-88.32 ,40.10 ,222,11.10 ,1042.00 ,1210,D,Grassland,GC,site 200,38.39 ,1186.72 ,16.23 ,1.9,0.5,8.54 ,254.20 ,68.95 ,3.69 ,6.4,70,12,18
1747,200,A4,-88.32 ,40.10 ,222,11.10 ,1042.00 ,1210,D,Grassland,GC,site 200,43.56 ,1313.39 ,19.14 ,1.9,0.5,10.07 ,254.20 ,68.95 ,3.69 ,6.4,70,12,18
1748,200,A4,-88.32 ,40.10 ,222,11.10 ,1042.00 ,1210,D,Grassland,GC,site 200,44.31 ,1403.41 ,19.23 ,1.9,0.5,10.12 ,254.20 ,68.95 ,3.69 ,6.4,70,12,18
1749,201,A4,-82.73 ,42.22 ,186,9.15 ,898.00 ,1105,D,Cropland,GC,site 201-1,106.60 ,934.90 ,19.10 ,2.10 ,1.0,9.10 ,156.01 ,78.46 ,1.99 ,5.4,46,21,37.00 
1750,201,A4,128.08 ,42.38 ,789,2.58 ,691.00 ,919,D,Forest,GC,site 201-2,412.54 ,7204.82 ,171.05 ,11.50 ,0.7,14.87 ,243.31 ,47.02 ,5.17 ,5.10 ,53,25,22
1751,201,A4,128.15 ,42.15 ,1247,0.27 ,811.00 ,864,D,Forest,GC,site 201-3,108.34 ,2441.40 ,59.63 ,3.10 ,1.2,19.23 ,243.31 ,47.02 ,5.17 ,4.57 ,40,43,17
1752,201,A4,128.07 ,41.07 ,1784,-2.29 ,967.00 ,795,D,Forest,GC,site 201-4,111.93 ,2956.69 ,96.53 ,4.55 ,0.6,21.21 ,191.67 ,25.67 ,7.47 ,3.95 ,38,41,20
1753,201,A4,128.07 ,41.05 ,1317,-3.31 ,1038.00 ,825,D,Forest,GC,site 201-5,122.71 ,2698.75 ,65.39 ,4.25 ,0.6,15.39 ,191.67 ,25.67 ,7.47 ,4.59 ,38,41,20
1754,202,A4,-119.57 ,37.72 ,1920,13.60 ,1030.00 ,1680,C,Forest,GC,site 202,78.18 ,560.44 ,80.88 ,1.3,0.4,62.22 ,341.39 ,44.31 ,7.70 ,4.8,17,71,26.80 
1755,202,A4,-119.57 ,37.72 ,1920,9.10 ,1150.00 ,1680,C,Forest,GC,site 202,75.17 ,342.86 ,28.55 ,1.3,0.4,21.96 ,341.39 ,44.31 ,7.70 ,4.8,17,71,6.30 
1756,202,A4,-119.57 ,37.72 ,1920,6.70 ,1350.00 ,1680,C,Forest,GC,site 202,39.28 ,547.25 ,41.76 ,1.3,0.4,32.12 ,341.39 ,44.31 ,7.70 ,4.8,17,71,6.70 
1757,202,A4,-119.57 ,37.72 ,1920,6.70 ,1350.00 ,1680,C,Forest,GC,site 202,38.74 ,375.82 ,24.85 ,1.3,0.4,19.11 ,341.39 ,44.31 ,7.70 ,4.8,17,71,8.70 
1758,202,A4,-119.57 ,37.72 ,1920,6.70 ,1350.00 ,1680,C,Forest,GC,site 202,57.73 ,731.87 ,67.14 ,1.3,0.4,51.64 ,341.39 ,44.31 ,7.70 ,4.8,17,71,7.70 
1759,203,A4,128.01 ,42.37 ,814,2.90 ,700.00 ,909,D,Forest,GC,site 203,223.59 ,5395.76 ,139.09 ,7.49 ,0.7,18.56 ,243.31 ,47.02 ,5.17 ,5.75 ,55,25,20
1760,203,A4,128.01 ,42.37 ,814,2.90 ,700.00 ,909,D,Forest,GC,site 203,301.53 ,6797.56 ,167.00 ,10.06 ,0.7,16.60 ,243.31 ,47.02 ,5.17 ,5.66 ,55,25,20
1761,203,A4,128.01 ,42.37 ,814,2.90 ,700.00 ,909,D,Forest,GC,site 203,308.61 ,7334.95 ,189.75 ,11.01 ,0.7,17.23 ,243.31 ,47.02 ,5.17 ,5.50 ,55,25,20
1762,203,A4,128.01 ,42.37 ,814,2.90 ,700.00 ,909,D,Forest,GC,site 203,314.54 ,7536.74 ,190.39 ,10.61 ,0.7,17.95 ,243.31 ,47.02 ,5.17 ,5.61 ,55,25,20
1763,203,A4,128.01 ,42.37 ,814,2.90 ,700.00 ,909,D,Forest,GC,site 203,285.34 ,6337.80 ,176.01 ,10.23 ,0.7,17.21 ,243.31 ,47.02 ,5.17 ,6.06 ,55,25,20
1764,204,A4,11.75 ,48.83 ,354,7.40 ,803.00 ,847,D,Cropland,LC,site 204,50.00 ,697.00 ,13.20 ,1.47 ,0.5,8.98 ,131.92 ,92.54 ,1.43 ,7.1,53,28,19
1765,204,A4,11.75 ,48.83 ,354,7.40 ,803.00 ,847,D,Cropland,LC,site 204,60.00 ,816.00 ,12.70 ,1.57 ,0.5,8.09 ,131.92 ,92.54 ,1.43 ,7.1,53,28,19
1766,204,A4,11.75 ,48.83 ,354,7.40 ,803.00 ,847,D,Cropland,LC,site 204,48.00 ,671.00 ,11.90 ,1.37 ,0.5,8.69 ,131.92 ,92.54 ,1.43 ,7.1,53,28,19
1767,204,A4,11.75 ,48.83 ,354,7.40 ,803.00 ,847,D,Cropland,LC,site 204,63.00 ,841.00 ,14.00 ,1.67 ,0.5,8.38 ,131.92 ,92.54 ,1.43 ,7.1,53,28,19
1768,205,A4,-88.06666667,42.68 ,246,8.21 ,870.00 ,1067,D,Cropland,GC,site 205,30.20 ,621.60 ,23.30 ,2.30 ,0.5,10.13 ,153.13 ,87.58 ,1.75 ,6.76 ,51,23,16.80 
1769,205,A4,-88.06666667,42.68 ,246,8.21 ,870.00 ,1067,D,Grassland,GC,site 205,28.70 ,523.50 ,14.90 ,1.40 ,0.5,10.64 ,153.13 ,87.58 ,1.75 ,6.41 ,51,23,18.20 
1770,205,A4,-88.06666667,42.68 ,246,8.21 ,870.00 ,1067,D,Grassland,GC,site 205,31.70 ,506.30 ,20.30 ,1.90 ,0.5,10.68 ,153.13 ,87.58 ,1.75 ,6.60 ,51,23,17.20 
1771,206,A4,-82.73 ,42.22 ,186,9.15 ,898.00 ,1105,D,Cropland,GC,site 206-1,106.60 ,934.90 ,19.10 ,2.10 ,1.0,9.10 ,156.01 ,78.46 ,1.99 ,5.4,46,21,37.00 
1772,206,A4,128.08 ,42.38 ,789,2.58 ,691.00 ,919,D,Forest,GC,site 206-2,412.54 ,7204.82 ,171.05 ,11.50 ,0.7,14.87 ,243.31 ,47.02 ,5.17 ,5.10 ,53,25,22
1773,206,A4,128.15 ,42.15 ,1247,0.27 ,811.00 ,864,D,Forest,GC,site 206-3,108.34 ,2441.40 ,59.63 ,3.10 ,1.2,19.23 ,243.31 ,47.02 ,5.17 ,4.57 ,40,43,17
1774,206,A4,128.07 ,41.07 ,1784,-2.29 ,967.00 ,795,D,Forest,GC,site 206-4,111.93 ,2956.69 ,96.53 ,4.55 ,0.6,21.21 ,191.67 ,25.67 ,7.47 ,3.95 ,38,41,20
1775,206,A4,128.07 ,41.05 ,1317,-3.31 ,1038.00 ,825,D,Forest,GC,site 206-5,122.71 ,2698.75 ,65.39 ,4.25 ,0.6,15.39 ,191.67 ,25.67 ,7.47 ,4.59 ,38,41,20
1776,207,A5,125.27,48.97,315,3.30,525.00,994,D,Grassland,GC,"Keshan Farm, in Heilongjiang province of northeastern Chi",0.11 ,1.90 ,35.56 ,2.85,0.9,12.48 ,227.24 ,99.50 ,2.28 ,6.8,49,27,24
1777,208,A5,115.42,40.00,1112,5.55,502.50,1402,B,forest,GC,Mt. Dongling in northern Chi,0.11 ,2.90 ,67.20 ,5.18,0.6,12.97 ,105.80 ,80.19 ,1.32 ,7.8,43,39,18
1778,208,A5,115.42,40.00,1112,5.55,502.50,1402,B,forest,GC,Mt. Dongling in northern Chi,0.08 ,1.99 ,42.10 ,2.98,0.6,14.13 ,105.80 ,80.19 ,1.32 ,7.8,43,39,18
1779,210,A5,123.93,42.38,65,7.38 ,636,1202,D,Grassland,GC,"An apple orchard in Shenyang Agricultural University,Chi",0.10 ,2.04 ,49.88399072,3.248259861,0.7,15.36 ,190.79 ,81.88 ,2.33 ,6.30,36,48,17
1780,210,A5,123.93,42.38,65,7.38 ,636,1202,D,Grassland,GC,"An apple orchard in Shenyang Agricultural University,Chi",0.09 ,1.53 ,49.88399072,3.248259861,0.7,15.36 ,190.79 ,81.88 ,2.33 ,6.30,36,48,17
1781,210,A5,123.93,42.38,65,7.38 ,636,1202,D,Grassland,GC,"An apple orchard in Shenyang Agricultural University,Chi",0.08 ,1.69 ,49.88399072,3.248259861,0.7,15.36 ,190.79 ,81.88 ,2.33 ,6.30,36,48,17
1782,211,A5,126.92,47.45,233,5.50,220.00,1037,D,Grassland,LC,"Hailun State Key Agroecological Experimental Station of the Chinese Academy of Sciences, Hailun, Heilongjiang Province",0.08 ,1.48 ,35.70 ,2.86,0.4,12.48 ,248.78 ,85.80 ,2.90 ,8.4,42,37,21
1783,213,A5,38.75,7.58,1585,19.00,1250.00,1831,B,forest,GC,berera area of the Masai plains in the northern Tanzanian dry belt,0.05 ,0.76 ,18.70 ,1.83,0.7,10.22 ,510.11 ,59.75 ,8.54 ,7.4,38,36,25
1784,213,A5,38.75,7.58,1585,19.00,1250.00,1831,B,forest,GC,berera area of the Masai plains in the northern Tanzanian dry belt,0.02 ,0.43 ,13.80 ,1.22,0.7,11.31 ,510.11 ,59.75 ,8.54 ,7.4,38,36,25
1785,214,A5,-122.075,37.25,403,14.17 ,792,1587,C,Grassland,GC,"Wisconsin, USA",0.03 ,0.52 ,14.90 ,1.4,0.5,10.64 ,367.79 ,41.71 ,8.82 ,6.7,54,19,27
1786,214,A5,-122.075,37.25,403,14.17 ,792,1587,C,Grassland,GC,"Wisconsin, USA",0.03 ,0.51 ,20.30 ,1.9,0.5,10.68 ,367.79 ,41.71 ,8.82 ,6.7,54,19,27
1787,215,A6,111.52 ,29.25 ,92.00 ,16.50 ,1447.90 ,1210,C,Cropland,GC,"Taoyuan, Hun",0.05 ,0.77 ,17.00 ,1.60 ,0.5,10.30 ,165.65 ,54.76 ,3.03 ,5.36 ,6.30 ,63.10 ,30.60 
1788,215,A6,111.52 ,29.25 ,92.00 ,16.50 ,1447.90 ,1210,C,Cropland,GC,"Taoyuan, Hun",0.05 ,0.78 ,17.00 ,1.60 ,0.5,10.30 ,165.65 ,54.76 ,3.03 ,5.36 ,6.30 ,63.10 ,30.60 
1789,215,A6,111.52 ,29.25 ,92.00 ,16.50 ,1447.90 ,1210,C,Cropland,GC,"Taoyuan, Hun",0.05 ,0.76 ,17.00 ,1.60 ,0.5,10.30 ,165.65 ,54.76 ,3.03 ,5.36 ,6.30 ,63.10 ,30.60 
1790,215,A6,111.52 ,29.25 ,92.00 ,16.50 ,1447.90 ,1210,C,Cropland,GC,"Taoyuan, Hun",0.05 ,0.77 ,17.00 ,1.60 ,0.5,10.30 ,165.65 ,54.76 ,3.03 ,5.36 ,6.30 ,63.10 ,30.60 
1791,215,A6,111.52 ,29.25 ,92.00 ,16.50 ,1447.90 ,1210,C,Cropland,GC,"Taoyuan, Hun",0.10 ,0.86 ,17.00 ,1.60 ,0.5,10.30 ,165.65 ,54.76 ,3.03 ,5.36 ,6.30 ,63.10 ,30.60 